target_id,persona_name,S+C+_subject,S+C+_body,S+C-_subject,S+C-_body,S-C+_subject,S-C+_body,S-C-_subject,S-C-_body
per-001,Dr. Jack O'Brien,Invitation: Keynote & Special Issue on Advanced Encrypted Traffic Analysis (IEEE CNS 2024),"Dear Dr. Jack O'Brien,

I am reaching out as the Program Chair for the IEEE Conference on Communications and Network Security (CNS 2024), to be held at the International Convention Centre Sydney from 16–19 September 2024. Your pioneering work on encrypted traffic analysis, particularly your joint publication with Dr. Liam Nguyen (University of Queensland) in IEEE Transactions on Information Forensics and Security (Vol. 19, Issue 2, Feb 2024), has been highly influential in shaping current research directions. I was also impressed by your keynote at the 2023 Australasian Cybersecurity Conference in Melbourne and your recent ARC Discovery Grant (DP230101234) on anomaly detection in encrypted networks.

We are curating a special issue on ""Emerging Techniques in Encrypted Traffic Analysis and Secure Routing"" for the IEEE CNS 2024 proceedings. We would be honored if you could submit an extended abstract (1,000–1,500 words) by 15 July 2024, or alternatively serve as a guest reviewer. Please confirm your interest by replying to this email, and I will provide submission guidelines and reviewer access credentials.

Best regards,
Dr. Emily Carter
Program Chair, IEEE CNS 2024",Invitation: International Workshop on Emerging Computer Science Trends (IWECST 2024),"Dear Esteemed Colleague,

On behalf of the Organizing Committee, we are pleased to invite you to participate in the International Workshop on Emerging Computer Science Trends (IWECST 2024), scheduled for September 18-20, 2024, at the Grand Academic Conference Center, hosted by the Institute of Advanced Computational Studies, in collaboration with the Journal of Modern Informatics and the Global Association for Digital Innovation.

The workshop will feature keynote addresses by Prof. Linda K. Morrison (University of Northwood), Dr. Samuel T. Lee (Pacific Technical Institute), and Dr. Priya Nand (European Center for Computing Research). Sessions will cover a broad range of current topics in computer science, with opportunities for networking and knowledge exchange.

We encourage you to submit an abstract or register as a participant by July 31, 2024. For further details, please visit our official website: www.iwecst2024-conference.org.

We look forward to your valued participation in this significant academic event.

Sincerely,
Dr. Michael J. Evans
Workshop Coordinator, IWECST 2024",Question about your encrypted traffic analysis work,"I read your recent paper on encrypted traffic analysis. Your approach to secure routing and network anomaly detection is very relevant to my current project. I am interested in discussing possible collaboration or feedback on related methods. If you are open to sharing insights or suggestions, please let me know.",Invitation to Workshop on Computer Science Trends,You are invited to join a workshop about new trends in computer science. The event will cover general topics and updates. Please see the attached file for more details. Let us know if you are interested in attending. Thank you for your time.
per-002,Dr. Heather Campbell,"Panel Invitation: IEEE CNS 2024 – Advances in IoT Intrusion Detection (Oct 17, Toronto)","Dear Dr. Campbell,

I am reaching out as the Program Chair for the IEEE Conference on Communications and Network Security (CNS 2024), scheduled for October 15–18, 2024, at the Metro Toronto Convention Centre. Your recent publication, “Adaptive Intrusion Detection Systems for IoT Networks,” co-authored with Dr. Michael Chen (BC Research University) in the April 2024 issue of IEEE Transactions on Network and Service Management, has garnered significant attention among our technical committee, particularly for its innovative approach to resilient network architectures. We also noted your successful NSERC Discovery Grant (2023–2028) and your ongoing collaboration with Dr. Amina Patel on secure routing protocols.

Given your expertise, we would be honored to invite you as a panelist for the session ""Emerging Threats and Defenses in IoT Security,"" alongside Prof. Rajiv Menon (University of Waterloo) and Dr. Lisa Huang (McGill). Kindly confirm your availability by July 12, 2024, via the secure RSVP link below to facilitate travel arrangements and inclusion in the official program.

We look forward to your valuable insights.

Best regards,

Dr. Samuel Wright
Program Chair, IEEE CNS 2024",Invitation to Review Manuscript for International Journal of Advanced Research Studies,"Dear Esteemed Colleague,

On behalf of the Editorial Board of the International Journal of Advanced Research Studies (IJARS), we are pleased to invite you to serve as a reviewer for a recently submitted manuscript. The manuscript, authored by Dr. Michael T. Reynolds and colleagues from the Center for Interdisciplinary Innovation, University of North Midlands, has been provisionally accepted for consideration in our upcoming Special Issue on Emerging Perspectives, scheduled for publication in September 2024.

Your expertise and experience are highly valued by our editorial team, and we believe your insights would greatly contribute to the quality of this publication. The review process is coordinated by Prof. Linda S. Choi, Conference Chair of the 2024 Global Academic Forum, to be held at the Grandview Convention Center, Geneva, from 12-15 October 2024.

If you are available to review this manuscript, kindly confirm your willingness by replying to this email at your earliest convenience. Further instructions and access to the manuscript will be provided upon confirmation.

Thank you for considering this request.

Sincerely,
Editorial Office
International Journal of Advanced Research Studies",Question about your IoT security research,I read your recent work on intrusion detection in IoT networks. Your approach to adaptive systems is very relevant to my current project. I am interested in how you handle new attack patterns in your models. Would you be open to a short discussion or sharing more details? Your insights would be very helpful for my research.,Request to Review Manuscript,"Hello, we are looking for someone to review a manuscript. The topic is general and does not require special knowledge. Please let us know if you are available. Your feedback would be helpful. Reply to this email if you are interested. Thank you for your time."
per-003,Dr. Kenji Takahashi,"Invitation: Joint Proposal for JST CREST Grant on IoT Security (Submission Deadline: July 15, 2024)","Dear Dr. Kenji Takahashi,

I am reaching out after attending your insightful session on ""Resilient 5G-Enabled IoT Architectures"" at the 2024 Asia-Pacific Cybersecurity Conference in Osaka. Your recent publication in IEEE Transactions on Information Forensics and Security, co-authored with Dr. Yuki Saito and Prof. Haruka Mori, on ""Context-Aware Anomaly Detection in Large-Scale IoT Deployments"" was particularly relevant to my ongoing work at the National Institute of Informatics. Given your leadership at the Tohoku Science Academy’s Network Security Lab and your successful supervision of the JSPS KAKENHI-funded project on adaptive IDS, I believe a collaboration would be mutually beneficial.

I am currently assembling a consortium to submit a proposal for the JST CREST grant (Theme: ""Next-Generation IoT Security Frameworks""; budget: ¥120M; deadline: July 15, 2024). Would you be available for a 30-minute Zoom call on June 18 or 19 to discuss potential joint research objectives and your possible role as co-PI? Please confirm your availability via the attached scheduling link.

Best regards,
Dr. Akira Nakamura
National Institute of Informatics","Invitation to Participate: 12th International Academic Forum 2024, Vienna","Dear Esteemed Colleague,

On behalf of the Organizing Committee, we are pleased to invite you to participate in the 12th International Academic Forum (IAF 2024), scheduled to take place from September 18-21, 2024, at the Grand Vienna Convention Center, Austria. This prestigious event is jointly hosted by the European Society for Interdisciplinary Research (ESIR) and the Global Academic Exchange Network (GAEN).

The conference will feature keynote addresses from distinguished scholars such as Prof. Linda M. Harrington (University of New London) and Dr. Samuel T. Becker (International Institute of Advanced Studies). Participants will have the opportunity to engage in panel discussions, workshops, and networking sessions. Selected papers will be considered for publication in the Journal of Contemporary Academic Studies (JCAS).

We encourage you to submit your abstract by July 15, 2024, via our online portal. For further details, please contact the Secretariat at info@iaf2024vienna.org or visit our website.

We look forward to your valued participation.

Sincerely,
Dr. Elena V. Petrov
Conference Chair, IAF 2024",Question about your IoT security work,I read your recent paper on intrusion detection for IoT networks. Your approach to adaptive methods in this area is very relevant to my current work. I am interested in how you handle new types of network threats. Would you be open to a short discussion about your methods and possible collaboration?,Invitation to Join Conference,"Hello,

You are invited to take part in an upcoming conference. We welcome your participation. Please reply if you are interested. More details will be shared soon.

Thank you."
per-004,Dr. Anya Petrova,Invitation: Co-Chair AI-Enhanced 5G Security Panel at Baltic Cybersecurity Forum 2024,"Dear Dr. Petrova,

I am reaching out following your outstanding keynote, ""Decentralized Authentication Protocols for 5G Networks,"" at the 2023 Nordic Network Security Symposium in Helsinki. Your recent publication in IEEE Transactions on Information Forensics and Security (Vol. 19, Issue 2, Feb 2024) has been widely cited in our research group at the University of Latvia, particularly your innovative approach to AI-driven anomaly detection in 5G core networks. Congratulations as well on your Estonian Research Council grant (PUTJD1234) and your new leadership role at Tallinn Digital University’s Cybersecurity Lab.

Given your expertise, we would be honored if you would co-chair the ""AI-Enhanced Threat Detection in 5G Infrastructures"" panel at the Baltic Cybersecurity Forum 2024, to be held at the Radisson Blu, Riga, on 17-18 September. We are finalizing the program by June 30th and would appreciate your confirmation by June 14th. Please review the attached agenda draft and submit your brief bio via the secure link below.

Looking forward to your response.

Best regards,
Marek Laan
Department of Computer Science, University of Latvia",Invitation to Join the Editorial Board of the International Journal of Advanced Interdisciplinary Studies,"Dear Esteemed Colleague,

On behalf of the Organizing Committee of the International Journal of Advanced Interdisciplinary Studies (IJAIS), we are pleased to extend to you an invitation to join our distinguished Editorial Board. IJAIS is published by the Global Academic Research Consortium (GARC) in collaboration with the Center for Scholarly Excellence (CSE), and is indexed in the Universal Academic Database (UAD).

Our journal is committed to promoting high-quality research and fostering academic collaboration. As we prepare for our upcoming 2024 Special Issue, to be launched at the World Academic Symposium in Geneva (September 18-21, 2024), we are seeking accomplished professionals to contribute to our editorial processes. Editorial Board members will be acknowledged at the Annual Editorial Summit, hosted by the European Institute of Academic Leadership (EIAL).

If you are interested in this opportunity, kindly reply to Dr. Michael T. Anderson, Editorial Coordinator, by June 30, 2024. We look forward to your valued participation in advancing scholarly excellence.

Sincerely,
Editorial Office
International Journal of Advanced Interdisciplinary Studies",Question about your work on AI and 5G security,"I have been following your recent paper on AI methods for 5G network protection. Your approach to decentralized authentication is very relevant to my current project. I am interested in discussing possible collaboration or sharing ideas, as your research aligns closely with my focus. Would you be open to a short call to talk further?",Invitation to Join Editorial Board,"We are looking for new members to join our journal editorial board. Your background may be a good fit. If you are interested, please reply to this email. We can share more details about the process. Thank you for considering this opportunity."
per-005,Dr. Raj Kumar,"Invitation: Keynote Panel on AI-Enhanced Network Security at IEEE CNS 2024, Singapore","Dear Dr. Raj Kumar,

I am reaching out on behalf of the IEEE Communications and Network Security (CNS) 2024 Organizing Committee. We have been following your pioneering work, particularly your DST-funded project on next-generation firewall technologies and your recent publication, ""Adaptive Intrusion Detection Systems for IoT Networks"" in the Journal of Network Security (Vol. 18, Issue 4, May 2024). Your leadership in mentoring graduate researchers at Delhi College of Engineering has also been widely recognized.

Given your expertise in AI-driven network security, we are honored to invite you as a keynote panelist for the ""AI-Enhanced Threat Detection in Heterogeneous IoT Environments"" session at IEEE CNS 2024, to be held at the Suntec Singapore Convention Centre, 14–17 October 2024. The panel will feature Prof. Li Wei (Tsinghua University) and Dr. Elena Petrova (ETH Zurich), with an expected audience of over 500 attendees.

To confirm your participation and receive the official invitation letter, please complete the attached speaker information form by June 21, 2024.

We look forward to your valuable contribution.

Best regards,
Dr. Priya Sharma
IEEE CNS 2024 Program Chair",Invitation for Collaborative Research Opportunity – International Academic Consortium 2024,"Dear Esteemed Colleague,

On behalf of the Organizing Committee of the Global Academic Advancement Forum (GAAF) and the International Consortium for Scholarly Exchange (ICSE), we are pleased to extend an invitation to explore potential collaborative research initiatives. Our upcoming event, the 12th Annual Summit on Interdisciplinary Scholarship, will be held at the Grand Meridian Conference Center, Geneva, Switzerland, from September 18-21, 2024.

We are reaching out to distinguished academics from renowned institutions such as the European Institute of Higher Learning and the Pacific Research Foundation. Our editorial partners, including the Journal of Universal Studies and the World Academic Review, are also keen to support joint projects.

We believe your expertise would be a valuable addition to our collaborative network. Dr. Helena Voss (Chair, GAAF) and Prof. Samuel Lin (Director, ICSE) are available for preliminary discussions at your convenience.

Please let us know if you are interested in learning more about this opportunity. We look forward to your positive response.

Sincerely,

Dr. Martin Ellery
International Academic Consortium Coordinator",Question about your work on network security,I read your recent paper on intrusion detection for IoT. Your approach to adaptive methods in network security is very relevant to my current project. I am interested in how you handle real-time threats using AI. Would you be open to a short discussion about possible collaboration or sharing insights? Please let me know if you are available.,Possible Collaboration Opportunity,"Hello,

I am reaching out to see if you are interested in a possible collaboration. I think we could work together on something in the future. Please let me know if you want to discuss this more. Looking forward to your reply.

Thank you."
per-006,Dr. Jun Wei Lim,,,Nomination Request: International Academic Excellence Award 2024,"Dear Esteemed Colleague,

On behalf of the Selection Committee of the Global Institute for Scholarly Advancement (GISA), we are pleased to inform you that you have been preliminarily nominated for the International Academic Excellence Award 2024. This recognition is presented annually at the World Congress on Interdisciplinary Research (WCIR), scheduled for 14-17 September 2024 at the Grand Meridian Conference Center, Geneva, Switzerland.

Your nomination was recommended by members of the Academic Review Board, including Dr. Helena Voss (University of New Europa) and Prof. Samuel Lin (Pacific Research Consortium). The award is supported by the Journal of Universal Scholarship and the European Academic Network.

To proceed with your nomination, please confirm your interest by replying to this email with your updated contact details and a brief professional summary by 30 June 2024. Further instructions regarding the nomination process will be provided upon receipt.

We look forward to your response and potential participation in this distinguished event.

Sincerely,

Dr. Martin E. Rowe
Chair, GISA Selection Committee
Global Institute for Scholarly Advancement",Interest in Your Work on Network Security,I have read your recent paper on secure protocols in smart city networks. Your approach to encrypted traffic analysis is very relevant to current challenges in this area. I am organizing a discussion on new directions in network security for urban systems. Would you be interested in joining or sharing your insights? Please reply if you would like more information.,Award Nomination Request,You have been selected for a possible award. We are reaching out to confirm your interest. Please reply to this email if you would like to be considered. More details will be shared after your response. Thank you for your attention.
per-007,Dr. Emma van den Berg,,,Invitation: Global Academic Seminar Series 2024 at International Research Forum,"Dear Esteemed Colleague,

On behalf of the Organizing Committee of the Global Academic Seminar Series 2024, we are pleased to extend an invitation to you to participate in our upcoming event. The seminar series is hosted by the International Research Forum in collaboration with the Center for Advanced Academic Studies and the Journal of Contemporary Scholarship. The sessions will be held at the Grand Conference Hall, University of Metropolitan Studies, London, from September 12th to 15th, 2024.

Distinguished speakers, including Dr. Samuel T. Hargrove (Chair, Academic Council), Prof. Linda M. Chen (Editor-in-Chief, Modern Knowledge Review), and Dr. Peter J. Novak (Director, Institute of Scholarly Exchange), will be presenting. The seminar series aims to foster interdisciplinary dialogue and promote academic excellence.

We encourage you to confirm your participation by registering through the provided link. For further details, please contact Ms. Rachel D. Evans, Seminar Coordinator, at events@irforum-acad.org.

We look forward to your valued presence at this prestigious event.

Sincerely,

The Organizing Committee
Global Academic Seminar Series 2024",Question about your recent work on AI and network security,"I read your recent paper on AI methods for network anomaly detection. Your approach to identifying threats in modern network systems is very relevant to my own research. I am interested in how you apply these techniques, especially in complex environments. Would you be open to a short discussion about your findings and possible future directions?",Invitation to Upcoming Seminar Series,You are invited to join our seminar series. The sessions will be held online soon. More details will be shared later. Please reply if you are interested in attending. We hope you can join us for these events.
per-008,Dr. Oluwaseun Adeyemi,,,Request for Feedback: Research Proposal Review – International Symposium on Advanced Studies 2024,"Dear Esteemed Colleague,

On behalf of the Organizing Committee of the International Symposium on Advanced Studies 2024, to be held at the Grand Meridian Conference Center, Geneva, from September 12-15, we are reaching out to select members of the academic community for their valued insights. As part of our ongoing collaboration with the Global Institute for Scholarly Excellence and the Journal of Contemporary Research Initiatives, we are currently reviewing a number of research proposals submitted for consideration.

We would greatly appreciate your feedback on a proposal recently received by our committee. The proposal, authored by Dr. Samuel T. Hargrove (Midlands University), is under preliminary review for potential inclusion in the upcoming symposium proceedings. Your expertise and perspective would be highly beneficial to our assessment process.

Please find the proposal attached for your confidential review. We kindly request your comments by July 18, 2024. Should you have any questions, please contact Ms. Lila Chen, Symposium Coordinator, at lchen@isas2024.org.

Thank you for your time and consideration.

Sincerely,
Dr. Martin E. Voss
Review Panel Chair
International Symposium on Advanced Studies 2024",Question about your work on cryptography for mobile networks,"I read your recent paper on cryptographic methods for mobile networks. Your approach to intrusion detection in IoT environments is very relevant to my current research. I am interested in discussing possible collaboration or sharing ideas, especially around secure mobile communications. If you are open to this, please let me know how best to connect.",Request for Feedback on Proposal,"Hello, I am working on a research proposal and would like your feedback. Please let me know your thoughts when you have time. Your input would be helpful. If you need more details, I can share them. Thank you for considering this request."
per-009,Dr. Zahra Mohammadi,,,Call for Papers: International Symposium on Advanced Academic Research 2024,"Dear Esteemed Colleague,

We are pleased to announce the Call for Papers for the 7th International Symposium on Advanced Academic Research (ISAAR 2024), organized by the Global Institute for Scholarly Exchange (GISE) in collaboration with the Journal of Universal Studies (JUS). The symposium will be held at the Grand Convention Center, City of New Horizons, from September 18-21, 2024. 

We cordially invite submissions from scholars, researchers, and practitioners worldwide. All accepted papers will be published in the Proceedings of ISAAR 2024, with selected works considered for special issues in JUS. The conference will feature keynote addresses by Prof. Linda M. Carter (University of Metropolitan Excellence) and Dr. Samuel T. Nguyen (Continental Research Academy).

Important Dates:
- Submission Deadline: July 15, 2024
- Notification of Acceptance: August 10, 2024
- Early Registration: August 25, 2024

For submission guidelines and further information, please visit our website or contact the Organizing Committee at isaar2024@conference-mail.org.

Sincerely,
Dr. Elena V. Brooks
ISAAR 2024 Organizing Chair",Question about your IoT security research,I read your recent work on intrusion detection in IoT networks. Your approach to adaptive methods is very relevant to current security challenges. I am interested in how your techniques could be applied to new types of network threats. Would you be open to sharing more about your methods or discussing possible collaboration? Please let me know if you are available to talk further.,Call for Papers - Submit Your Work,"We invite you to submit your papers for our upcoming publication. All topics are welcome. Please send your work by the deadline. For more details, reply to this email. We look forward to your submission. Thank you for your interest."
per-010,Dr. Nicolas Leroy,,,Invitation: Global Academic Networking Symposium 2024 – Connect with Leading Scholars,"Dear Esteemed Researcher,

On behalf of the Organizing Committee of the International Consortium for Academic Collaboration (ICAC), we are pleased to invite you to participate in the upcoming Global Academic Networking Symposium 2024. The event will be held at the Grand Meridian Conference Center, hosted by the Institute for Advanced Interdisciplinary Studies, from September 12-14, 2024, in partnership with the Journal of Innovative Research and the European Academic Exchange Forum.

This symposium will feature keynote addresses from distinguished figures such as Prof. Linda M. Carroway (University of Northbridge) and Dr. Samuel T. Hargrove (Pacific Research Institute). Attendees will have the opportunity to engage in dynamic networking sessions, collaborative workshops, and panel discussions on emerging trends in academia.

We encourage you to confirm your participation by registering through the official event portal. For further details, please contact the Event Secretariat at events@icac-global.org.

We look forward to welcoming you to this unique gathering of scholars.

Sincerely,
Dr. Fiona L. Wexler
Chair, Organizing Committee
Global Academic Networking Symposium 2024",Interest in your work on secure network protocols,I read your recent paper on adaptive intrusion detection for IoT networks. Your approach to secure routing and encrypted traffic analysis is very relevant to ongoing work in this area. I am looking for input from researchers with your background. Would you be open to sharing your perspective or discussing possible collaboration? Please reply if interested.,Invitation to Networking Event,You are invited to a networking event for researchers. This is a good chance to meet others and share ideas. The event will be online. More details will be sent soon. Please reply if you are interested in joining.
per-011,Dr. Do-Yun Choi,,,Invitation: International Workshop on Emerging Computer Science Trends (IWECST 2024),"Dear Esteemed Colleague,

On behalf of the Organizing Committee, we are pleased to invite you to participate in the International Workshop on Emerging Computer Science Trends (IWECST 2024), scheduled for September 18-20, 2024, at the Grand Academic Conference Center, hosted by the Institute of Advanced Computational Studies, in collaboration with the Journal of Modern Informatics and the Global Association for Digital Innovation.

The workshop will feature keynote addresses by Prof. Linda K. Morrison (University of Northwood), Dr. Samuel T. Lee (Pacific Technical Institute), and Dr. Priya Nand (European Center for Computing Research). Sessions will cover a broad range of current topics in computer science, with opportunities for networking and knowledge exchange.

We encourage you to submit an abstract or register as a participant by July 31, 2024. For further details, please visit our official website: www.iwecst2024-conference.org.

We look forward to your valued participation in this significant academic event.

Sincerely,
Dr. Michael J. Evans
Workshop Coordinator, IWECST 2024",Question about your recent work on 5G security,I read your recent paper on intrusion detection in 5G networks. Your approach to adaptive threat response is very relevant to my current project. I am exploring similar methods in network security and would value your perspective. Would you be open to a short call to discuss your findings and possible collaboration?,Invitation to Workshop on Computer Science Trends,You are invited to join a workshop about new trends in computer science. The event will cover general topics and updates. Please see the attached file for more details. Let us know if you are interested in attending. Thank you for your time.
per-012,Dr. Charlotte Graves,,,Invitation to Review Manuscript for International Journal of Advanced Research Studies,"Dear Esteemed Colleague,

On behalf of the Editorial Board of the International Journal of Advanced Research Studies (IJARS), we are pleased to invite you to serve as a reviewer for a recently submitted manuscript. The manuscript, authored by Dr. Michael T. Reynolds and colleagues from the Center for Interdisciplinary Innovation, University of North Midlands, has been provisionally accepted for consideration in our upcoming Special Issue on Emerging Perspectives, scheduled for publication in September 2024.

Your expertise and experience are highly valued by our editorial team, and we believe your insights would greatly contribute to the quality of this publication. The review process is coordinated by Prof. Linda S. Choi, Conference Chair of the 2024 Global Academic Forum, to be held at the Grandview Convention Center, Geneva, from 12-15 October 2024.

If you are available to review this manuscript, kindly confirm your willingness by replying to this email at your earliest convenience. Further instructions and access to the manuscript will be provided upon confirmation.

Thank you for considering this request.

Sincerely,
Editorial Office
International Journal of Advanced Research Studies",Question about your recent work on AI and threat detection,I read your recent paper on adaptive intrusion detection for IoT. I am working on similar AI-based methods for network security. Your approach to encrypted traffic analysis is very relevant to my project. Would you be open to a short discussion or sharing more about your methods? I believe your insights could help address some challenges I am facing.,Request to Review Manuscript,"Hello, we are looking for someone to review a manuscript. The topic is general and does not require special knowledge. Please let us know if you are available. Your feedback would be helpful. Reply to this email if you are interested. Thank you for your time."
per-013,Dr. Thomas Peeters,,,"Invitation to Participate: 12th International Academic Forum 2024, Vienna","Dear Esteemed Colleague,

On behalf of the Organizing Committee, we are pleased to invite you to participate in the 12th International Academic Forum (IAF 2024), scheduled to take place from September 18-21, 2024, at the Grand Vienna Convention Center, Austria. This prestigious event is jointly hosted by the European Society for Interdisciplinary Research (ESIR) and the Global Academic Exchange Network (GAEN).

The conference will feature keynote addresses from distinguished scholars such as Prof. Linda M. Harrington (University of New London) and Dr. Samuel T. Becker (International Institute of Advanced Studies). Participants will have the opportunity to engage in panel discussions, workshops, and networking sessions. Selected papers will be considered for publication in the Journal of Contemporary Academic Studies (JCAS).

We encourage you to submit your abstract by July 15, 2024, via our online portal. For further details, please contact the Secretariat at info@iaf2024vienna.org or visit our website.

We look forward to your valued participation.

Sincerely,
Dr. Elena V. Petrov
Conference Chair, IAF 2024",Question about your work on secure network protocols,"I have been following your research on secure routing and intrusion detection in networked systems. Your recent work on adaptive methods for IoT security is especially relevant to my current project. I would appreciate your thoughts on practical challenges in this area. If you are open to a brief exchange, please let me know how best to connect.",Invitation to Join Conference,"Hello,

You are invited to take part in an upcoming conference. We welcome your participation. Please reply if you are interested. More details will be shared soon.

Thank you."
per-014,Dr. Anna Schmidt,,,Invitation to Join the Editorial Board of the International Journal of Advanced Interdisciplinary Studies,"Dear Esteemed Colleague,

On behalf of the Organizing Committee of the International Journal of Advanced Interdisciplinary Studies (IJAIS), we are pleased to extend to you an invitation to join our distinguished Editorial Board. IJAIS is published by the Global Academic Research Consortium (GARC) in collaboration with the Center for Scholarly Excellence (CSE), and is indexed in the Universal Academic Database (UAD).

Our journal is committed to promoting high-quality research and fostering academic collaboration. As we prepare for our upcoming 2024 Special Issue, to be launched at the World Academic Symposium in Geneva (September 18-21, 2024), we are seeking accomplished professionals to contribute to our editorial processes. Editorial Board members will be acknowledged at the Annual Editorial Summit, hosted by the European Institute of Academic Leadership (EIAL).

If you are interested in this opportunity, kindly reply to Dr. Michael T. Anderson, Editorial Coordinator, by June 30, 2024. We look forward to your valued participation in advancing scholarly excellence.

Sincerely,
Editorial Office
International Journal of Advanced Interdisciplinary Studies",Question about your IoT security research,"I read your recent work on intrusion detection for IoT networks. Your approach to adaptive systems is very relevant to ongoing projects in this area. I am interested in discussing possible collaboration or sharing ideas, especially around secure protocols and encrypted communication. If you are open to a short call, please let me know your availability.",Invitation to Join Editorial Board,"We are looking for new members to join our journal editorial board. Your background may be a good fit. If you are interested, please reply to this email. We can share more details about the process. Thank you for considering this opportunity."
per-015,Dr. Maya Barak,,,Invitation for Collaborative Research Opportunity – International Academic Consortium 2024,"Dear Esteemed Colleague,

On behalf of the Organizing Committee of the Global Academic Advancement Forum (GAAF) and the International Consortium for Scholarly Exchange (ICSE), we are pleased to extend an invitation to explore potential collaborative research initiatives. Our upcoming event, the 12th Annual Summit on Interdisciplinary Scholarship, will be held at the Grand Meridian Conference Center, Geneva, Switzerland, from September 18-21, 2024.

We are reaching out to distinguished academics from renowned institutions such as the European Institute of Higher Learning and the Pacific Research Foundation. Our editorial partners, including the Journal of Universal Studies and the World Academic Review, are also keen to support joint projects.

We believe your expertise would be a valuable addition to our collaborative network. Dr. Helena Voss (Chair, GAAF) and Prof. Samuel Lin (Director, ICSE) are available for preliminary discussions at your convenience.

Please let us know if you are interested in learning more about this opportunity. We look forward to your positive response.

Sincerely,

Dr. Martin Ellery
International Academic Consortium Coordinator",Question about your work on secure routing,I read your recent paper on secure routing in network defense. Your approach to handling threats in this area is very relevant to my current project. I am interested in how you address specific challenges in your research. Could you share more details or discuss your methods? I believe your experience could help improve my understanding.,Possible Collaboration Opportunity,"Hello,

I am reaching out to see if you are interested in a possible collaboration. I think we could work together on something in the future. Please let me know if you want to discuss this more. Looking forward to your reply.

Thank you."
per-016,Dr. Mariana Costa,,,Nomination Request: International Academic Excellence Award 2024,"Dear Esteemed Colleague,

On behalf of the Selection Committee of the Global Institute for Scholarly Advancement (GISA), we are pleased to inform you that you have been preliminarily nominated for the International Academic Excellence Award 2024. This recognition is presented annually at the World Congress on Interdisciplinary Research (WCIR), scheduled for 14-17 September 2024 at the Grand Meridian Conference Center, Geneva, Switzerland.

Your nomination was recommended by members of the Academic Review Board, including Dr. Helena Voss (University of New Europa) and Prof. Samuel Lin (Pacific Research Consortium). The award is supported by the Journal of Universal Scholarship and the European Academic Network.

To proceed with your nomination, please confirm your interest by replying to this email with your updated contact details and a brief professional summary by 30 June 2024. Further instructions regarding the nomination process will be provided upon receipt.

We look forward to your response and potential participation in this distinguished event.

Sincerely,

Dr. Martin E. Rowe
Chair, GISA Selection Committee
Global Institute for Scholarly Advancement",Question about your work on secure routing,I read your recent paper on secure routing in network systems. Your approach to protecting critical infrastructure is very relevant to my current project. I am interested in how you address threats in large-scale deployments. Would you be open to sharing more details or discussing possible collaboration? Please let me know if you are available.,Award Nomination Request,You have been selected for a possible award. We are reaching out to confirm your interest. Please reply to this email if you would like to be considered. More details will be shared after your response. Thank you for your attention.
per-017,Dr. Fatima Al Mazrouei,,,Invitation: Global Academic Seminar Series 2024 at International Research Forum,"Dear Esteemed Colleague,

On behalf of the Organizing Committee of the Global Academic Seminar Series 2024, we are pleased to extend an invitation to you to participate in our upcoming event. The seminar series is hosted by the International Research Forum in collaboration with the Center for Advanced Academic Studies and the Journal of Contemporary Scholarship. The sessions will be held at the Grand Conference Hall, University of Metropolitan Studies, London, from September 12th to 15th, 2024.

Distinguished speakers, including Dr. Samuel T. Hargrove (Chair, Academic Council), Prof. Linda M. Chen (Editor-in-Chief, Modern Knowledge Review), and Dr. Peter J. Novak (Director, Institute of Scholarly Exchange), will be presenting. The seminar series aims to foster interdisciplinary dialogue and promote academic excellence.

We encourage you to confirm your participation by registering through the provided link. For further details, please contact Ms. Rachel D. Evans, Seminar Coordinator, at events@irforum-acad.org.

We look forward to your valued presence at this prestigious event.

Sincerely,

The Organizing Committee
Global Academic Seminar Series 2024",Interest in your work on AI and network security,I read your recent paper on adaptive intrusion detection for IoT in smart cities. Your approach to AI-driven threat detection is very relevant to current network security issues. I am interested in discussing possible collaboration on AI and blockchain solutions for urban networks. Would you be open to a short call to share ideas?,Invitation to Upcoming Seminar Series,You are invited to join our seminar series. The sessions will be held online soon. More details will be shared later. Please reply if you are interested in attending. We hope you can join us for these events.
per-018,Dr. Michael Chen,,,Request for Feedback: Research Proposal Review – International Symposium on Advanced Studies 2024,"Dear Esteemed Colleague,

On behalf of the Organizing Committee of the International Symposium on Advanced Studies 2024, to be held at the Grand Meridian Conference Center, Geneva, from September 12-15, we are reaching out to select members of the academic community for their valued insights. As part of our ongoing collaboration with the Global Institute for Scholarly Excellence and the Journal of Contemporary Research Initiatives, we are currently reviewing a number of research proposals submitted for consideration.

We would greatly appreciate your feedback on a proposal recently received by our committee. The proposal, authored by Dr. Samuel T. Hargrove (Midlands University), is under preliminary review for potential inclusion in the upcoming symposium proceedings. Your expertise and perspective would be highly beneficial to our assessment process.

Please find the proposal attached for your confidential review. We kindly request your comments by July 18, 2024. Should you have any questions, please contact Ms. Lila Chen, Symposium Coordinator, at lchen@isas2024.org.

Thank you for your time and consideration.

Sincerely,
Dr. Martin E. Voss
Review Panel Chair
International Symposium on Advanced Studies 2024",Question about your work on secure routing protocols,"I have been following your research in secure routing and encrypted communication. Your recent paper in this area was very relevant to my current project. I am interested in discussing possible collaboration or feedback on related work. If you are available, could you reply with your thoughts or suggest a time to connect?",Request for Feedback on Proposal,"Hello, I am working on a research proposal and would like your feedback. Please let me know your thoughts when you have time. Your input would be helpful. If you need more details, I can share them. Thank you for considering this request."
per-019,Dr. Ingrid Bergstrom,,,Call for Papers: International Symposium on Advanced Academic Research 2024,"Dear Esteemed Colleague,

We are pleased to announce the Call for Papers for the 7th International Symposium on Advanced Academic Research (ISAAR 2024), organized by the Global Institute for Scholarly Exchange (GISE) in collaboration with the Journal of Universal Studies (JUS). The symposium will be held at the Grand Convention Center, City of New Horizons, from September 18-21, 2024. 

We cordially invite submissions from scholars, researchers, and practitioners worldwide. All accepted papers will be published in the Proceedings of ISAAR 2024, with selected works considered for special issues in JUS. The conference will feature keynote addresses by Prof. Linda M. Carter (University of Metropolitan Excellence) and Dr. Samuel T. Nguyen (Continental Research Academy).

Important Dates:
- Submission Deadline: July 15, 2024
- Notification of Acceptance: August 10, 2024
- Early Registration: August 25, 2024

For submission guidelines and further information, please visit our website or contact the Organizing Committee at isaar2024@conference-mail.org.

Sincerely,
Dr. Elena V. Brooks
ISAAR 2024 Organizing Chair",Question about your recent work on AI and network security,I read your recent paper on AI methods for network threat detection. Your approach to decentralized defense is very relevant to my current research. I am interested in how you handle real-time data and adaptive responses. Would you be open to a short discussion about possible collaboration or sharing insights? Please let me know if you are available.,Call for Papers - Submit Your Work,"We invite you to submit your papers for our upcoming publication. All topics are welcome. Please send your work by the deadline. For more details, reply to this email. We look forward to your submission. Thank you for your interest."
per-020,Dr. Ethan Brown,,,Invitation: Global Academic Networking Symposium 2024 – Connect with Leading Scholars,"Dear Esteemed Researcher,

On behalf of the Organizing Committee of the International Consortium for Academic Collaboration (ICAC), we are pleased to invite you to participate in the upcoming Global Academic Networking Symposium 2024. The event will be held at the Grand Meridian Conference Center, hosted by the Institute for Advanced Interdisciplinary Studies, from September 12-14, 2024, in partnership with the Journal of Innovative Research and the European Academic Exchange Forum.

This symposium will feature keynote addresses from distinguished figures such as Prof. Linda M. Carroway (University of Northbridge) and Dr. Samuel T. Hargrove (Pacific Research Institute). Attendees will have the opportunity to engage in dynamic networking sessions, collaborative workshops, and panel discussions on emerging trends in academia.

We encourage you to confirm your participation by registering through the official event portal. For further details, please contact the Event Secretariat at events@icac-global.org.

We look forward to welcoming you to this unique gathering of scholars.

Sincerely,
Dr. Fiona L. Wexler
Chair, Organizing Committee
Global Academic Networking Symposium 2024",Question about your IoT security work,I read your recent paper on intrusion detection for IoT networks. Your approach to adaptive methods is very relevant to my current work. I am interested in how you handle evolving threats in connected devices. Would you be open to a short discussion about your techniques and possible collaboration?,Invitation to Networking Event,You are invited to a networking event for researchers. This is a good chance to meet others and share ideas. The event will be online. More details will be sent soon. Please reply if you are interested in joining.
per-021,Dr. Ryan MacDonald,,,Invitation: International Workshop on Emerging Computer Science Trends (IWECST 2024),"Dear Esteemed Colleague,

On behalf of the Organizing Committee, we are pleased to invite you to participate in the International Workshop on Emerging Computer Science Trends (IWECST 2024), scheduled for September 18-20, 2024, at the Grand Academic Conference Center, hosted by the Institute of Advanced Computational Studies, in collaboration with the Journal of Modern Informatics and the Global Association for Digital Innovation.

The workshop will feature keynote addresses by Prof. Linda K. Morrison (University of Northwood), Dr. Samuel T. Lee (Pacific Technical Institute), and Dr. Priya Nand (European Center for Computing Research). Sessions will cover a broad range of current topics in computer science, with opportunities for networking and knowledge exchange.

We encourage you to submit an abstract or register as a participant by July 31, 2024. For further details, please visit our official website: www.iwecst2024-conference.org.

We look forward to your valued participation in this significant academic event.

Sincerely,
Dr. Michael J. Evans
Workshop Coordinator, IWECST 2024",Question about your work on secure software,I read your recent paper on secure software methods. Your approach to protecting communication channels is very relevant to my current project. I am interested in how you address new threats in this area. Would you be open to sharing more about your process or discussing possible collaboration? Please let me know if you are available for a short call.,Invitation to Workshop on Computer Science Trends,You are invited to join a workshop about new trends in computer science. The event will cover general topics and updates. Please see the attached file for more details. Let us know if you are interested in attending. Thank you for your time.
per-022,Dr. Sakura Yamamoto,,,Invitation to Review Manuscript for International Journal of Advanced Research Studies,"Dear Esteemed Colleague,

On behalf of the Editorial Board of the International Journal of Advanced Research Studies (IJARS), we are pleased to invite you to serve as a reviewer for a recently submitted manuscript. The manuscript, authored by Dr. Michael T. Reynolds and colleagues from the Center for Interdisciplinary Innovation, University of North Midlands, has been provisionally accepted for consideration in our upcoming Special Issue on Emerging Perspectives, scheduled for publication in September 2024.

Your expertise and experience are highly valued by our editorial team, and we believe your insights would greatly contribute to the quality of this publication. The review process is coordinated by Prof. Linda S. Choi, Conference Chair of the 2024 Global Academic Forum, to be held at the Grandview Convention Center, Geneva, from 12-15 October 2024.

If you are available to review this manuscript, kindly confirm your willingness by replying to this email at your earliest convenience. Further instructions and access to the manuscript will be provided upon confirmation.

Thank you for considering this request.

Sincerely,
Editorial Office
International Journal of Advanced Research Studies",Question about your work on secure routing,I have been following your recent paper on secure routing in networked systems. Your approach to protecting IoT devices from new threats is very relevant to my current project. I am interested in discussing possible collaboration or feedback on related topics. Please let me know if you are open to a short conversation.,Request to Review Manuscript,"Hello, we are looking for someone to review a manuscript. The topic is general and does not require special knowledge. Please let us know if you are available. Your feedback would be helpful. Reply to this email if you are interested. Thank you for your time."
per-023,Dr. Martin Lepik,,,"Invitation to Participate: 12th International Academic Forum 2024, Vienna","Dear Esteemed Colleague,

On behalf of the Organizing Committee, we are pleased to invite you to participate in the 12th International Academic Forum (IAF 2024), scheduled to take place from September 18-21, 2024, at the Grand Vienna Convention Center, Austria. This prestigious event is jointly hosted by the European Society for Interdisciplinary Research (ESIR) and the Global Academic Exchange Network (GAEN).

The conference will feature keynote addresses from distinguished scholars such as Prof. Linda M. Harrington (University of New London) and Dr. Samuel T. Becker (International Institute of Advanced Studies). Participants will have the opportunity to engage in panel discussions, workshops, and networking sessions. Selected papers will be considered for publication in the Journal of Contemporary Academic Studies (JCAS).

We encourage you to submit your abstract by July 15, 2024, via our online portal. For further details, please contact the Secretariat at info@iaf2024vienna.org or visit our website.

We look forward to your valued participation.

Sincerely,
Dr. Elena V. Petrov
Conference Chair, IAF 2024",Question about your work on secure 5G protocols,I have been reading your recent paper on secure 5G communication. Your approach to protocol design is very relevant to my current project. I am interested in how you address new threats in this area. Would you be open to sharing more about your methods or discussing possible collaboration? Please let me know if you are available for a short call or email exchange.,Invitation to Join Conference,"Hello,

You are invited to take part in an upcoming conference. We welcome your participation. Please reply if you are interested. More details will be shared soon.

Thank you."
per-024,Dr. Deepa Reddy,,,Invitation to Join the Editorial Board of the International Journal of Advanced Interdisciplinary Studies,"Dear Esteemed Colleague,

On behalf of the Organizing Committee of the International Journal of Advanced Interdisciplinary Studies (IJAIS), we are pleased to extend to you an invitation to join our distinguished Editorial Board. IJAIS is published by the Global Academic Research Consortium (GARC) in collaboration with the Center for Scholarly Excellence (CSE), and is indexed in the Universal Academic Database (UAD).

Our journal is committed to promoting high-quality research and fostering academic collaboration. As we prepare for our upcoming 2024 Special Issue, to be launched at the World Academic Symposium in Geneva (September 18-21, 2024), we are seeking accomplished professionals to contribute to our editorial processes. Editorial Board members will be acknowledged at the Annual Editorial Summit, hosted by the European Institute of Academic Leadership (EIAL).

If you are interested in this opportunity, kindly reply to Dr. Michael T. Anderson, Editorial Coordinator, by June 30, 2024. We look forward to your valued participation in advancing scholarly excellence.

Sincerely,
Editorial Office
International Journal of Advanced Interdisciplinary Studies",Question about your work on encrypted network defense,I read your recent paper on firewall technologies and encrypted communication. Your approach to network defense is very relevant to my current project. I am looking for insights from researchers active in this area. Would you be open to a short discussion or sharing your thoughts? Your experience would be very helpful.,Invitation to Join Editorial Board,"We are looking for new members to join our journal editorial board. Your background may be a good fit. If you are interested, please reply to this email. We can share more details about the process. Thank you for considering this opportunity."
per-025,Dr. Wei Jie Ng,,,Invitation for Collaborative Research Opportunity – International Academic Consortium 2024,"Dear Esteemed Colleague,

On behalf of the Organizing Committee of the Global Academic Advancement Forum (GAAF) and the International Consortium for Scholarly Exchange (ICSE), we are pleased to extend an invitation to explore potential collaborative research initiatives. Our upcoming event, the 12th Annual Summit on Interdisciplinary Scholarship, will be held at the Grand Meridian Conference Center, Geneva, Switzerland, from September 18-21, 2024.

We are reaching out to distinguished academics from renowned institutions such as the European Institute of Higher Learning and the Pacific Research Foundation. Our editorial partners, including the Journal of Universal Studies and the World Academic Review, are also keen to support joint projects.

We believe your expertise would be a valuable addition to our collaborative network. Dr. Helena Voss (Chair, GAAF) and Prof. Samuel Lin (Director, ICSE) are available for preliminary discussions at your convenience.

Please let us know if you are interested in learning more about this opportunity. We look forward to your positive response.

Sincerely,

Dr. Martin Ellery
International Academic Consortium Coordinator",Question about your secure edge computing work,"I read your recent paper on secure edge computing and found your approach to encrypted traffic analysis very relevant to my current project. I am exploring similar methods and would like to discuss possible collaboration or exchange of ideas. If you are interested, please let me know and I can share more details.",Possible Collaboration Opportunity,"Hello,

I am reaching out to see if you are interested in a possible collaboration. I think we could work together on something in the future. Please let me know if you want to discuss this more. Looking forward to your reply.

Thank you."
per-026,Dr. Daan de Vries,,,Nomination Request: International Academic Excellence Award 2024,"Dear Esteemed Colleague,

On behalf of the Selection Committee of the Global Institute for Scholarly Advancement (GISA), we are pleased to inform you that you have been preliminarily nominated for the International Academic Excellence Award 2024. This recognition is presented annually at the World Congress on Interdisciplinary Research (WCIR), scheduled for 14-17 September 2024 at the Grand Meridian Conference Center, Geneva, Switzerland.

Your nomination was recommended by members of the Academic Review Board, including Dr. Helena Voss (University of New Europa) and Prof. Samuel Lin (Pacific Research Consortium). The award is supported by the Journal of Universal Scholarship and the European Academic Network.

To proceed with your nomination, please confirm your interest by replying to this email with your updated contact details and a brief professional summary by 30 June 2024. Further instructions regarding the nomination process will be provided upon receipt.

We look forward to your response and potential participation in this distinguished event.

Sincerely,

Dr. Martin E. Rowe
Chair, GISA Selection Committee
Global Institute for Scholarly Advancement",Question about your federated learning work,I read your recent paper on federated learning for edge devices. Your approach to scalable architectures is very relevant to my current work. I am interested in how you handle heterogeneous environments and low-latency inference. Would you be open to sharing more details or discussing possible collaboration? Please let me know if you are available for a short call.,Award Nomination Request,You have been selected for a possible award. We are reaching out to confirm your interest. Please reply to this email if you would like to be considered. More details will be shared after your response. Thank you for your attention.
per-027,Dr. Ngozi Adebayo,,,Invitation: Global Academic Seminar Series 2024 at International Research Forum,"Dear Esteemed Colleague,

On behalf of the Organizing Committee of the Global Academic Seminar Series 2024, we are pleased to extend an invitation to you to participate in our upcoming event. The seminar series is hosted by the International Research Forum in collaboration with the Center for Advanced Academic Studies and the Journal of Contemporary Scholarship. The sessions will be held at the Grand Conference Hall, University of Metropolitan Studies, London, from September 12th to 15th, 2024.

Distinguished speakers, including Dr. Samuel T. Hargrove (Chair, Academic Council), Prof. Linda M. Chen (Editor-in-Chief, Modern Knowledge Review), and Dr. Peter J. Novak (Director, Institute of Scholarly Exchange), will be presenting. The seminar series aims to foster interdisciplinary dialogue and promote academic excellence.

We encourage you to confirm your participation by registering through the provided link. For further details, please contact Ms. Rachel D. Evans, Seminar Coordinator, at events@irforum-acad.org.

We look forward to your valued presence at this prestigious event.

Sincerely,

The Organizing Committee
Global Academic Seminar Series 2024",Panel on ML for Low-Bandwidth Networks,I read your recent work on adaptive federated learning for low-bandwidth networks. Your focus on edge computing for resource-limited settings is very relevant to current challenges in ML systems. We are organizing a panel on scalable ML in similar environments. Would you be interested in joining a short call to discuss your possible participation?,Invitation to Upcoming Seminar Series,You are invited to join our seminar series. The sessions will be held online soon. More details will be shared later. Please reply if you are interested in attending. We hope you can join us for these events.
per-028,Dr. Amir Hashemi,,,Request for Feedback: Research Proposal Review – International Symposium on Advanced Studies 2024,"Dear Esteemed Colleague,

On behalf of the Organizing Committee of the International Symposium on Advanced Studies 2024, to be held at the Grand Meridian Conference Center, Geneva, from September 12-15, we are reaching out to select members of the academic community for their valued insights. As part of our ongoing collaboration with the Global Institute for Scholarly Excellence and the Journal of Contemporary Research Initiatives, we are currently reviewing a number of research proposals submitted for consideration.

We would greatly appreciate your feedback on a proposal recently received by our committee. The proposal, authored by Dr. Samuel T. Hargrove (Midlands University), is under preliminary review for potential inclusion in the upcoming symposium proceedings. Your expertise and perspective would be highly beneficial to our assessment process.

Please find the proposal attached for your confidential review. We kindly request your comments by July 18, 2024. Should you have any questions, please contact Ms. Lila Chen, Symposium Coordinator, at lchen@isas2024.org.

Thank you for your time and consideration.

Sincerely,
Dr. Martin E. Voss
Review Panel Chair
International Symposium on Advanced Studies 2024",Question about your edge ML systems work,I have been following your research on distributed ML for edge computing. Your recent paper on optimizing these systems was very helpful for my own work in this area. I am interested in your approach to scalable deployment. Would you be open to a short discussion about possible collaboration or sharing ideas?,Request for Feedback on Proposal,"Hello, I am working on a research proposal and would like your feedback. Please let me know your thoughts when you have time. Your input would be helpful. If you need more details, I can share them. Thank you for considering this request."
per-029,Dr. Julie Petit,,,Call for Papers: International Symposium on Advanced Academic Research 2024,"Dear Esteemed Colleague,

We are pleased to announce the Call for Papers for the 7th International Symposium on Advanced Academic Research (ISAAR 2024), organized by the Global Institute for Scholarly Exchange (GISE) in collaboration with the Journal of Universal Studies (JUS). The symposium will be held at the Grand Convention Center, City of New Horizons, from September 18-21, 2024. 

We cordially invite submissions from scholars, researchers, and practitioners worldwide. All accepted papers will be published in the Proceedings of ISAAR 2024, with selected works considered for special issues in JUS. The conference will feature keynote addresses by Prof. Linda M. Carter (University of Metropolitan Excellence) and Dr. Samuel T. Nguyen (Continental Research Academy).

Important Dates:
- Submission Deadline: July 15, 2024
- Notification of Acceptance: August 10, 2024
- Early Registration: August 25, 2024

For submission guidelines and further information, please visit our website or contact the Organizing Committee at isaar2024@conference-mail.org.

Sincerely,
Dr. Elena V. Brooks
ISAAR 2024 Organizing Chair",Interest in Your Work on Robust Distributed ML,I read your recent paper on optimizing distributed ML systems for edge computing. Your approach to improving robustness in these systems is very relevant to my current work. I am organizing a small online discussion focused on robust distributed ML. Would you be interested in joining or sharing your insights? Please reply if you would like more information.,Call for Papers - Submit Your Work,"We invite you to submit your papers for our upcoming publication. All topics are welcome. Please send your work by the deadline. For more details, reply to this email. We look forward to your submission. Thank you for your interest."
per-030,Dr. Ye-Jun Jung,,,Invitation: Global Academic Networking Symposium 2024 – Connect with Leading Scholars,"Dear Esteemed Researcher,

On behalf of the Organizing Committee of the International Consortium for Academic Collaboration (ICAC), we are pleased to invite you to participate in the upcoming Global Academic Networking Symposium 2024. The event will be held at the Grand Meridian Conference Center, hosted by the Institute for Advanced Interdisciplinary Studies, from September 12-14, 2024, in partnership with the Journal of Innovative Research and the European Academic Exchange Forum.

This symposium will feature keynote addresses from distinguished figures such as Prof. Linda M. Carroway (University of Northbridge) and Dr. Samuel T. Hargrove (Pacific Research Institute). Attendees will have the opportunity to engage in dynamic networking sessions, collaborative workshops, and panel discussions on emerging trends in academia.

We encourage you to confirm your participation by registering through the official event portal. For further details, please contact the Event Secretariat at events@icac-global.org.

We look forward to welcoming you to this unique gathering of scholars.

Sincerely,
Dr. Fiona L. Wexler
Chair, Organizing Committee
Global Academic Networking Symposium 2024",Question about your edge computing work,I read your recent paper on distributed machine learning for edge computing. Your approach to optimizing these systems is very relevant to my current project. I am interested in how you handled resource constraints in your experiments. Would you be open to a short discussion about your methods?,Invitation to Networking Event,You are invited to a networking event for researchers. This is a good chance to meet others and share ideas. The event will be online. More details will be sent soon. Please reply if you are interested in joining.
per-031,Dr. Oliver Cromwell,,,Invitation: International Workshop on Emerging Computer Science Trends (IWECST 2024),"Dear Esteemed Colleague,

On behalf of the Organizing Committee, we are pleased to invite you to participate in the International Workshop on Emerging Computer Science Trends (IWECST 2024), scheduled for September 18-20, 2024, at the Grand Academic Conference Center, hosted by the Institute of Advanced Computational Studies, in collaboration with the Journal of Modern Informatics and the Global Association for Digital Innovation.

The workshop will feature keynote addresses by Prof. Linda K. Morrison (University of Northwood), Dr. Samuel T. Lee (Pacific Technical Institute), and Dr. Priya Nand (European Center for Computing Research). Sessions will cover a broad range of current topics in computer science, with opportunities for networking and knowledge exchange.

We encourage you to submit an abstract or register as a participant by July 31, 2024. For further details, please visit our official website: www.iwecst2024-conference.org.

We look forward to your valued participation in this significant academic event.

Sincerely,
Dr. Michael J. Evans
Workshop Coordinator, IWECST 2024",Question about your work on ML system optimization,"I have been following your research on improving machine learning system performance. Your recent work on robust pipelines and resource allocation is very relevant to my current project. I am interested in discussing possible collaboration or feedback. If you are open to this, please let me know how best to connect.",Invitation to Workshop on Computer Science Trends,You are invited to join a workshop about new trends in computer science. The event will cover general topics and updates. Please see the attached file for more details. Let us know if you are interested in attending. Thank you for your time.
per-032,Dr. Sophie Dupont,,,Invitation to Review Manuscript for International Journal of Advanced Research Studies,"Dear Esteemed Colleague,

On behalf of the Editorial Board of the International Journal of Advanced Research Studies (IJARS), we are pleased to invite you to serve as a reviewer for a recently submitted manuscript. The manuscript, authored by Dr. Michael T. Reynolds and colleagues from the Center for Interdisciplinary Innovation, University of North Midlands, has been provisionally accepted for consideration in our upcoming Special Issue on Emerging Perspectives, scheduled for publication in September 2024.

Your expertise and experience are highly valued by our editorial team, and we believe your insights would greatly contribute to the quality of this publication. The review process is coordinated by Prof. Linda S. Choi, Conference Chair of the 2024 Global Academic Forum, to be held at the Grandview Convention Center, Geneva, from 12-15 October 2024.

If you are available to review this manuscript, kindly confirm your willingness by replying to this email at your earliest convenience. Further instructions and access to the manuscript will be provided upon confirmation.

Thank you for considering this request.

Sincerely,
Editorial Office
International Journal of Advanced Research Studies",Question about your work on energy-efficient ML hardware,I read your recent paper on energy-efficient ML hardware. Your approach to improving system performance while reducing power use is very relevant to my current project. I am interested in how you handle trade-offs in hardware design for machine learning. Would you be open to a short discussion or sharing more details? I believe your insights could help guide my work.,Request to Review Manuscript,"Hello, we are looking for someone to review a manuscript. The topic is general and does not require special knowledge. Please let us know if you are available. Your feedback would be helpful. Reply to this email if you are interested. Thank you for your time."
per-033,Dr. Thomas Weber,,,"Invitation to Participate: 12th International Academic Forum 2024, Vienna","Dear Esteemed Colleague,

On behalf of the Organizing Committee, we are pleased to invite you to participate in the 12th International Academic Forum (IAF 2024), scheduled to take place from September 18-21, 2024, at the Grand Vienna Convention Center, Austria. This prestigious event is jointly hosted by the European Society for Interdisciplinary Research (ESIR) and the Global Academic Exchange Network (GAEN).

The conference will feature keynote addresses from distinguished scholars such as Prof. Linda M. Harrington (University of New London) and Dr. Samuel T. Becker (International Institute of Advanced Studies). Participants will have the opportunity to engage in panel discussions, workshops, and networking sessions. Selected papers will be considered for publication in the Journal of Contemporary Academic Studies (JCAS).

We encourage you to submit your abstract by July 15, 2024, via our online portal. For further details, please contact the Secretariat at info@iaf2024vienna.org or visit our website.

We look forward to your valued participation.

Sincerely,
Dr. Elena V. Petrov
Conference Chair, IAF 2024",Interest in your work on energy-efficient machine learning,"I have been following your research on making machine learning more energy-efficient, especially for mobile and real-time systems. Your recent paper in this area was very relevant to my current project. I am organizing a small group discussion on these topics and would value your input. Please reply if you are interested in joining or learning more.",Invitation to Join Conference,"Hello,

You are invited to take part in an upcoming conference. We welcome your participation. Please reply if you are interested. More details will be shared soon.

Thank you."
per-034,Dr. Tal Avraham,,,Invitation to Join the Editorial Board of the International Journal of Advanced Interdisciplinary Studies,"Dear Esteemed Colleague,

On behalf of the Organizing Committee of the International Journal of Advanced Interdisciplinary Studies (IJAIS), we are pleased to extend to you an invitation to join our distinguished Editorial Board. IJAIS is published by the Global Academic Research Consortium (GARC) in collaboration with the Center for Scholarly Excellence (CSE), and is indexed in the Universal Academic Database (UAD).

Our journal is committed to promoting high-quality research and fostering academic collaboration. As we prepare for our upcoming 2024 Special Issue, to be launched at the World Academic Symposium in Geneva (September 18-21, 2024), we are seeking accomplished professionals to contribute to our editorial processes. Editorial Board members will be acknowledged at the Annual Editorial Summit, hosted by the European Institute of Academic Leadership (EIAL).

If you are interested in this opportunity, kindly reply to Dr. Michael T. Anderson, Editorial Coordinator, by June 30, 2024. We look forward to your valued participation in advancing scholarly excellence.

Sincerely,
Editorial Office
International Journal of Advanced Interdisciplinary Studies",Question about your work on adaptive scheduling,I read your recent paper on adaptive scheduling in distributed machine learning. The approach you used for optimizing workloads is very relevant to my current research. I am interested in how you handled resource allocation in large-scale systems. Could you share more details or discuss your methods? I believe your insights could help with a similar problem I am facing.,Invitation to Join Editorial Board,"We are looking for new members to join our journal editorial board. Your background may be a good fit. If you are interested, please reply to this email. We can share more details about the process. Thank you for considering this opportunity."
per-035,Dr. Pedro Santos,,,Invitation for Collaborative Research Opportunity – International Academic Consortium 2024,"Dear Esteemed Colleague,

On behalf of the Organizing Committee of the Global Academic Advancement Forum (GAAF) and the International Consortium for Scholarly Exchange (ICSE), we are pleased to extend an invitation to explore potential collaborative research initiatives. Our upcoming event, the 12th Annual Summit on Interdisciplinary Scholarship, will be held at the Grand Meridian Conference Center, Geneva, Switzerland, from September 18-21, 2024.

We are reaching out to distinguished academics from renowned institutions such as the European Institute of Higher Learning and the Pacific Research Foundation. Our editorial partners, including the Journal of Universal Studies and the World Academic Review, are also keen to support joint projects.

We believe your expertise would be a valuable addition to our collaborative network. Dr. Helena Voss (Chair, GAAF) and Prof. Samuel Lin (Director, ICSE) are available for preliminary discussions at your convenience.

Please let us know if you are interested in learning more about this opportunity. We look forward to your positive response.

Sincerely,

Dr. Martin Ellery
International Academic Consortium Coordinator",Question about your work in ML systems,"I have read your recent paper on scalable machine learning systems. Your approach to improving pipeline efficiency is very relevant to my current project. I am interested in discussing some technical details and possible collaboration. If you are open to a short call or email exchange, please let me know your availability.",Possible Collaboration Opportunity,"Hello,

I am reaching out to see if you are interested in a possible collaboration. I think we could work together on something in the future. Please let me know if you want to discuss this more. Looking forward to your reply.

Thank you."
per-036,Dr. Tariq Hassan,,,Nomination Request: International Academic Excellence Award 2024,"Dear Esteemed Colleague,

On behalf of the Selection Committee of the Global Institute for Scholarly Advancement (GISA), we are pleased to inform you that you have been preliminarily nominated for the International Academic Excellence Award 2024. This recognition is presented annually at the World Congress on Interdisciplinary Research (WCIR), scheduled for 14-17 September 2024 at the Grand Meridian Conference Center, Geneva, Switzerland.

Your nomination was recommended by members of the Academic Review Board, including Dr. Helena Voss (University of New Europa) and Prof. Samuel Lin (Pacific Research Consortium). The award is supported by the Journal of Universal Scholarship and the European Academic Network.

To proceed with your nomination, please confirm your interest by replying to this email with your updated contact details and a brief professional summary by 30 June 2024. Further instructions regarding the nomination process will be provided upon receipt.

We look forward to your response and potential participation in this distinguished event.

Sincerely,

Dr. Martin E. Rowe
Chair, GISA Selection Committee
Global Institute for Scholarly Advancement",Question about your edge computing and ML work,I read your recent paper on distributed machine learning for edge computing. Your approach to optimizing systems in this area is very relevant to my current work. I am interested in your methods and would like to discuss possible collaboration or get your feedback on a related project. Please let me know if you are open to a short conversation.,Award Nomination Request,You have been selected for a possible award. We are reaching out to confirm your interest. Please reply to this email if you would like to be considered. More details will be shared after your response. Thank you for your attention.
per-037,Dr. Robert Kim,,,Invitation: Global Academic Seminar Series 2024 at International Research Forum,"Dear Esteemed Colleague,

On behalf of the Organizing Committee of the Global Academic Seminar Series 2024, we are pleased to extend an invitation to you to participate in our upcoming event. The seminar series is hosted by the International Research Forum in collaboration with the Center for Advanced Academic Studies and the Journal of Contemporary Scholarship. The sessions will be held at the Grand Conference Hall, University of Metropolitan Studies, London, from September 12th to 15th, 2024.

Distinguished speakers, including Dr. Samuel T. Hargrove (Chair, Academic Council), Prof. Linda M. Chen (Editor-in-Chief, Modern Knowledge Review), and Dr. Peter J. Novak (Director, Institute of Scholarly Exchange), will be presenting. The seminar series aims to foster interdisciplinary dialogue and promote academic excellence.

We encourage you to confirm your participation by registering through the provided link. For further details, please contact Ms. Rachel D. Evans, Seminar Coordinator, at events@irforum-acad.org.

We look forward to your valued presence at this prestigious event.

Sincerely,

The Organizing Committee
Global Academic Seminar Series 2024",Question about your work on edge ML systems,I read your recent work on distributed machine learning for edge environments. The way you address system optimization is very relevant to my current project. I am interested in how you handle adaptive frameworks in this context. Would you be open to sharing more about your approach or discussing possible collaboration? Please let me know if you are available for a short call.,Invitation to Upcoming Seminar Series,You are invited to join our seminar series. The sessions will be held online soon. More details will be shared later. Please reply if you are interested in attending. We hope you can join us for these events.
per-038,Dr. Lars Andersson,,,Request for Feedback: Research Proposal Review – International Symposium on Advanced Studies 2024,"Dear Esteemed Colleague,

On behalf of the Organizing Committee of the International Symposium on Advanced Studies 2024, to be held at the Grand Meridian Conference Center, Geneva, from September 12-15, we are reaching out to select members of the academic community for their valued insights. As part of our ongoing collaboration with the Global Institute for Scholarly Excellence and the Journal of Contemporary Research Initiatives, we are currently reviewing a number of research proposals submitted for consideration.

We would greatly appreciate your feedback on a proposal recently received by our committee. The proposal, authored by Dr. Samuel T. Hargrove (Midlands University), is under preliminary review for potential inclusion in the upcoming symposium proceedings. Your expertise and perspective would be highly beneficial to our assessment process.

Please find the proposal attached for your confidential review. We kindly request your comments by July 18, 2024. Should you have any questions, please contact Ms. Lila Chen, Symposium Coordinator, at lchen@isas2024.org.

Thank you for your time and consideration.

Sincerely,
Dr. Martin E. Voss
Review Panel Chair
International Symposium on Advanced Studies 2024",Question about your work on distributed ML for edge systems,I read your recent paper on optimizing distributed ML for edge computing. Your approach to resource allocation in these systems is very relevant to my current project. I am interested in how you handle deployment challenges in real-world edge environments. Would you be open to a short call to discuss your methods and possible collaboration?,Request for Feedback on Proposal,"Hello, I am working on a research proposal and would like your feedback. Please let me know your thoughts when you have time. Your input would be helpful. If you need more details, I can share them. Thank you for considering this request."
per-039,Dr. Chloe Taylor,,,Call for Papers: International Symposium on Advanced Academic Research 2024,"Dear Esteemed Colleague,

We are pleased to announce the Call for Papers for the 7th International Symposium on Advanced Academic Research (ISAAR 2024), organized by the Global Institute for Scholarly Exchange (GISE) in collaboration with the Journal of Universal Studies (JUS). The symposium will be held at the Grand Convention Center, City of New Horizons, from September 18-21, 2024. 

We cordially invite submissions from scholars, researchers, and practitioners worldwide. All accepted papers will be published in the Proceedings of ISAAR 2024, with selected works considered for special issues in JUS. The conference will feature keynote addresses by Prof. Linda M. Carter (University of Metropolitan Excellence) and Dr. Samuel T. Nguyen (Continental Research Academy).

Important Dates:
- Submission Deadline: July 15, 2024
- Notification of Acceptance: August 10, 2024
- Early Registration: August 25, 2024

For submission guidelines and further information, please visit our website or contact the Organizing Committee at isaar2024@conference-mail.org.

Sincerely,
Dr. Elena V. Brooks
ISAAR 2024 Organizing Chair",Question about your work on low-latency ML for IoT,I have been reading your recent paper on low-latency machine learning for IoT devices. Your approach to scalable neural network architectures is very relevant to my current work. I am interested in discussing possible collaboration or sharing ideas. Would you be open to a short call to talk about this further?,Call for Papers - Submit Your Work,"We invite you to submit your papers for our upcoming publication. All topics are welcome. Please send your work by the deadline. For more details, reply to this email. We look forward to your submission. Thank you for your interest."
per-040,Dr. Trevor Beauchamp,,,Invitation: Global Academic Networking Symposium 2024 – Connect with Leading Scholars,"Dear Esteemed Researcher,

On behalf of the Organizing Committee of the International Consortium for Academic Collaboration (ICAC), we are pleased to invite you to participate in the upcoming Global Academic Networking Symposium 2024. The event will be held at the Grand Meridian Conference Center, hosted by the Institute for Advanced Interdisciplinary Studies, from September 12-14, 2024, in partnership with the Journal of Innovative Research and the European Academic Exchange Forum.

This symposium will feature keynote addresses from distinguished figures such as Prof. Linda M. Carroway (University of Northbridge) and Dr. Samuel T. Hargrove (Pacific Research Institute). Attendees will have the opportunity to engage in dynamic networking sessions, collaborative workshops, and panel discussions on emerging trends in academia.

We encourage you to confirm your participation by registering through the official event portal. For further details, please contact the Event Secretariat at events@icac-global.org.

We look forward to welcoming you to this unique gathering of scholars.

Sincerely,
Dr. Fiona L. Wexler
Chair, Organizing Committee
Global Academic Networking Symposium 2024",Question about your recent work on edge computing,I have been following your research on distributed machine learning for edge devices. Your recent paper on optimizing these systems was very relevant to my current project. I am interested in how you addressed scalability in your experiments. Would you be open to sharing more details or discussing possible collaboration? Please let me know if you are available for a short call.,Invitation to Networking Event,You are invited to a networking event for researchers. This is a good chance to meet others and share ideas. The event will be online. More details will be sent soon. Please reply if you are interested in joining.
per-041,Dr. Ryo Sato,,,Invitation: International Workshop on Emerging Computer Science Trends (IWECST 2024),"Dear Esteemed Colleague,

On behalf of the Organizing Committee, we are pleased to invite you to participate in the International Workshop on Emerging Computer Science Trends (IWECST 2024), scheduled for September 18-20, 2024, at the Grand Academic Conference Center, hosted by the Institute of Advanced Computational Studies, in collaboration with the Journal of Modern Informatics and the Global Association for Digital Innovation.

The workshop will feature keynote addresses by Prof. Linda K. Morrison (University of Northwood), Dr. Samuel T. Lee (Pacific Technical Institute), and Dr. Priya Nand (European Center for Computing Research). Sessions will cover a broad range of current topics in computer science, with opportunities for networking and knowledge exchange.

We encourage you to submit an abstract or register as a participant by July 31, 2024. For further details, please visit our official website: www.iwecst2024-conference.org.

We look forward to your valued participation in this significant academic event.

Sincerely,
Dr. Michael J. Evans
Workshop Coordinator, IWECST 2024",Question about your distributed ML inference work,I have been following your recent work on scalable neural network training and low-latency inference in distributed systems. Your approach to adaptive protocols for ML workloads is very relevant to my current project. Would you be open to discussing possible collaboration or sharing insights? I believe your experience could help address some challenges I am facing.,Invitation to Workshop on Computer Science Trends,You are invited to join a workshop about new trends in computer science. The event will cover general topics and updates. Please see the attached file for more details. Let us know if you are interested in attending. Thank you for your time.
per-042,Dr. Katri Saar,,,Invitation to Review Manuscript for International Journal of Advanced Research Studies,"Dear Esteemed Colleague,

On behalf of the Editorial Board of the International Journal of Advanced Research Studies (IJARS), we are pleased to invite you to serve as a reviewer for a recently submitted manuscript. The manuscript, authored by Dr. Michael T. Reynolds and colleagues from the Center for Interdisciplinary Innovation, University of North Midlands, has been provisionally accepted for consideration in our upcoming Special Issue on Emerging Perspectives, scheduled for publication in September 2024.

Your expertise and experience are highly valued by our editorial team, and we believe your insights would greatly contribute to the quality of this publication. The review process is coordinated by Prof. Linda S. Choi, Conference Chair of the 2024 Global Academic Forum, to be held at the Grandview Convention Center, Geneva, from 12-15 October 2024.

If you are available to review this manuscript, kindly confirm your willingness by replying to this email at your earliest convenience. Further instructions and access to the manuscript will be provided upon confirmation.

Thank you for considering this request.

Sincerely,
Editorial Office
International Journal of Advanced Research Studies",Question about your distributed ML work,I have been following your research on distributed machine learning systems. Your recent work on optimizing these systems for edge environments is very relevant to my current project. I am interested in your approach to scalable deployment. Would you be open to a short call to discuss possible collaboration or share insights? Thank you for considering this.,Request to Review Manuscript,"Hello, we are looking for someone to review a manuscript. The topic is general and does not require special knowledge. Please let us know if you are available. Your feedback would be helpful. Reply to this email if you are interested. Thank you for your time."
per-043,Dr. Arjun Mehta,,,"Invitation to Participate: 12th International Academic Forum 2024, Vienna","Dear Esteemed Colleague,

On behalf of the Organizing Committee, we are pleased to invite you to participate in the 12th International Academic Forum (IAF 2024), scheduled to take place from September 18-21, 2024, at the Grand Vienna Convention Center, Austria. This prestigious event is jointly hosted by the European Society for Interdisciplinary Research (ESIR) and the Global Academic Exchange Network (GAEN).

The conference will feature keynote addresses from distinguished scholars such as Prof. Linda M. Harrington (University of New London) and Dr. Samuel T. Becker (International Institute of Advanced Studies). Participants will have the opportunity to engage in panel discussions, workshops, and networking sessions. Selected papers will be considered for publication in the Journal of Contemporary Academic Studies (JCAS).

We encourage you to submit your abstract by July 15, 2024, via our online portal. For further details, please contact the Secretariat at info@iaf2024vienna.org or visit our website.

We look forward to your valued participation.

Sincerely,
Dr. Elena V. Petrov
Conference Chair, IAF 2024",Question about your edge ML systems work,I read your recent paper on distributed ML for edge computing. The approach to scalable architectures is very relevant to my current project. I am interested in how you handle resource constraints in real deployments. Would you be open to a short discussion or sharing more details? Your experience in this area would be very helpful.,Invitation to Join Conference,"Hello,

You are invited to take part in an upcoming conference. We welcome your participation. Please reply if you are interested. More details will be shared soon.

Thank you."
per-044,Dr. Siew Mei Chong,,,Invitation to Join the Editorial Board of the International Journal of Advanced Interdisciplinary Studies,"Dear Esteemed Colleague,

On behalf of the Organizing Committee of the International Journal of Advanced Interdisciplinary Studies (IJAIS), we are pleased to extend to you an invitation to join our distinguished Editorial Board. IJAIS is published by the Global Academic Research Consortium (GARC) in collaboration with the Center for Scholarly Excellence (CSE), and is indexed in the Universal Academic Database (UAD).

Our journal is committed to promoting high-quality research and fostering academic collaboration. As we prepare for our upcoming 2024 Special Issue, to be launched at the World Academic Symposium in Geneva (September 18-21, 2024), we are seeking accomplished professionals to contribute to our editorial processes. Editorial Board members will be acknowledged at the Annual Editorial Summit, hosted by the European Institute of Academic Leadership (EIAL).

If you are interested in this opportunity, kindly reply to Dr. Michael T. Anderson, Editorial Coordinator, by June 30, 2024. We look forward to your valued participation in advancing scholarly excellence.

Sincerely,
Editorial Office
International Journal of Advanced Interdisciplinary Studies",Question about your distributed ML systems work,"I read your recent paper on optimizing distributed ML systems for edge computing. Your approach to resource allocation is very relevant to my current project. I am interested in discussing possible collaboration or getting your feedback on related work. If you are open to this, please let me know and I can share more details.",Invitation to Join Editorial Board,"We are looking for new members to join our journal editorial board. Your background may be a good fit. If you are interested, please reply to this email. We can share more details about the process. Thank you for considering this opportunity."
per-045,Dr. Sven Visser,,,Invitation for Collaborative Research Opportunity – International Academic Consortium 2024,"Dear Esteemed Colleague,

On behalf of the Organizing Committee of the Global Academic Advancement Forum (GAAF) and the International Consortium for Scholarly Exchange (ICSE), we are pleased to extend an invitation to explore potential collaborative research initiatives. Our upcoming event, the 12th Annual Summit on Interdisciplinary Scholarship, will be held at the Grand Meridian Conference Center, Geneva, Switzerland, from September 18-21, 2024.

We are reaching out to distinguished academics from renowned institutions such as the European Institute of Higher Learning and the Pacific Research Foundation. Our editorial partners, including the Journal of Universal Studies and the World Academic Review, are also keen to support joint projects.

We believe your expertise would be a valuable addition to our collaborative network. Dr. Helena Voss (Chair, GAAF) and Prof. Samuel Lin (Director, ICSE) are available for preliminary discussions at your convenience.

Please let us know if you are interested in learning more about this opportunity. We look forward to your positive response.

Sincerely,

Dr. Martin Ellery
International Academic Consortium Coordinator",Question about your work on adaptive learning rates,"I read your recent paper on adaptive learning rate algorithms in distributed systems. Your approach to scalable model training is very relevant to my current project. I am interested in discussing possible collaboration or feedback on related methods. If you are open to a short call or email exchange, please let me know.",Possible Collaboration Opportunity,"Hello,

I am reaching out to see if you are interested in a possible collaboration. I think we could work together on something in the future. Please let me know if you want to discuss this more. Looking forward to your reply.

Thank you."
per-046,Dr. Chidi Okonkwo,,,Nomination Request: International Academic Excellence Award 2024,"Dear Esteemed Colleague,

On behalf of the Selection Committee of the Global Institute for Scholarly Advancement (GISA), we are pleased to inform you that you have been preliminarily nominated for the International Academic Excellence Award 2024. This recognition is presented annually at the World Congress on Interdisciplinary Research (WCIR), scheduled for 14-17 September 2024 at the Grand Meridian Conference Center, Geneva, Switzerland.

Your nomination was recommended by members of the Academic Review Board, including Dr. Helena Voss (University of New Europa) and Prof. Samuel Lin (Pacific Research Consortium). The award is supported by the Journal of Universal Scholarship and the European Academic Network.

To proceed with your nomination, please confirm your interest by replying to this email with your updated contact details and a brief professional summary by 30 June 2024. Further instructions regarding the nomination process will be provided upon receipt.

We look forward to your response and potential participation in this distinguished event.

Sincerely,

Dr. Martin E. Rowe
Chair, GISA Selection Committee
Global Institute for Scholarly Advancement",Interest in your work on federated learning and embedded systems,I have read your recent paper on federated learning for embedded devices. Your approach to energy-efficient neural network deployment is very relevant to my current project. I am seeking contributors with expertise in this area. Would you be interested in sharing your insights or collaborating? Please let me know if you are open to further discussion.,Award Nomination Request,You have been selected for a possible award. We are reaching out to confirm your interest. Please reply to this email if you would like to be considered. More details will be shared after your response. Thank you for your attention.
per-047,Dr. Nasrin Hosseini,,,Invitation: Global Academic Seminar Series 2024 at International Research Forum,"Dear Esteemed Colleague,

On behalf of the Organizing Committee of the Global Academic Seminar Series 2024, we are pleased to extend an invitation to you to participate in our upcoming event. The seminar series is hosted by the International Research Forum in collaboration with the Center for Advanced Academic Studies and the Journal of Contemporary Scholarship. The sessions will be held at the Grand Conference Hall, University of Metropolitan Studies, London, from September 12th to 15th, 2024.

Distinguished speakers, including Dr. Samuel T. Hargrove (Chair, Academic Council), Prof. Linda M. Chen (Editor-in-Chief, Modern Knowledge Review), and Dr. Peter J. Novak (Director, Institute of Scholarly Exchange), will be presenting. The seminar series aims to foster interdisciplinary dialogue and promote academic excellence.

We encourage you to confirm your participation by registering through the provided link. For further details, please contact Ms. Rachel D. Evans, Seminar Coordinator, at events@irforum-acad.org.

We look forward to your valued presence at this prestigious event.

Sincerely,

The Organizing Committee
Global Academic Seminar Series 2024",Interest in your distributed ML systems work,"I read your recent paper on distributed machine learning for edge computing. The approach you used for optimizing system performance is very relevant to my current work. I am interested in discussing possible collaboration or sharing ideas about scalable AI systems. If you are available, could we arrange a short call to talk further?",Invitation to Upcoming Seminar Series,You are invited to join our seminar series. The sessions will be held online soon. More details will be shared later. Please reply if you are interested in attending. We hope you can join us for these events.
per-048,Dr. Antoine Moreau,,,Request for Feedback: Research Proposal Review – International Symposium on Advanced Studies 2024,"Dear Esteemed Colleague,

On behalf of the Organizing Committee of the International Symposium on Advanced Studies 2024, to be held at the Grand Meridian Conference Center, Geneva, from September 12-15, we are reaching out to select members of the academic community for their valued insights. As part of our ongoing collaboration with the Global Institute for Scholarly Excellence and the Journal of Contemporary Research Initiatives, we are currently reviewing a number of research proposals submitted for consideration.

We would greatly appreciate your feedback on a proposal recently received by our committee. The proposal, authored by Dr. Samuel T. Hargrove (Midlands University), is under preliminary review for potential inclusion in the upcoming symposium proceedings. Your expertise and perspective would be highly beneficial to our assessment process.

Please find the proposal attached for your confidential review. We kindly request your comments by July 18, 2024. Should you have any questions, please contact Ms. Lila Chen, Symposium Coordinator, at lchen@isas2024.org.

Thank you for your time and consideration.

Sincerely,
Dr. Martin E. Voss
Review Panel Chair
International Symposium on Advanced Studies 2024",Question about your work on efficient ML in networks,I read your recent paper on energy-efficient machine learning in distributed systems. Your approach to optimizing models for limited network resources is very relevant to my current project. I am interested in how you handle deployment challenges in real-world settings. Would you be open to a short call to discuss your methods and possible collaboration?,Request for Feedback on Proposal,"Hello, I am working on a research proposal and would like your feedback. Please let me know your thoughts when you have time. Your input would be helpful. If you need more details, I can share them. Thank you for considering this request."
per-049,Dr. Min-Jun Kang,,,Call for Papers: International Symposium on Advanced Academic Research 2024,"Dear Esteemed Colleague,

We are pleased to announce the Call for Papers for the 7th International Symposium on Advanced Academic Research (ISAAR 2024), organized by the Global Institute for Scholarly Exchange (GISE) in collaboration with the Journal of Universal Studies (JUS). The symposium will be held at the Grand Convention Center, City of New Horizons, from September 18-21, 2024. 

We cordially invite submissions from scholars, researchers, and practitioners worldwide. All accepted papers will be published in the Proceedings of ISAAR 2024, with selected works considered for special issues in JUS. The conference will feature keynote addresses by Prof. Linda M. Carter (University of Metropolitan Excellence) and Dr. Samuel T. Nguyen (Continental Research Academy).

Important Dates:
- Submission Deadline: July 15, 2024
- Notification of Acceptance: August 10, 2024
- Early Registration: August 25, 2024

For submission guidelines and further information, please visit our website or contact the Organizing Committee at isaar2024@conference-mail.org.

Sincerely,
Dr. Elena V. Brooks
ISAAR 2024 Organizing Chair",Question about your edge computing work,"I read your recent paper on distributed ML systems for edge computing. Your approach to optimizing resource use is very relevant to my current project. I am interested in discussing possible collaboration or feedback on related methods. If you are open to a short call or email exchange, please let me know.",Call for Papers - Submit Your Work,"We invite you to submit your papers for our upcoming publication. All topics are welcome. Please send your work by the deadline. For more details, reply to this email. We look forward to your submission. Thank you for your interest."
per-050,Dr. Emma Radcliffe,,,Invitation: Global Academic Networking Symposium 2024 – Connect with Leading Scholars,"Dear Esteemed Researcher,

On behalf of the Organizing Committee of the International Consortium for Academic Collaboration (ICAC), we are pleased to invite you to participate in the upcoming Global Academic Networking Symposium 2024. The event will be held at the Grand Meridian Conference Center, hosted by the Institute for Advanced Interdisciplinary Studies, from September 12-14, 2024, in partnership with the Journal of Innovative Research and the European Academic Exchange Forum.

This symposium will feature keynote addresses from distinguished figures such as Prof. Linda M. Carroway (University of Northbridge) and Dr. Samuel T. Hargrove (Pacific Research Institute). Attendees will have the opportunity to engage in dynamic networking sessions, collaborative workshops, and panel discussions on emerging trends in academia.

We encourage you to confirm your participation by registering through the official event portal. For further details, please contact the Event Secretariat at events@icac-global.org.

We look forward to welcoming you to this unique gathering of scholars.

Sincerely,
Dr. Fiona L. Wexler
Chair, Organizing Committee
Global Academic Networking Symposium 2024",Question about your work on energy-efficient ML,I have been following your research on energy-efficient machine learning systems. Your recent work on adaptive resource allocation in ML clusters is very relevant to my current project. I am interested in discussing possible collaboration or sharing ideas. Would you be open to a short call to talk about this?,Invitation to Networking Event,You are invited to a networking event for researchers. This is a good chance to meet others and share ideas. The event will be online. More details will be sent soon. Please reply if you are interested in joining.
per-051,Dr. Alice Zhang,"Invitation to Keynote: International Symposium on Advanced Cybersecurity Analytics (ISACA 2024), Berlin, 18-21 September 2024","Dear Dr. Alice Zhang,

On behalf of the Organizing Committee of the International Symposium on Advanced Cybersecurity Analytics (ISACA 2024), to be held at the Humboldt University of Berlin from 18-21 September 2024, I am honored to extend a formal invitation for you to deliver a keynote address. Your pioneering research in Machine Learning for Cybersecurity, particularly your recent publication, ""Adaptive Adversarial Training for Robust Network Intrusion Detection"" (co-authored with Dr. Wei Chen), has garnered significant attention within the global academic community. We are especially impressed by your receipt of the National Science Foundation of China Outstanding Young Scientist Award, which underscores your leadership in this critical field.

ISACA 2024 will feature distinguished speakers such as Prof. Maria Fernandez (ETH Zurich), Dr. Samuel Lee (MIT CSAIL), and Dr. Hiroshi Tanaka (University of Tokyo). We believe your insights would greatly enrich our session on ""AI-Driven Threat Detection and Response.""

Kindly confirm your participation by completing the attached registration form via the secure portal at https://isaca2024-berlin.org/registration by 15 July 2024. Should you require any assistance, please contact our Secretariat at isaca2024@conference-admin.org.

We look forward to your affirmative response and to welcoming you in Berlin.

Sincerely,

Dr. Elena Müller
Conference Chair, ISACA 2024
Humboldt University of Berlin",Invitation to Present at IWECST 2024 – Special Session on Computational Paradigms,"Dear Dr. Alice Zhang,

On behalf of the Organizing Committee of the International Workshop on Emerging Computer Science Trends (IWECST 2024), it is my distinct pleasure to extend to you a formal invitation to participate as a distinguished speaker in our upcoming Special Session on ""Innovative Computational Paradigms and Future Directions."" IWECST 2024 will be held from September 18-21, 2024, at the Shanghai International Convention Center, in collaboration with the Association for Computing Machinery (ACM) China Council and the European Alliance for Digital Innovation.

Your esteemed contributions to the field of computer science, as recognized by your recent accolades such as the National Science Foundation of China Outstanding Young Scientist Award, and your collaborative work with Dr. Wei Chen, have garnered significant attention among our program committee, including Prof. Maria Gonzalez (ETH Zurich), Dr. Samuel Lee (MIT), and Prof. Hiroshi Tanaka (University of Tokyo). We believe your insights would greatly enrich the session, which will also feature keynote addresses by Prof. Elena Petrova (Moscow State University) and Dr. James O’Connor (Imperial College London).

We kindly request you to confirm your participation by July 15, 2024, to facilitate inclusion in the official program and conference proceedings. Please reply to this email or contact our session coordinator, Ms. Linda Wu (linda.wu@iwecst2024.org), at your earliest convenience.

We look forward to your positive response and to welcoming you to IWECST 2024 in Shanghai.

Sincerely,

Dr. Michael Anders
Program Chair, IWECST 2024
Shanghai International Convention Center
www.iwecst2024.org",Question about your recent work,I read your paper on adaptive adversarial training for network intrusion detection. I am interested in your approach and would like to know if you can share more details or code. Please let me know how I can access your materials. Thank you for your help.,Invitation to Submit Paper to Workshop,You are invited to submit a paper to the International Workshop on Emerging Computer Science Trends. This is a great chance to share your work and connect with others in the field. Please reply if you are interested or need more information about the submission process.
per-052,Dr. Samuel Johnson,Invitation to Keynote: International Symposium on Advanced OS Security – Recognition of Your Recent DARPA-Funded Research,"Dear Dr. Samuel Johnson,

On behalf of the Program Committee of the 17th International Symposium on Advanced Operating Systems Security (IS-AOSS 2024), to be held at the University of Cambridge, United Kingdom, from September 12-15, 2024, I am delighted to extend a formal invitation for you to deliver a keynote address. Your recent publication, ""Enhancing Kernel Isolation with Hardware-Assisted Security Mechanisms,"" co-authored with Dr. Elena Garcia and supported by the prestigious DARPA Cybersecurity Challenge Grant, has garnered significant attention among our reviewers and the broader academic community.

Given your pioneering work at the Massachusetts Institute of Technology in the field of operating systems security, we believe your insights would be invaluable to our attendees, including representatives from the European Network and Information Security Agency (ENISA), the National Cyber Security Centre (NCSC), and the IEEE Technical Committee on Security and Privacy. As a keynote speaker, you will be featured alongside Prof. Michael Tan (Stanford University) and Dr. Priya Nair (ETH Zurich).

Please confirm your participation by completing the attached registration form by July 10, 2024. Should you require any further information regarding travel arrangements or honorarium details, kindly contact our symposium coordinator, Ms. Laura Bennett, at laura.bennett@isaoss2024.org.

We look forward to your affirmative response and to celebrating your outstanding contributions to the field.

Sincerely,

Dr. Richard Evans
Chair, IS-AOSS 2024 Organizing Committee
University of Cambridge",Invitation to Review Manuscript for International Journal of Advanced Research Studies – Submission ID: IJARS-2024-1578,"Dear Dr. Samuel Johnson,

On behalf of the Editorial Board of the International Journal of Advanced Research Studies (IJARS), we are honored to extend an invitation to you, as a distinguished faculty member at the Massachusetts Institute of Technology, United States, to serve as a peer reviewer for a recent manuscript submission entitled ""Adaptive Resource Allocation Strategies in Distributed Computing Environments"" (Submission ID: IJARS-2024-1578). This manuscript, authored by Prof. Li Wei (Tsinghua University), Dr. Maria Rossi (Politecnico di Milano), and Dr. Ahmed Al-Farsi (King Fahd University of Petroleum and Minerals), was presented at the 18th International Symposium on Computational Systems, held at the Palais des Congrès, Paris, on March 12-15, 2024, and is now under consideration for our upcoming Special Issue on Emerging Paradigms in Computer Science.

Given your extensive experience and recent involvement in high-impact projects such as the DARPA Cybersecurity Challenge Grant, as well as your collaborative work with Dr. Elena Garcia, we believe your insights would be invaluable to our rigorous review process. We kindly request your response by June 28, 2024, to confirm your availability. Please access the manuscript and submit your review via our secure portal at https://ijars-peerreview.org/secure-login.

We greatly appreciate your contribution to advancing scholarly excellence.

Sincerely,

Prof. Michael Andersen
Editor-in-Chief, IJARS
International Journal of Advanced Research Studies
Cambridge, United Kingdom",Question about your kernel isolation work,I read your recent paper on improving kernel isolation with hardware support. I am interested in your approach and would like to know more about your methods. Could you please share the full text or any extra details? Thank you for your time.,Manuscript Review Request,"You have been selected to review a manuscript for International Journal of Advanced Research Studies. Please confirm your availability by clicking the link below. Your feedback is important to us. If you have any questions, reply to this email. Thank you for your support."
per-053,Dr. Fatima Al-Mansouri,Invitation to Keynote: International Symposium on Multilingual NLP – Recognition of Your Recent Contributions,"Dear Dr. Fatima Al-Mansouri,

On behalf of the Organizing Committee of the 12th International Symposium on Multilingual Natural Language Processing and Social Computing (ISMNLP-SC 2024), to be held at the University of Edinburgh, UK, from September 18-21, 2024, we are honored to extend a formal invitation for you to deliver a keynote address. Your recent publication, ""Multilingual Transformer Models for Contextual Hate Speech Classification,"" co-authored with Dr. Omar El-Haddad and presented at the 2024 ACL Conference in Singapore, has garnered significant attention in the field. The committee, including Prof. Linda Zhao (Stanford University), Dr. Rajesh Kumar (IIT Delhi), and Dr. Maria Fernandez (University of Barcelona), unanimously recognized your pioneering work in hate speech detection and multilingual NLP.

We are particularly interested in your insights as a recipient of the Qatar National Research Fund Early Career Award, and believe your expertise will greatly enrich our session on ""AI Ethics and Social Impact in Multilingual Contexts."" Kindly confirm your participation by uploading your CV and a brief abstract via the secure portal at https://ismnlp2024-keynote-portal.com by July 10, 2024.

We look forward to your positive response.

Sincerely,
Dr. Peter Johansson
Chair, ISMNLP-SC 2024
University of Edinburgh","Invitation to Present at the 12th International Academic Forum 2024, Vienna – Distinguished Panel on Computational Linguistics","Dear Dr. Fatima Al-Mansouri,

On behalf of the Organizing Committee of the 12th International Academic Forum 2024, to be held at the Vienna International Centre, Austria, from September 18th to 22nd, 2024, I am honored to extend a formal invitation for your participation as a distinguished speaker in our Special Panel on Advances in Computational Linguistics and Artificial Intelligence. The Forum, under the patronage of the European Association for Computational Research (EACR) and in collaboration with the Vienna Institute of Technology, will feature keynote addresses from eminent scholars such as Prof. Ingrid Schneider (University of Hamburg), Dr. Rajesh Kumar (Indian Institute of Technology, Delhi), and Dr. Maria Rossi (Sapienza University of Rome).

Your exemplary contributions to the academic community, as recognized by the Qatar National Research Fund Early Career Award and your collaborative work with Dr. Omar El-Haddad, have come to our attention through our Scientific Advisory Board. We would be delighted if you could submit an extended abstract by July 15th, 2024, for inclusion in the official proceedings published by Springer Nature. Kindly confirm your participation at your earliest convenience by following the secure registration link below.

We look forward to your valued response and hope to welcome you to Vienna this September.

Sincerely,

Dr. Lukas Meier
Conference Chair, 12th International Academic Forum 2024
Vienna International Centre, Austria",Question about your recent work on hate speech detection,I read your paper on multilingual models for hate speech classification and found it very interesting. I have some questions about your approach and results. Could you please share more details or any related resources? I would appreciate your insights. Thank you for your time.,Invitation to Submit Your Work,We invite you to share your recent research at the upcoming international academic forum in Vienna. This is a great chance to present your work and connect with others in your field. Please reply if you are interested in submitting your paper or need more information.
per-054,Dr. Ivan Petrov,Invitation to Present at the 2024 International Symposium on Advanced Cryptographic Protocols – Special Session on IoT Security,"Dear Dr. Ivan Petrov,

On behalf of the Organizing Committee of the 2024 International Symposium on Advanced Cryptographic Protocols (ISACP), to be held at the Massachusetts Institute of Technology, Cambridge, USA, from September 18-22, 2024, we are honored to extend a formal invitation for you to present your recent work, ""New Lightweight Protocols for Secure IoT Communications,"" co-authored with Dr. Natalia Sokolova. Your pioneering research in cryptographic protocol design, particularly as supported by your Russian Science Foundation Grant, has garnered significant attention among the global cryptography community.

We are curating a special session on ""Emerging Lightweight Protocols for Secure IoT Environments,"" chaired by Prof. Michael Anderson (Stanford University) and Dr. Li Wei (Tsinghua University), and believe your expertise would provide invaluable insights. Selected presenters will be featured in a dedicated panel discussion and receive complimentary registration, accommodation at the Hyatt Regency Cambridge, and a travel stipend sponsored by the IEEE Communications Society.

Kindly confirm your participation by uploading your extended abstract and CV via our secure submission portal at https://isacp2024-secure.org/submit by July 10, 2024. Should you require any assistance, please contact our session coordinator, Ms. Emily Carter (emily.carter@isacp2024.org).

We look forward to your esteemed contribution to ISACP 2024.

Sincerely,
Dr. Rajesh Kumar
Program Chair, ISACP 2024
Massachusetts Institute of Technology",Invitation to Submit Manuscript: Special Issue on Emerging Paradigms in Computational Sciences – IJ-AIS Editorial Board,"Dear Dr. Ivan Petrov,

On behalf of the Editorial Board of the International Journal of Advanced Interdisciplinary Studies (IJ-AIS), we are honored to extend a formal invitation to you, as a distinguished faculty member of Moscow State University, Russia, to contribute a manuscript to our forthcoming Special Issue entitled ""Emerging Paradigms in Computational Sciences: Theory, Application, and Innovation."" This issue, scheduled for publication in December 2024, will be guest-edited by Prof. Maria Kuznetsova (ETH Zurich), Dr. Samuel Lee (Massachusetts Institute of Technology), and Dr. Hiroshi Tanaka (University of Tokyo).

Your exemplary academic record, including your recent collaboration with Dr. Natalia Sokolova and your leadership in projects funded by the Russian Science Foundation Grant, has been recognized by our selection committee. We believe your insights would greatly enrich the discourse at the intersection of computational theory and interdisciplinary applications.

We cordially invite you to submit a full-length manuscript by August 15, 2024, via our online submission portal. For detailed author guidelines and conference partnership opportunities (e.g., the 2024 Vienna Interdisciplinary Research Symposium), please refer to the attached documentation.

We look forward to your valued contribution.

Sincerely,
Dr. Elena Markova
Editorial Board Coordinator
International Journal of Advanced Interdisciplinary Studies",Question about your recent work on secure protocols,I read your paper on lightweight protocols for secure device communication. I am interested in your approach and would like to know more. Could you please share the full text or any extra details? I am working on a similar topic and your insights would be helpful.,Invitation to Review Manuscript,"Dear Researcher, the editorial board of the international journal of advanced interdisciplinary studies invites you to review a new manuscript. Please confirm your interest by replying to this email. Further details and access to the document will be provided after your response. Thank you for your consideration."
per-055,Dr. Maria Fernandez,"Invitation to Keynote: International Symposium on Human-Centric Privacy Technologies, Vienna, Sept 2024","Dear Dr. Maria Fernandez,

On behalf of the Organizing Committee of the International Symposium on Human-Centric Privacy Technologies (ISHCPT 2024), to be held at the Vienna University of Technology from September 18-21, 2024, I am delighted to extend a formal invitation for you to deliver a keynote address. Your recent publication, ""User-Centered Privacy Controls for Mobile Applications,"" co-authored with Dr. Lucas Mendes and supported by the São Paulo Research Foundation (FAPESP) Grant, has garnered significant attention among the Human-Computer Interaction and Privacy research communities. We believe your expertise, particularly in the context of user-centric privacy frameworks and adaptive consent mechanisms, aligns perfectly with the symposium’s central themes.

The conference will feature distinguished speakers such as Prof. Ingrid Wagner (ETH Zurich), Dr. Samuel Okoye (Carnegie Mellon University), and Dr. Priya Natarajan (University of Cambridge). We would be honored to include your insights in our plenary session on September 19th at the Festsaal, Vienna University of Technology.

Kindly confirm your participation by accessing the secure registration portal at https://ishcpt2024-vienna.org/registration/fernandez-keynote using your institutional credentials by June 30, 2024. Should you require any assistance, please contact our Secretariat at secretariat@ishcpt2024-vienna.org.

We look forward to your positive response and to welcoming you to Vienna.

Sincerely,

Dr. Markus Schneider
Conference Chair, ISHCPT 2024
Vienna University of Technology",Collaborative Research Opportunity – International Academic Consortium 2024,"Dear Dr. Maria Fernandez,

I hope this message finds you well. My name is Dr. Jonathan Lee, Senior Program Coordinator at the International Academic Consortium (IAC), in partnership with the Massachusetts Institute of Technology (MIT), the University of Cambridge, and the National University of Singapore. We are delighted to extend an invitation to you, representing the University of São Paulo, Brazil, to participate in our upcoming Global Interdisciplinary Research Initiative, scheduled for October 14-18, 2024, at the Palais des Congrès de Montréal, Canada, as part of the World Academic Summit.

Our 2024 program, endorsed by the European Research Council (ERC) and the Association for Computing Machinery (ACM), will feature keynote addresses by Prof. Elena Rossi (ETH Zurich) and Dr. Samuel Okafor (University of Cape Town), as well as collaborative workshops on emerging methodologies in computational social sciences. We are particularly interested in your expertise and your recent collaboration with Dr. Lucas Mendes, supported by the São Paulo Research Foundation (FAPESP) Grant.

Please confirm your interest by submitting your CV and a brief statement of intent to our selection committee by July 15, 2024. We look forward to your valuable contribution to this prestigious event.

Sincerely,
Dr. Jonathan Lee
International Academic Consortium",Question about your privacy controls research,I read your recent work on privacy controls for mobile apps and found it very interesting. I have some questions about your approach and would like to discuss possible collaboration. Can you please review the attached file and share your thoughts? Looking forward to your reply.,Collaborative Research Opportunity – International Academic Consortium 2024,We are inviting select researchers to join a new academic consortium focused on collaborative projects. Your expertise would be valuable to our group. Please review the attached document for more details and confirm your interest by replying to this email. We look forward to your response.
per-056,Dr. James O’Connor,Invitation to Keynote at the 2024 International Symposium on Formal Security Methods – Special Recognition for ERC Grant Recipients,"Dear Dr. James O’Connor,

I hope this message finds you well. My name is Prof. Laurent Dubois, Chair of the Organizing Committee for the 2024 International Symposium on Formal Security Methods (ISFSM), to be held at the École Polytechnique, Paris, from September 18-21, 2024. We have been following your outstanding contributions to the field of Formal Methods in Security, particularly your recent publication, ""Model Checking for Secure Software Development Lifecycle,"" co-authored with Dr. Siobhan Murphy and presented at the ACM SIGSAC Conference in Vienna last November.

In recognition of your European Research Council Starting Grant and your pioneering work at Trinity College Dublin, we are delighted to invite you as a keynote speaker for our special session on ""Innovative Approaches to Secure Software Engineering."" This session will feature distinguished researchers such as Prof. Ingrid Schneider (University of Hamburg) and Dr. Matteo Rossi (Politecnico di Milano).

To confirm your participation and access the preliminary agenda, please review the attached document and complete the secure registration form via the provided link by June 30, 2024. Your insights would be invaluable to our international audience.

We look forward to your positive response.

Best regards,
Prof. Laurent Dubois
ISFSM 2024 Organizing Committee
École Polytechnique, Paris",Notification: International Academic Excellence Award 2024 Nomination – Formal Invitation to Ceremony at ETH Zurich,"Dear Dr. James O’Connor,

On behalf of the International Academic Excellence Committee, it is our distinct honor to inform you that you have been shortlisted for the prestigious International Academic Excellence Award 2024. This recognition, endorsed by the Global Council for Higher Education and the European Association for Academic Distinction, celebrates outstanding contributions to the advancement of scholarly research and academic leadership worldwide.

Your nomination was supported by distinguished members of the selection panel, including Prof. Elena Rossi (University of Bologna), Dr. Michael Tanaka (Kyoto University), and Prof. Ingrid Svensson (Uppsala University), following a rigorous evaluation process conducted in collaboration with the Academic Integrity Symposium 2024 and the World Congress on Research Innovation.

We cordially invite you to the official award ceremony, scheduled for 18 September 2024 at the Paul Klee Auditorium, ETH Zurich, Switzerland. Kindly confirm your attendance by completing the secure registration form at the link below by 30 June 2024. Your prompt response will ensure your inclusion in the event program and associated press releases.

Congratulations once again on this remarkable achievement.

Sincerely,
Dr. Laurent Dubois
Chair, International Academic Excellence Committee
ETH Zurich",Question about your recent work,I read your paper on model checking for secure software development and found it very interesting. I have some questions about your approach and would like to discuss it further. Can you please send me the full version of your paper or any related materials? Thank you.,Congratulations on Your Academic Award,You have been selected for the International Academic Excellence Award 2024. Please review your details and confirm your acceptance by following the link below. This is an important step to complete your registration and receive further information about the award process.
per-057,Dr. Aisha Khan,"Invitation to Keynote: International Symposium on AI-Driven Cybersecurity (ISADC 2024), Berlin – Recognition of Your Recent Work","Dear Dr. Aisha Khan,

I hope this message finds you well. My name is Prof. Markus Schneider, Chair of the Organizing Committee for the International Symposium on AI-Driven Cybersecurity (ISADC 2024), to be held at the Humboldt University of Berlin from September 18-21, 2024. We have been closely following your pioneering research at the National University of Singapore, particularly your recent publication, ""Graph Neural Networks for Behavior-Based Malware Classification,"" co-authored with Dr. Wei Ling and funded by the Singapore Ministry of Education Academic Research Fund (AcRF Tier 2, Grant MOE2019-T2-1-123).

Your innovative contributions to deep learning methodologies for malware detection have garnered significant attention among our program committee, which includes representatives from ETH Zurich, Carnegie Mellon University, and the Max Planck Institute for Informatics. We are honored to invite you as a keynote speaker to present your latest findings and participate in a panel discussion alongside Prof. Elena Rossi (Politecnico di Milano) and Dr. Samuel Becker (Imperial College London).

Kindly confirm your participation by completing the attached registration form by July 10, 2024. Should you require any assistance with travel arrangements or visa documentation, please do not hesitate to contact our administrative coordinator, Ms. Julia Weber (julia.weber@isadc2024.org).

We look forward to your positive response and to welcoming you in Berlin.

Best regards,
Prof. Markus Schneider
Chair, ISADC 2024 Organizing Committee
Humboldt University of Berlin","Invitation: Keynote Speaker Opportunity at Global Academic Seminar Series 2024, International Research Forum, Berlin – July 18-21","Dear Dr. Aisha Khan,

On behalf of the Organizing Committee of the Global Academic Seminar Series 2024, held in conjunction with the International Research Forum at the Humboldt Conference Center, Berlin, from July 18th to 21st, 2024, we are honored to extend a formal invitation for you to participate as a distinguished keynote speaker. This prestigious event, supported by the European Council for Scientific Advancement and the Alexander von Humboldt Foundation, will convene leading scholars from institutions such as the Massachusetts Institute of Technology, University of Cambridge, and Kyoto University. The seminar series will feature thematic sessions on emerging paradigms in computational intelligence, interdisciplinary data science, and advanced algorithmic frameworks, with plenary addresses by Prof. Elena Rossi (ETH Zurich) and Dr. Samuel Osei (University of Toronto).

We believe your expertise and academic leadership at the National University of Singapore would greatly enrich our program. Kindly confirm your availability by June 10th, 2024, to facilitate travel and accommodation arrangements. Please reply to this email or contact our coordinator, Ms. Ingrid Müller, at irf2024@academicforum.org.

We look forward to your affirmative response.

Sincerely,
Dr. Markus Schneider
Chair, Global Academic Seminar Series 2024
International Research Forum",Question about your malware detection research,I read your recent work on using graph neural networks for malware classification. I am interested in learning more about your approach and how it can be applied in practice. Could you share more details or any related resources? Thank you for your time.,Invitation to Global Academic Seminar Series,"You are invited to join the Global Academic Seminar Series 2024 at International Research Forum. Please confirm your interest by reviewing the attached details and submitting your information. We look forward to your participation. If you have questions, reply to this email for more information."
per-058,Dr. Jean-Luc Dubois,Invitation to Keynote: International Symposium on Blockchain Security – Recognition of Your Recent Work,"Dear Dr. Jean-Luc Dubois,

On behalf of the Organizing Committee of the 12th International Symposium on Blockchain Security and Distributed Ledger Technologies (ISBSDLT 2024), to be held at the Massachusetts Institute of Technology, Cambridge, USA, from September 18-21, 2024, we are honored to extend a formal invitation for you to deliver a keynote address. Your recent publication, ""Scalable Consensus Mechanisms for Permissioned Blockchains,"" co-authored with Dr. Emilie Laurent and supported by the Swiss National Science Foundation Advanced Grant, has garnered significant attention among our Program Committee, including Prof. Michael Zheng (Stanford University) and Dr. Priya Natarajan (University of Oxford).

Given your pioneering research at École Polytechnique Fédérale de Lausanne in Switzerland, particularly in the domain of blockchain security, we believe your insights would be invaluable to our attendees, which include representatives from IBM Research, the European Blockchain Association, and the IEEE Technical Committee on Security and Privacy. Kindly confirm your participation by completing the attached registration form by July 10, 2024. Should you require any assistance regarding travel arrangements or visa documentation, please contact our logistics coordinator, Ms. Rachel Kim, at symposium.secretariat@isbsdlt2024.org.

We look forward to your affirmative response and to welcoming you to Cambridge.

Sincerely,
Dr. Samuel Lee
Chair, ISBSDLT 2024 Organizing Committee
Massachusetts Institute of Technology","Research Proposal Review Invitation – International Symposium on Advanced Studies 2024, Vienna, Austria","Dear Dr. Jean-Luc Dubois,

On behalf of the Organizing Committee of the International Symposium on Advanced Studies 2024, to be held at the Vienna International Centre, Austria, from September 18th to 22nd, we are honored to extend to you an invitation to serve as a distinguished reviewer for the symposium’s Research Proposal Evaluation Panel. The symposium, jointly hosted by the European Academy of Sciences, the Max Planck Institute for Informatics, and the University of Cambridge Department of Computer Science, will feature keynote addresses by Prof. Maria Gonzalez (MIT), Prof. Hiroshi Tanaka (University of Tokyo), and Dr. Alessandra Rossi (ETH Zurich).

Your extensive experience in interdisciplinary research and your recent collaborations, including your work with Dr. Emilie Laurent and your involvement with the Swiss National Science Foundation Advanced Grant, have been highly regarded by our Scientific Advisory Board, chaired by Prof. Lars Becker (Technical University of Munich).

We kindly request your confirmation of participation by July 10th, 2024, via the secure reviewer portal at https://symposium2024-evaluations.net. Your expertise will be invaluable in ensuring the highest academic standards for the symposium’s proceedings.

We look forward to your affirmative response.

Sincerely,

Dr. Petra Novak
Chair, Proposal Review Committee
International Symposium on Advanced Studies 2024",Question about your blockchain consensus work,I read your recent paper on scalable consensus for permissioned blockchains and found it very interesting. I have some questions about your approach and would like to discuss possible collaboration. Can you please open the attached file and let me know your thoughts? Thank you.,Research Proposal Review – International Symposium on Advanced Studies 2024,"Your research proposal has been selected for review. Please confirm your interest by accessing the attached document and following the instructions. If you have any questions, reply to this email. We look forward to your response and participation in the review process."
per-059,Dr. Nandita Rao,Invitation to Keynote at the 2024 International Symposium on Secure Federated Learning – Special Recognition for Your Recent Work,"Dear Dr. Nandita Rao,

I hope this message finds you well. My name is Prof. Elena Petrova, Chair of the Organizing Committee for the 2024 International Symposium on Secure Federated Learning (ISSFL), to be held at the Massachusetts Institute of Technology, Cambridge, USA, from September 18-21, 2024. We have been following your outstanding contributions in the field of Privacy-Preserving Machine Learning, particularly your recent publication, ""Federated Learning with Differential Privacy for Healthcare Data,"" co-authored with Dr. Rajesh Kumar and supported by the Indian Department of Science and Technology Grant.

Your innovative approach to integrating differential privacy mechanisms within federated learning frameworks for sensitive healthcare datasets has garnered significant attention among our program committee, which includes Prof. Michael Jordan (UC Berkeley), Dr. Aiko Tanaka (University of Tokyo), and Dr. Samuel Lee (ETH Zurich). We are honored to extend a formal invitation for you to deliver a keynote address at ISSFL 2024, focusing on your latest research and its implications for global healthcare data security.

Kindly confirm your participation by completing the attached registration form by July 10, 2024. Should you require any assistance with travel arrangements or visa documentation, please contact our logistics coordinator, Ms. Laura Chen, at laura.chen@issfl2024.org.

We look forward to your affirmative response and to welcoming you to this prestigious event.

Best regards,
Prof. Elena Petrova
Chair, ISSFL 2024 Organizing Committee
Massachusetts Institute of Technology",Call for Papers: International Symposium on Advanced Academic Research 2024 – Invitation for Submission,"Dear Dr. Nandita Rao,

On behalf of the Organizing Committee, it is our distinct pleasure to invite you to submit your latest research work to the International Symposium on Advanced Academic Research 2024 (ISAAR 2024), scheduled to be held from 18th to 21st September 2024 at the Grand Convention Centre, Singapore. This prestigious event is jointly organized by the Global Academic Research Consortium (GARC), the European Institute of Scholarly Excellence (EISE), and the Association for Interdisciplinary Studies (AIS), in collaboration with the University of Cambridge and the Massachusetts Institute of Technology.

ISAAR 2024 will feature keynote addresses from eminent scholars such as Prof. Elena Martinez (Stanford University), Dr. Michael Tanaka (University of Tokyo), and Prof. Ayesha Rahman (Imperial College London). The symposium will encompass a diverse range of thematic tracks, including but not limited to Computational Social Science, Quantum Information Systems, Sustainable Urban Development, and Biomedical Engineering Innovations.

We cordially invite you to submit your manuscript by 15th July 2024 via the official submission portal (https://isaar2024.org/submit). Accepted papers will be published in the Springer Proceedings Series and considered for the Best Paper Award, sponsored by the International Science Foundation.

Should you have any queries, please contact the Program Chair, Dr. Samuel Lee (samuel.lee@isaar2024.org). We look forward to your valuable contribution to ISAAR 2024.

Sincerely,

Dr. Maria Gonzalez
Conference Secretary, ISAAR 2024
Global Academic Research Consortium",Question about your recent work,I read your paper on federated learning with privacy for healthcare data. I am interested in how you handled data sharing and privacy. Could you share more details or any extra material? I am working on a similar topic and would like to learn from your approach.,Call for Papers: International Symposium on Advanced Academic Research 2024,"We invite you to submit your latest research for review at our upcoming symposium. Please see the attached document for submission guidelines and topics of interest. Early submissions are encouraged. If you have any questions, reply to this email for more information. We look forward to your participation."
per-060,Dr. Michael Schmidt,Invitation to Keynote at IEEE CNS 2024 – Recognition of Your Work on Encrypted Traffic Analysis,"Dear Dr. Michael Schmidt,

I hope this message finds you well. My name is Prof. Jonathan Li, Program Chair for the 12th IEEE Conference on Communications and Network Security (CNS 2024), to be held at the Massachusetts Institute of Technology, Cambridge, USA, from September 16-20, 2024. On behalf of the organizing committee, I am delighted to extend a formal invitation for you to deliver a keynote address, recognizing your outstanding contributions to network security and traffic analysis, particularly your recent publication, ""Real-Time Anomaly Detection in Encrypted Network Traffic,"" co-authored with Dr. Anna Weber and supported by the German Research Foundation (DFG) Research Fellowship.

Your innovative methodologies in encrypted traffic anomaly detection have been cited by leading researchers at ETH Zurich, Carnegie Mellon University, and the University of Tokyo, and align closely with this year’s CNS theme: ""Securing Next-Generation Networks in the Era of Pervasive Encryption."" We would be honored to feature your insights alongside keynote speakers such as Prof. Elena Rossi (Politecnico di Milano) and Dr. Samuel Kim (Stanford University).

To confirm your participation and access the preliminary agenda, please review the attached document and submit your acceptance via the secure link below by June 30, 2024. Your expertise would be invaluable to our global audience.

We look forward to your positive response.

Best regards,
Prof. Jonathan Li
Program Chair, IEEE CNS 2024
Massachusetts Institute of Technology
jonathan.li@ieeecns2024.org","Invitation to Present at the Global Academic Networking Symposium 2024 – Berlin, 18-21 September","Dear Dr. Michael Schmidt,

On behalf of the Organizing Committee of the Global Academic Networking Symposium 2024 (GANS 2024), to be held at the Berlin Congress Center from 18th to 21st September 2024, we are delighted to extend a formal invitation for your participation as a distinguished speaker. The symposium, jointly hosted by the International Association for Advanced Networking (IAAN), the European Institute of Digital Infrastructure (EIDI), and the Max Planck Society, will convene over 500 leading scholars, including Prof. Laura Chen (MIT), Dr. Rajiv Patel (University of Cambridge), and Dr. Sofia Rossi (Politecnico di Milano).

Your exemplary contributions to the field, as recognized by your German Research Foundation (DFG) Research Fellowship and collaborative work with Dr. Anna Weber, have been highly recommended by our Scientific Advisory Board. We would be honored if you could present during the ""Emerging Paradigms in Academic Networking"" session, scheduled for 19th September at the Humboldt Auditorium.

Kindly confirm your availability by replying to this email by 15th July 2024. Further details regarding travel arrangements, honorarium, and publication opportunities in the GANS 2024 Proceedings (Springer) will be provided upon confirmation.

We look forward to your valued participation.

Sincerely,

Prof. Markus Klein
Chair, GANS 2024 Organizing Committee
International Association for Advanced Networking",Question about your network traffic research,I read your recent work on detecting anomalies in encrypted network traffic. I am interested in learning more about your methods. Could you share some details or advice on how to get started with similar analysis? Looking forward to your response. Thank you for your time.,Invitation to Global Academic Networking Symposium 2024,You have been selected to join the Global Academic Networking Symposium 2024. Please confirm your interest by following the link below. This event will connect you with experts and offer new opportunities. Secure your spot now. Click here to register and get more details.
per-061,Dr. Lila Benali,Invitation to Keynote at IEEE SecureEdge 2024 – Recognition of Your Work on Fault Tolerant Protocols,"Dear Dr. Lila Benali,

On behalf of the IEEE SecureEdge 2024 Organizing Committee, I am delighted to extend a formal invitation for you to deliver a keynote address at our upcoming conference, scheduled for 18-21 September 2024 at the Palais des Congrès, Marrakech, Morocco. Your pioneering research in Secure Distributed Systems at the University of Tunis El Manar, particularly your recent publication, ""Fault Tolerant Protocols for Edge Computing Environments"" co-authored with Dr. Karim Boudriga, has garnered significant attention within the academic community and aligns perfectly with the conference’s central themes.

We are especially interested in your insights regarding the implementation of fault tolerance in edge computing, as highlighted in your African Union Research Grant project. The conference will feature distinguished speakers such as Prof. Amina El Ghazali (Université Mohammed V), Dr. Samuel Okoye (University of Lagos), and representatives from the European Network on Cybersecurity.

Kindly confirm your participation by completing the attached registration form by 15 July 2024. Should you require further details regarding travel arrangements or honorarium, please contact our administrative coordinator, Ms. Fatima Zahra El Idrissi, at ieee-secureedge2024@consultant.com.

We look forward to your esteemed contribution.

Sincerely,

Dr. Jean-Paul Moreau
Program Chair, IEEE SecureEdge 2024
Université Pierre et Marie Curie, Paris","Invitation to Present at IWECST 2024 – International Workshop on Emerging Computer Science Trends, Paris, 18-20 September 2024","Dear Dr. Lila Benali,

On behalf of the Organizing Committee of the International Workshop on Emerging Computer Science Trends (IWECST 2024), to be held at the École Normale Supérieure, Paris, from 18th to 20th September 2024, we are honored to extend a formal invitation for your participation as a distinguished speaker. IWECST 2024 is jointly hosted by the European Association for Computational Innovation (EACI), the Paris Institute of Technology, and the IEEE France Section, and will feature keynote addresses from luminaries such as Prof. Maria Gonzalez (University of Barcelona), Dr. Samuel Okoye (University of Lagos), and Prof. Jean-Pierre Laurent (Sorbonne Université).

Your extensive contributions to the field of computer science, as recognized by your peers at the University of Tunis El Manar and your recent collaborations with Dr. Karim Boudriga, have come to our attention through the African Union Research Grant recipients’ network. We believe your insights would greatly enrich our session on ""Next-Generation Computational Paradigms"".

Please confirm your availability by replying to this email by 15 July 2024. Further details regarding travel arrangements, accommodation at the Hôtel du Panthéon, and publication opportunities in the IWECST 2024 Proceedings (Springer LNCS Series) will be provided upon confirmation.

We look forward to your positive response and to welcoming you in Paris.

Sincerely,

Dr. Isabelle Fournier
IWECST 2024 Program Chair
European Association for Computational Innovation
Email: isabelle.fournier@eaci-eu.org",Question about your edge computing protocols,I read your recent work on fault tolerant protocols for edge computing. I am interested in learning more about your approach. Could you please share the full paper or any extra details? I would like to discuss possible collaboration or ideas. Looking forward to your reply.,Invitation to Submit Paper to Workshop,"You are invited to submit your recent work to the International Workshop on Emerging Computer Science Trends. Please review the attached guidelines and send your paper for consideration. If you have any questions, reply to this email. We look forward to your participation in the workshop."
per-062,Dr. David Lee,"Invitation to Keynote: International Symposium on Explainable AI in Cybersecurity – Berlin, Sept 2024","Dear Dr. David Lee,

On behalf of the Organizing Committee of the International Symposium on Explainable AI in Cybersecurity (ISXAICS 2024), to be held at the Fraunhofer Institute, Berlin, Germany, from September 18-21, 2024, I am delighted to extend a formal invitation for you to deliver a keynote address. Your recent publication, ""Interpretable Deep Models for Cyber Threat Attribution,"" co-authored with Dr. Emily Wong and supported by the Canada Research Chairs Program, has garnered significant attention among our scientific advisory board, including Prof. Markus Schneider (ETH Zurich) and Dr. Sofia Alvarez (Imperial College London).

Given your pioneering work at the University of Toronto in explainable AI for security applications, we believe your insights would greatly enrich our sessions on Transparent Machine Learning and Adversarial Threat Analysis. Keynote speakers will receive full travel funding, accommodation at the Adlon Kempinski, and an honorarium sponsored by the European Cybersecurity Initiative.

Kindly confirm your acceptance by uploading your CV and a brief abstract via our secure portal at https://isxaics2024-secure.org/submit by June 30, 2024. We look forward to your esteemed participation.

Sincerely,

Dr. Helena Fischer
Conference Chair, ISXAICS 2024
Fraunhofer Institute for Secure Information Technology",Invitation to Review Manuscript for International Journal of Advanced Research Studies – Special Issue on Computational Innovations,"Dear Dr. David Lee,

I hope this message finds you well. My name is Prof. Jonathan Michaels, Associate Editor at the International Journal of Advanced Research Studies (IJARS), published in collaboration with the Global Academic Consortium and indexed by Scopus and Web of Science. We are currently preparing our forthcoming Special Issue on ""Computational Innovations in Emerging Technologies,"" scheduled for release in conjunction with the 12th Annual World Congress on Computational Science (WCCS 2024), to be held at the Massachusetts Institute of Technology, Cambridge, USA, from September 18-22, 2024.

Given your esteemed affiliation with the University of Toronto, Canada, and your distinguished contributions to the academic community, we would be honored if you could serve as a peer reviewer for the manuscript entitled ""Novel Paradigms in Distributed Ledger Optimization,"" authored by Dr. Samuel Rodriguez (Stanford University) and Dr. Priya Nair (Imperial College London). Your insights would be invaluable in maintaining the rigorous standards of our journal.

Please confirm your availability by June 30, 2024, by replying to this email or contacting our editorial office at review@ijars-global.org. We look forward to your positive response and thank you in advance for your commitment to academic excellence.

Sincerely,
Prof. Jonathan Michaels
Associate Editor, IJARS
International Journal of Advanced Research Studies",Question about your recent work,I read your paper on interpretable deep models for cyber threat attribution and found it very interesting. I have some questions about your approach and would like to discuss your methods. Can you please open the attached file and let me know your thoughts? Thank you.,Manuscript Review Invitation,"You have been selected to review a manuscript for International Journal of Advanced Research Studies. Please confirm your interest by clicking the link below. Your feedback is important to us. If you have any questions, reply to this email. Thank you for your support."
per-063,Dr. Hana Kim,Invitation to Present at the 2024 IEEE Global Wireless Security Symposium – Special Session on 5G Protocols,"Dear Dr. Hana Kim,

I hope this message finds you well. My name is Prof. Laura Chen, Program Chair for the 2024 IEEE Global Wireless Security Symposium (GWSS), to be held at the Massachusetts Institute of Technology, Cambridge, USA, from September 18-22, 2024. We are organizing a special session entitled ""Emerging Paradigms in Secure 5G Protocols and Anti-Spoofing Mechanisms,"" in collaboration with the IEEE Communications Society and the Asia-Pacific Network Security Consortium.

Your recent publication, ""Secure 5G Protocols Against Spoofing Attacks,"" co-authored with Dr. Min-Jae Park and supported by the Korea Government Scholarship Program, has garnered significant attention among our technical committee, including Dr. Samuel Lee (Stanford University) and Prof. Ingrid Müller (TU Munich). We would be honored if you could deliver a keynote presentation and participate in a panel discussion alongside Prof. Rajesh Gupta (UC San Diego) and Dr. Elena Petrova (ETH Zurich).

Kindly confirm your interest by uploading your extended abstract and CV via our secure submission portal at https://gwss2024-ieee.org/submit-hanakim by June 30, 2024. Your expertise in wireless security would greatly enrich our symposium.

Best regards,
Prof. Laura Chen
Program Chair, IEEE GWSS 2024
laura.chen@gwss2024-ieee.org","Invitation to Present at the 12th International Academic Forum 2024, Vienna – Distinguished Scholars’ Session","Dear Dr. Hana Kim,

On behalf of the Organizing Committee of the 12th International Academic Forum 2024, to be held at the Vienna International Centre, Austria, from September 18th to 22nd, 2024, we are honored to extend a formal invitation to you as a distinguished participant in our Scholars’ Session. The Forum, under the patronage of the European Research Council and in collaboration with the Vienna University of Technology, will feature keynote addresses from luminaries such as Prof. Lars Müller (ETH Zurich), Dr. Isabella Rossi (Politecnico di Milano), and Dr. Samuel Osei (University of Cape Town).

Your exemplary academic contributions at Seoul National University, South Korea, and your recent collaboration with Dr. Min-Jae Park, have come highly recommended by our Scientific Advisory Board, including Dr. Petra Novak (Charles University) and Prof. Hiroshi Tanaka (University of Tokyo). As a recipient of the Korea Government Scholarship Program, your insights would greatly enrich our panel discussions on emerging trends in information technology.

Please confirm your participation by July 15th, 2024, to secure your place among our esteemed speakers. Kindly submit your updated CV and a brief abstract via the official conference portal: www.iaf2024-vienna.org/submit.

We look forward to your valued contribution.

Sincerely,

Dr. Elena Fischer
Conference Chair
12th International Academic Forum 2024, Vienna",Question about your recent wireless security paper,I read your paper on secure 5G protocols and found it very interesting. I have some questions about your methods and would like to discuss possible collaboration. Please see the attached file for my thoughts and let me know what you think. Looking forward to your reply.,Invitation to Submit Paper,We invite you to submit your recent work to the 12th International Academic Forum 2024 in Vienna. This is a great chance to share your research and connect with others. Please reply if you are interested or need more details about the submission process.
per-064,Dr. Ahmed El-Sayed,"Invitation to Keynote: International Symposium on IoT Security Innovations – Berlin, September 2024","Dear Dr. Ahmed El-Sayed,

On behalf of the Organizing Committee of the International Symposium on IoT Security Innovations (ISISI 2024), to be held at the Fraunhofer Institute for Secure Information Technology, Berlin, from September 18-21, 2024, I am delighted to extend a formal invitation for you to deliver a keynote address. Your recent publication, ""Lightweight Authentication Schemes for Smart Home Devices,"" co-authored with Dr. Nourhan Hassan and funded by the Egyptian Science and Technology Development Fund, has garnered significant attention among our program reviewers, particularly in the context of scalable IoT security frameworks.

We believe your expertise, as demonstrated through your pioneering work at Cairo University, Egypt, will greatly enrich our sessions on next-generation authentication protocols. The symposium will feature distinguished speakers such as Prof. Markus Schneider (TU Munich), Dr. Elena Petrova (ETH Zurich), and Dr. Samuel Okafor (Imperial College London), and is supported by the European Network for Cybersecurity Research.

Kindly confirm your participation by completing the attached registration form by July 15, 2024. Should you require further details regarding travel grants or accommodation, please contact our Secretariat at isisi2024@fraunhofer.de.

We look forward to your esteemed contribution.

Sincerely,

Dr. Ingrid Weiss
Conference Chair, ISISI 2024
Fraunhofer SIT, Berlin",Invitation to Submit Manuscript: Special Issue on Emerging Paradigms in Interdisciplinary Research – IJ-AIS Editorial Board,"Dear Dr. Ahmed El-Sayed,

On behalf of the Editorial Board of the International Journal of Advanced Interdisciplinary Studies (IJ-AIS), we are honored to extend a formal invitation to you, as a distinguished faculty member at Cairo University, Egypt, to contribute a manuscript to our forthcoming Special Issue entitled ""Emerging Paradigms in Interdisciplinary Research: Bridging Theory and Practice."" This issue, scheduled for publication in December 2024, will be guest-edited by Prof. Maria Gonzalez (University of Barcelona), Dr. Samuel Ochieng (University of Nairobi), and Dr. Priya Menon (Indian Institute of Science).

The Special Issue will be launched in conjunction with the 12th International Conference on Interdisciplinary Innovations (ICII 2024), to be held at the Palais des Congrès, Paris, from 14-17 November 2024. We are particularly interested in original research articles, comprehensive reviews, and case studies that demonstrate methodological advancements and cross-disciplinary impact. Selected papers will be fast-tracked for presentation at the ICII 2024 and considered for the Best Paper Award, sponsored by the European Research Council.

Please submit your full manuscript via our online portal by 15 August 2024. For submission guidelines and further details, kindly refer to the attached document or contact our editorial coordinator, Ms. Elena Petrova, at editorial@ijais-journal.org.

We look forward to your valuable contribution to this prestigious issue.

Sincerely,

Prof. Jonathan Lee
Editor-in-Chief, IJ-AIS
International Journal of Advanced Interdisciplinary Studies",Question about your smart home security work,I read your recent paper on lightweight authentication for smart home devices. I am interested in your approach and would like to discuss possible collaboration. Can you share more details or a copy of your latest findings? Looking forward to your reply.,Invitation to Review Manuscript,We are reaching out from the editorial board of the international journal of advanced interdisciplinary studies. We invite you to review a new manuscript related to your research area. Please reply if you are interested and we will send more details. Thank you for your consideration.
per-065,Dr. Sophie Martin,"Invitation to Keynote: International Symposium on Post-Quantum Cryptography, Zurich 2024","Dear Dr. Sophie Martin,

On behalf of the Organizing Committee of the 12th International Symposium on Post-Quantum Cryptography (ISPQC 2024), to be held at ETH Zurich, Switzerland, from September 18-21, 2024, I am delighted to extend a formal invitation for you to deliver a keynote address. Your recent publication, ""Evaluating Lattice-Based Cryptosystems Against Side-Channel Attacks,"" co-authored with Dr. Thomas Green and funded by the UK Engineering and Physical Sciences Research Council Grant, has garnered significant attention within the cryptographic research community. We believe your expertise in cryptanalysis and post-quantum cryptography aligns perfectly with the symposium’s focus this year, which includes sessions on advanced lattice-based schemes, quantum-resilient protocols, and side-channel mitigation strategies.

The keynote session is scheduled for September 19th at the ETH Zurich Main Auditorium, with distinguished attendees from institutions such as MIT, INRIA, and the Max Planck Institute. Kindly confirm your participation by completing the attached registration form and submitting your abstract by July 15, 2024. Should you require any assistance regarding travel or accommodation, please contact our logistics coordinator, Ms. Elena Fischer, at elena.fischer@ispqc2024.org.

We look forward to your affirmative response and to welcoming you to Zurich.

Sincerely,

Prof. Markus Keller
Chair, ISPQC 2024 Organizing Committee
ETH Zurich",Collaborative Research Opportunity – International Academic Consortium 2024,"Dear Dr. Sophie Martin,

I hope this message finds you well. My name is Dr. Elena Vasquez, Senior Research Coordinator at the International Academic Consortium for Advanced Computational Sciences (IACACS), headquartered at the Massachusetts Institute of Technology, United States. I am reaching out to you on behalf of the IACACS Steering Committee, which includes distinguished members such as Prof. Hiroshi Tanaka (University of Tokyo), Dr. Maria Rossi (Sapienza University of Rome), and Prof. David Chen (Tsinghua University).

We are currently preparing for the 2024 Global Symposium on Emerging Computational Paradigms, scheduled for September 16-20, 2024, at the Palais des Congrès de Montréal, Canada. In collaboration with the European Research Council and the National Science Foundation, we are launching a new initiative to foster interdisciplinary research partnerships. Your expertise and recent contributions, including your co-authored works with Dr. Thomas Green, have been highly recommended by our Scientific Advisory Board.

We cordially invite you to join our consortium as a principal investigator and to submit a proposal for the upcoming EPSRC-funded collaborative grant round. Kindly confirm your interest by completing the attached Expression of Interest form by June 30, 2024.

We look forward to your valued participation.

Best regards,
Dr. Elena Vasquez
Senior Research Coordinator, IACACS",Question about your cryptosystem research,I read your recent work on lattice-based cryptosystems and side-channel attacks. I am interested in your findings and would like to discuss some details. Could you please open the attached file and let me know your thoughts? Thank you for your time.,Collaborative Research Opportunity – International Academic Consortium 2024,"We are inviting select researchers to join a new academic consortium focused on collaborative projects. If you are interested in learning more or participating, please review the attached document and confirm your interest. We look forward to your response and possible collaboration."
per-066,Dr. Jorge Ramirez,Invitation to Present at the 2024 International Symposium on Software Security (ISSS) – Special Session on Automated Vulnerability Detection,"Dear Dr. Jorge Ramirez,

On behalf of the Organizing Committee of the 2024 International Symposium on Software Security (ISSS), to be held at the Massachusetts Institute of Technology (MIT), Cambridge, USA, from September 18-21, 2024, we are honored to extend a formal invitation for you to present your recent work, ""Automated Detection of Buffer Overflow Vulnerabilities Using Static Analysis,"" co-authored with Dr. Lucia Torres. Your pioneering research at the Universidad Nacional Autónoma de México, particularly in the domain of software security and vulnerability analysis, has garnered significant attention within the academic community, especially following your receipt of the prestigious CONACYT Research Grant in March 2023.

We are organizing a special session on ""Advances in Automated Vulnerability Detection,"" chaired by Prof. Michael Chen (Stanford University) and Dr. Priya Nair (University of Oxford). We believe your expertise and recent contributions would greatly enrich the discourse. Kindly confirm your participation by completing the attached registration form by July 10, 2024. For further details, please access the secure portal at https://isss2024-mit.org/registration/ramirez using your institutional credentials.

We look forward to your valuable participation.

Sincerely,
Dr. Emily Foster
Conference Chair, ISSS 2024
Massachusetts Institute of Technology",Nomination for International Academic Excellence Award 2024 – Invitation to Submit Supporting Materials,"Dear Dr. Jorge Ramirez,

On behalf of the International Council for Academic Distinction (ICAD), in collaboration with the European Association for Scholarly Advancement (EASA) and the Asia-Pacific Academic Consortium (APAC), we are delighted to inform you that you have been nominated for the prestigious International Academic Excellence Award 2024. This recognition is conferred annually at the Global Symposium on Higher Education Innovation, scheduled to take place at the Palais des Congrès de Paris, France, from September 18-22, 2024.

Your nomination, endorsed by distinguished members of the Universidad Nacional Autónoma de México and supported by the Latin American Academic Network, reflects your outstanding contributions to the global academic community. The selection committee, chaired by Prof. Dr. Ingrid Müller (Technical University of Munich) and Dr. Rajesh Patel (Indian Institute of Science), has requested that you submit a comprehensive portfolio, including your curriculum vitae, a statement of research impact, and two letters of recommendation, by July 15, 2024.

Please confirm your participation and submit the required documents via the secure portal at https://icad-awards-portal.org/nominee-login. Should you have any questions, contact Ms. Eleanor Hughes, Awards Coordinator, at e.hughes@icad-awards.org.

We look forward to your prompt response and wish you continued academic success.

Sincerely,

Dr. Michael Chen
Chair, International Academic Excellence Award Committee
International Council for Academic Distinction",Question about your buffer overflow research,I read your recent work on automated detection of buffer overflow issues. I am interested in learning more about your approach and possible applications. Could you share more details or any extra material? I would like to discuss some ideas related to your research. Thank you.,Notification: International Academic Excellence Award 2024,"You have been selected for the International Academic Excellence Award 2024. Please review your information and confirm your acceptance by following the link below. If you have any questions, reply to this message. Congratulations on your achievement."
per-067,Dr. Elena Ivanova,Invitation to Keynote at the 2024 International Symposium on Privacy Enhancing Technologies – Special Recognition for Recent Contributions,"Dear Dr. Elena Ivanova,

On behalf of the Organizing Committee of the 2024 International Symposium on Privacy Enhancing Technologies (ISPET), to be held at the Massachusetts Institute of Technology, Cambridge, USA, from September 18-21, 2024, I am delighted to extend a formal invitation for you to deliver a keynote address. Your recent publication, ""Decentralized Identity Management with Zero-Knowledge Proofs,"" co-authored with Dr. Mikko Laine and supported by the Finnish Academy of Science Research Grant, has garnered significant attention among our program reviewers and the broader privacy research community.

We are particularly interested in your innovative approaches to privacy-preserving authentication and decentralized identity frameworks, which align closely with the symposium’s central themes. As a distinguished faculty member at the University of Helsinki, your expertise in Privacy Enhancing Technologies would provide invaluable insights to our attendees, including representatives from the European Data Protection Board, NIST, and the World Privacy Forum.

To confirm your participation and receive the official invitation letter, please complete the attached form by July 10, 2024. Should you have any questions, kindly contact our Academic Liaison, Prof. Laura Chen, at laura.chen@ispetsymposium.org.

We look forward to your positive response and to celebrating your outstanding contributions at ISPET 2024.

Sincerely,
Dr. Samuel Rodriguez
Chair, ISPET 2024 Organizing Committee
Massachusetts Institute of Technology","Invitation: Keynote Speaker Opportunity at Global Academic Seminar Series 2024, International Research Forum, Vienna","Dear Dr. Elena Ivanova,

On behalf of the Organizing Committee of the Global Academic Seminar Series 2024, hosted by the International Research Forum in collaboration with the European Institute for Advanced Studies and the World Academic Council, we are honored to extend a formal invitation for you to serve as a keynote speaker at our upcoming event. The seminar will be held at the Vienna International Centre, Austria, from September 16th to 20th, 2024, and will feature distinguished scholars such as Prof. Hans Müller (ETH Zurich), Dr. Priya Natarajan (Yale University), and Dr. Samuel Okoye (University of Cape Town).

Your exemplary contributions to the academic community, as evidenced by your recent Finnish Academy of Science Research Grant and your collaborative work with Dr. Mikko Laine, have been highly regarded by our Scientific Advisory Board, chaired by Prof. Maria Rossi (Sapienza University of Rome). We believe your insights would greatly enrich our session on ""Emerging Paradigms in Interdisciplinary Research.""

Kindly confirm your participation by July 10th, 2024, to facilitate travel and accommodation arrangements. We look forward to your affirmative response.

Sincerely,
Dr. Isabelle Fournier
Chair, Global Academic Seminar Series 2024
International Research Forum",Question about your recent work,I read your paper on decentralized identity and zero-knowledge proofs. I am interested in learning more about your approach. Could you share some details or resources? I would like to discuss possible collaboration or get your advice for my own project. Thank you for your time.,Invitation to Global Academic Seminar Series,"You are invited to join the Global Academic Seminar Series at the International Research Forum. Please confirm your interest by clicking the link below to view the schedule and register. We look forward to your participation. If you have questions, reply to this email for more information."
per-068,Dr. Kwame Mensah,Invitation to Present at the 2024 Pan-African Cybersecurity Policy Symposium – Special Session on Capacity Building,"Dear Dr. Kwame Mensah,

On behalf of the Organizing Committee of the Pan-African Cybersecurity Policy Symposium 2024, to be held at the Kigali Convention Centre, Rwanda, from 18-21 September 2024, we are honored to extend a formal invitation for you to present your recent work, ""Frameworks for National Cybersecurity Capacity Building in Africa,"" co-authored with Dr. Ama Boateng. Your pioneering research in cybersecurity policy and governance at the University of Ghana, particularly under the auspices of the African Development Bank Research Support Program, has garnered significant attention among our academic partners, including the African Union Commission, ECOWAS Cybersecurity Taskforce, and the International Telecommunication Union.

We are especially interested in your insights on national capacity-building frameworks, which align closely with the symposium’s special session chaired by Prof. Jean-Paul Niyonzima (University of Rwanda) and Dr. Fatima El-Hassan (African Cyber Policy Institute). Kindly confirm your participation by completing the attached registration form and submitting your extended abstract by 30 June 2024. For further details, please access the secure symposium portal via the link below.

We look forward to your valuable contribution.

Sincerely,
Dr. Samuel Okoro
Conference Secretariat
Pan-African Cybersecurity Policy Symposium 2024",Research Proposal Review – International Symposium on Advanced Studies 2024,"Dear Dr. Kwame Mensah,

On behalf of the Organizing Committee of the International Symposium on Advanced Studies 2024, to be held at the Palais des Congrès de Montréal, Canada, from September 18-22, 2024, we are pleased to invite you to participate as a distinguished reviewer for the symposium’s research proposal evaluation panel. The symposium, jointly hosted by the Global Academic Consortium (GAC), the European Institute for Interdisciplinary Research (EIIR), and the Asia-Pacific Academic Alliance (APAA), will feature keynote addresses from Prof. Elena Rodriguez (University of Barcelona), Dr. Samuel Lee (National University of Singapore), and Dr. Priya Nair (Indian Institute of Technology, Bombay).

Your expertise in policy analysis and governance frameworks, as demonstrated through your collaborations with Dr. Ama Boateng and your involvement in the African Development Bank Research Support Program, makes you an ideal candidate for this role. We kindly request your confirmation of participation by July 10, 2024, to facilitate access to the reviewer portal and preparatory materials. Please click the secure link below to confirm your acceptance and update your reviewer profile.

We look forward to your valued contribution to the symposium’s academic excellence.

Sincerely,

Dr. Michael Thompson
Chair, ISAS 2024 Organizing Committee
International Symposium on Advanced Studies
review-portal.isas2024.org/confirm",Question about your recent cybersecurity paper,I read your paper on national cybersecurity frameworks and found it very interesting. I have some questions about your research and would like to discuss possible collaboration. Please open the attached file for more details and let me know your thoughts. Looking forward to your reply.,Research Proposal Review – International Symposium on Advanced Studies 2024,"Your research proposal has been selected for review. Please confirm your interest and update your details by following the link below. This will help us process your submission. If you have any questions, reply to this email. Thank you for your participation."
per-069,Dr. Isabella Rossi,"Invitation to Keynote: International Symposium on Automotive Embedded Security – Berlin, September 2024","Dear Dr. Isabella Rossi,

On behalf of the Organizing Committee of the 12th International Symposium on Automotive Embedded Security (IS-AES 2024), to be held at the Fraunhofer Institute for Secure Information Technology, Berlin, from September 18-21, 2024, I am delighted to extend a formal invitation for you to deliver a keynote address. Your recent publication, ""Securing Automotive Embedded Systems Against Remote Attacks,"" co-authored with Dr. Marco Bianchi and funded by the European Union Horizon Europe Grant, has garnered significant attention within the embedded systems security community. We believe your expertise, particularly in the context of advanced vehicular threat mitigation, aligns perfectly with the symposium’s focus this year.

Distinguished speakers such as Prof. Elena Müller (ETH Zurich), Dr. Ahmed El-Sayed (TU Delft), and representatives from the European Network for Cybersecurity will also be presenting. We would be honored to feature your insights during the plenary session on September 19th at the Hauptgebäude Auditorium.

Kindly confirm your participation by completing the attached registration form by July 15, 2024. Should you require further details regarding travel arrangements or honorarium, please contact our administrative coordinator, Ms. Claudia Weber, at symposium.secretariat@fraunhofer-secure.org.

We look forward to your positive response and to welcoming you in Berlin.

Sincerely,

Dr. Hans-Peter Klein
Chair, IS-AES 2024 Organizing Committee
Fraunhofer Institute for Secure Information Technology",Call for Papers: International Symposium on Advanced Academic Research 2024 – Submission Invitation for Dr. Isabella Rossi,"Dear Dr. Isabella Rossi,

On behalf of the Organizing Committee, it is our distinct honor to invite you to submit your latest research contributions to the International Symposium on Advanced Academic Research 2024 (ISAAR 2024), scheduled to take place from September 18-21, 2024, at the Grand Conference Center, Vienna, Austria. This prestigious event is jointly hosted by the European Association for Interdisciplinary Studies (EAIS), the Vienna Institute of Technology, and the Global Academic Research Consortium (GARC).

ISAAR 2024 will feature keynote addresses from renowned scholars such as Prof. Elena Petrova (University of Cambridge), Dr. Lars Müller (Technical University of Munich), and Dr. Sophie Dubois (Sorbonne Université). The symposium will encompass a diverse array of thematic tracks, including but not limited to: Emerging Computational Paradigms, Next-Generation Communication Networks, Sustainable Engineering Solutions, and Advanced Data Analytics.

We cordially invite you and your esteemed colleagues, including Dr. Marco Bianchi, to submit full papers by July 15, 2024, via our online portal. Accepted papers will be published in the official ISAAR 2024 Proceedings (Springer Nature).

For detailed submission guidelines and registration, please visit: https://isaar2024.eu/submit

We look forward to your valuable contribution to this landmark academic gathering.

Sincerely,

Prof. Anna Schmidt
ISAAR 2024 Program Chair
Vienna Institute of Technology",Question about your recent work on embedded systems,I read your paper on securing automotive embedded systems and found it very interesting. I have some questions about your methods and would like to discuss possible collaboration. Please see the attached file for my thoughts and let me know what you think. Looking forward to your reply.,Call for Papers: International Symposium on Advanced Academic Research 2024,We invite you to submit your latest research for the upcoming symposium. This is a great chance to share your work with others in your field. Please see the attached document for more details and submission instructions. We look forward to your participation.
per-070,Dr. Tarek Haddad,Invitation to Keynote: International Symposium on Cloud Security & Privacy – Recognition of Your Recent Contributions,"Dear Dr. Tarek Haddad,

On behalf of the Organizing Committee of the 12th International Symposium on Cloud Security and Privacy (ISCSP 2024), to be held at the University of Cambridge, UK, from September 18-21, 2024, we are honored to extend a formal invitation for you to deliver a keynote address. Your recent publication, ""Privacy-Aware Data Sharing Models for Multi-Tenant Cloud Environments,"" co-authored with Dr. Rana Saad and presented at the IEEE International Conference on Cloud Computing (ICCC 2023), has garnered significant attention within the academic community. Furthermore, your receipt of the Lebanese National Council for Scientific Research Award underscores your leadership in advancing cloud security and privacy research at the American University of Beirut, Lebanon.

We believe your insights would greatly enrich our program, which features distinguished speakers such as Prof. Michael Stonebraker (MIT), Dr. Aisha Rahman (Oxford), and Dr. Kenji Watanabe (University of Tokyo). Kindly confirm your participation by completing the attached registration form by July 10, 2024. Should you require further details regarding travel arrangements or honorarium, please contact our administrative coordinator, Ms. Emily Carter, at iscsp2024@cambridge-events.org.

We look forward to your esteemed response.

Sincerely,
Dr. Samuel Greene
Chair, ISCSP 2024 Organizing Committee",Invitation to Present at Global Academic Networking Symposium 2024 – Special Session on Emerging Paradigms,"Dear Dr. Tarek Haddad,

On behalf of the Organizing Committee of the Global Academic Networking Symposium 2024, to be held at the International Conference Center in Geneva, Switzerland from September 18-21, 2024, we are honored to extend a formal invitation for your participation as a distinguished speaker in our Special Session on ""Innovative Approaches in Information Systems Security."" This session, chaired by Prof. Elena Kovacs (ETH Zurich) and Prof. Michael Tanaka (University of Tokyo), will feature leading experts from institutions such as Stanford University, the University of Cambridge, and the National University of Singapore.

Your exemplary contributions to the academic community at the American University of Beirut, Lebanon, and your recent recognition by the Lebanese National Council for Scientific Research, have been highly regarded by our Scientific Advisory Board, including Dr. Pierre Laurent (Sorbonne Université) and Dr. Aisha Rahman (King’s College London). We are particularly interested in your collaborative work with Dr. Rana Saad and believe your insights would greatly enrich our discussions.

Please confirm your availability by July 15, 2024, to secure your place in the program. Kindly submit your extended abstract and a brief biography via the official symposium portal at www.gans2024.org/submit.

We look forward to your valued participation.

Sincerely,

Dr. Ingrid Müller
Program Coordinator
Global Academic Networking Symposium 2024",Question about your cloud privacy research,I read your recent work on privacy-aware data sharing in cloud environments. I am interested in learning more about your models and how they handle data privacy for multiple users. Could you share more details or any resources that explain your approach? Thank you for your time.,Invitation to Global Academic Networking Symposium 2024,You are invited to join the Global Academic Networking Symposium 2024. This event will bring together experts to share ideas and discuss new trends. Please confirm your interest by clicking the link below. We look forward to your participation. Contact us if you have any questions.
per-071,Dr. Yuki Nakamura,Invitation to Present at the 2024 International Symposium on Quantum Cryptography – Special Session on Device-Independent QKD,"Dear Dr. Yuki Nakamura,

On behalf of the Scientific Committee of the 2024 International Symposium on Quantum Cryptography (ISQC), to be held at the Massachusetts Institute of Technology, Cambridge, USA, from September 18-22, 2024, we are honored to extend a formal invitation for you to present your recent groundbreaking work, ""Implementing Device-Independent Quantum Key Distribution in Practical Networks,"" co-authored with Dr. Kenji Saito. Your pioneering research, supported by the Japan Society for the Promotion of Science Grant, has been widely recognized by leading institutions such as the Max Planck Institute for Quantum Optics and the National Institute of Standards and Technology.

We are organizing a special session on Device-Independent QKD, chaired by Prof. Maria Fernandez (ETH Zurich) and Dr. Alan Chen (Stanford University), and believe your expertise would greatly enrich the discourse. Kindly confirm your participation by completing the attached registration form and submitting your extended abstract by July 15, 2024, via the secure portal linked below. Should you require a formal letter of invitation for visa purposes or have any queries regarding travel grants, please contact our administrative coordinator, Ms. Laura Kim, at laura.kim@isqc2024.org.

We look forward to your valuable contribution to ISQC 2024.

Sincerely,
Dr. Samuel O’Connor
Conference Chair, ISQC 2024
Massachusetts Institute of Technology",Invitation to Present at IWECST 2024 – Special Session on Advanced Computational Paradigms,"Dear Dr. Yuki Nakamura,

On behalf of the Organizing Committee of the International Workshop on Emerging Computer Science Trends (IWECST 2024), to be held from September 18-21, 2024, at the Max Planck Institute for Informatics, Saarbrücken, Germany, we are honored to extend a formal invitation for you to participate as a distinguished speaker in our Special Session on Advanced Computational Paradigms. This session, chaired by Prof. Elena Rossi (ETH Zurich) and Prof. Michael Zhang (Stanford University), will feature leading experts from institutions such as the Massachusetts Institute of Technology, University of Cambridge, and Tsinghua University.

Your recent collaborative work with Dr. Kenji Saito and your ongoing projects funded by the Japan Society for the Promotion of Science Grant have garnered significant attention among our program committee, including Dr. Priya Menon (University of Toronto) and Dr. Lars Becker (Technical University of Munich). We believe your insights would greatly enrich the discourse at IWECST 2024.

Please confirm your availability by July 10, 2024, to secure your place in the program. For further details, kindly refer to the attached preliminary agenda and submission guidelines.

We look forward to your affirmative response.

Sincerely,

Dr. Ananya Gupta
IWECST 2024 Program Coordinator
Max Planck Institute for Informatics",Question about your recent quantum cryptography work,I read your paper on device-independent quantum key distribution and found it very interesting. I have some questions about your methods and results. Could you please share the full text or any extra data? I would like to learn more about your approach. Thank you.,Invitation to Submit Paper to IWECST 2024,"We invite you to submit your recent work to IWECST 2024. This event will cover new topics in computer science. Please consider sharing your research with the community. For more details and submission instructions, visit the event website. We look forward to your participation."
per-072,Dr. Olivia Parker,"Invitation to Keynote: International Symposium on Usable Security Interfaces – Berlin, September 2024","Dear Dr. Olivia Parker,

On behalf of the Organizing Committee of the 12th International Symposium on Usable Security Interfaces (ISUSI 2024), to be held at the Humboldt University of Berlin from September 18-21, 2024, I am delighted to extend a formal invitation for you to deliver a keynote address. Your recent publication, ""Designing Effective User Interfaces for Multi-Factor Authentication,"" co-authored with Dr. Liam Mitchell and supported by the Australian Research Council Discovery Grant, has garnered significant attention among our program committee, including Prof. Hans Richter (Technical University of Munich) and Dr. Maria Kovacs (ETH Zurich).

Given your pioneering work at the University of Sydney in the field of Usable Security and Privacy, we believe your insights would be invaluable to our attendees, which include representatives from the European Network and Information Security Agency (ENISA), the ACM SIGCHI community, and the IEEE Symposium on Security and Privacy.

To confirm your participation and receive the official invitation letter, please complete the attached form by July 10, 2024. We look forward to your positive response and to welcoming you in Berlin.

Best regards,

Dr. Stefan Weber
Conference Chair, ISUSI 2024
Humboldt University of Berlin",Invitation to Review Manuscript for International Journal of Advanced Research Studies – Special Issue on Human-Centric Computing (IJARS-2024-06-1172),"Dear Dr. Olivia Parker,

On behalf of the Editorial Board of the International Journal of Advanced Research Studies (IJARS), we are honored to extend an invitation for you to serve as a peer reviewer for our forthcoming Special Issue on Human-Centric Computing, scheduled for publication in September 2024. Your distinguished academic contributions at the University of Sydney, Australia, and your leadership in collaborative research initiatives, such as the Australian Research Council Discovery Grant with Dr. Liam Mitchell, have positioned you as a leading authority in the field.

We are seeking your expert evaluation of the manuscript entitled ""Innovative Paradigms in Adaptive Security Protocols: A Cross-Continental Perspective,"" submitted by a consortium of researchers from Stanford University, ETH Zurich, and the National University of Singapore. The manuscript is under consideration for presentation at the 18th International Symposium on Secure Systems Engineering (ISSSE 2024), to be held at the Palais des Congrès de Montréal, Canada, from 12–16 November 2024.

We kindly request your review by 15 July 2024. Please confirm your availability by clicking the secure link below to access the manuscript and reviewer guidelines. Your insights will be invaluable to the academic community.

With sincere appreciation,

Prof. Maria Gonzalez
Editor-in-Chief, IJARS
International Journal of Advanced Research Studies
Cambridge Academic Press",Question about your recent work,I read your paper on user interfaces for multi-factor authentication and found it very interesting. I have some questions about your research and would like to discuss your findings. Can you please share the full text or any extra materials? Thank you for your time.,Manuscript Review Request,"You have been selected to review a manuscript for International Journal of Advanced Research Studies. Please confirm your interest by clicking the link below. Your feedback is important to us. If you have any questions, reply to this email. Thank you for your support."
per-073,Dr. Ahmed Hassan,Invitation to Present at the 2024 International Symposium on Advanced Network Security Protocols (ISANSP) – Special Session on DDoS Mitigation Strategies,"Dear Dr. Ahmed Hassan,

On behalf of the Organizing Committee of the 2024 International Symposium on Advanced Network Security Protocols (ISANSP), to be held at the Massachusetts Institute of Technology (MIT), Cambridge, USA, from September 18-21, 2024, we are honored to extend a formal invitation for you to present your recent work, ""Mitigating DDoS Attacks using Adaptive Rate Limiting Techniques,"" co-authored with Dr. Nour Al-Harbi. Your pioneering research, supported by the prestigious King Abdulaziz City for Science and Technology Grant, has garnered significant attention within the global network security community, particularly for its innovative approach to adaptive rate limiting in high-throughput environments.

We are organizing a special session on ""Emerging Protocol Security Challenges and DDoS Mitigation"" in collaboration with the IEEE Computer Society and the European Network Security Association. Esteemed speakers such as Prof. Elena Rossi (Politecnico di Milano) and Dr. Samuel Lee (Stanford University) will also be presenting.

To confirm your participation and access the secure submission portal, please follow the personalized link below by July 10, 2024. Your timely response will ensure inclusion in the official program and conference proceedings.

We look forward to your valuable contribution.

Sincerely,
Dr. Michael Turner
Conference Chair, ISANSP 2024
Massachusetts Institute of Technology","Invitation to Present at the 12th International Academic Forum 2024, Vienna – Special Session on Emerging Cybersecurity Paradigms","Dear Dr. Ahmed Hassan,

On behalf of the Organizing Committee of the 12th International Academic Forum 2024, to be held at the Vienna International Centre, Austria, from September 18th to 22nd, 2024, we are honored to extend a formal invitation for your participation as a distinguished speaker in our Special Session on Emerging Cybersecurity Paradigms. This session is co-chaired by Prof. Ingrid Schuster (Technical University of Munich) and Dr. Pavel Ivanov (Moscow Institute of Physics and Technology), and will feature keynote addresses from luminaries such as Dr. Maria Rossi (Politecnico di Milano) and Prof. Jean-Luc Fournier (Sorbonne Université).

Your extensive contributions to the field of network protocol security, as recognized by institutions such as King Fahd University of Petroleum and Minerals and your recent collaborations with Dr. Nour Al-Harbi, have been highly regarded by our scientific committee. We believe your insights would greatly enrich the discourse, particularly in light of recent advancements supported by the King Abdulaziz City for Science and Technology Grant.

Please confirm your availability by July 10th, 2024, to secure your place in the program. Kindly submit your extended abstract and a brief biography via the official conference portal at https://iaf2024-vienna.org/submit. Should you require any assistance regarding travel arrangements or visa documentation, our logistics coordinator, Ms. Elena Weiss, is available at logistics@iaf2024-vienna.org.

We look forward to your affirmative response and to welcoming you in Vienna.

Sincerely,

Dr. Markus Feldmann
Conference Chair, 12th International Academic Forum 2024
Vienna International Centre, Austria",Question about your recent work on DDoS attacks,I read your paper on stopping DDoS attacks with adaptive rate limiting. I am interested in your approach and would like to know more about how it works in real networks. Can you share more details or results? Looking forward to your reply.,Invitation to Submit Your Work,We invite you to submit your recent research to the upcoming international academic forum in Vienna. This is a great chance to share your work and connect with others in your field. Please reply if you are interested in joining or need more information about the event.
per-074,Dr. Elena Petrova,Invitation to Keynote at the 2024 International Symposium on Formal Security Verification – Special Recognition for Your Recent Work,"Dear Dr. Elena Petrova,

On behalf of the Organizing Committee of the 2024 International Symposium on Formal Security Verification (ISFSV), to be held at the University of Cambridge, United Kingdom, from September 18-21, 2024, I am delighted to extend to you a formal invitation to deliver a keynote address. Your pioneering research in the Formal Verification of Security Protocols, particularly your recent publication, ""Automated Theorem Proving for Secure Multi-Party Computation"" (co-authored with Dr. Alexei Smirnov and supported by the Russian Foundation for Basic Research Grant), has garnered significant attention among our scientific advisory board, including Prof. Michael Clarkson (Cornell University) and Dr. Isabelle Perrin (École Normale Supérieure).

We are especially interested in your insights on automated verification techniques and their implications for secure distributed computation, which align closely with the symposium’s central themes. Kindly confirm your participation by completing the attached registration form by July 10, 2024. Should you require a formal invitation letter for visa purposes or have any logistical queries regarding travel or accommodation at the Churchill College Conference Centre, please contact our administrative coordinator, Ms. Harriet Evans, at isfsv2024@cambridge-symposia.org.

We look forward to your esteemed contribution.

Sincerely,
Dr. Jonathan Meyers
Chair, ISFSV 2024 Organizing Committee
University of Cambridge",Invitation to Submit Manuscript: Special Issue on Computational Paradigms – International Journal of Advanced Interdisciplinary Studies,"Dear Dr. Elena Petrova,

On behalf of the Editorial Board of the International Journal of Advanced Interdisciplinary Studies (IJAIS), we are delighted to extend a formal invitation to you, as a distinguished faculty member at Saint Petersburg State University, Russia, to contribute a manuscript to our forthcoming Special Issue entitled ""Emergent Computational Paradigms in Global Research."" This issue, scheduled for publication in December 2024, will be guest-edited by Prof. Michael Andersen (University of Copenhagen), Dr. Priya Natarajan (Indian Institute of Science), and Dr. Samuel Lee (Massachusetts Institute of Technology).

The Special Issue will be launched in conjunction with the 12th International Symposium on Computational Innovations, to be held at the Palais des Congrès de Paris, France, from November 18-21, 2024. We are particularly interested in original research articles, comprehensive reviews, and position papers that address interdisciplinary approaches and novel methodologies. Submissions will undergo expedited peer review by our panel, including Dr. Maria Gonzalez (University of Buenos Aires) and Dr. Hiroshi Tanaka (University of Tokyo).

Please submit your manuscript via our secure portal by August 15, 2024. For detailed submission guidelines, kindly access the attached document. Should you have any queries, contact our editorial coordinator, Ms. Sophie Laurent, at sophie.laurent@ijais-journal.org.

We look forward to your valuable contribution to this prestigious issue.

Sincerely,

Prof. Jonathan Edwards
Editor-in-Chief, IJAIS
International Journal of Advanced Interdisciplinary Studies",Question about your recent work,I read your paper on automated theorem proving for secure multi-party computation and found it very interesting. I have some questions about your approach and would like to discuss possible collaboration. Please see the attached file for more details. Looking forward to your reply.,Invitation to Submit Your Work,We are reaching out from the editorial board of the international journal of advanced interdisciplinary studies. We invite you to submit your recent research for possible publication. Please reply if you are interested or need more information. We look forward to your response.
per-075,Dr. Clara Jensen,Invitation to Keynote at the 2024 International Symposium on Secure Federated Learning – Special Recognition for Your Recent Work,"Dear Dr. Clara Jensen,

I am writing on behalf of the Organizing Committee of the 2024 International Symposium on Secure Federated Learning (ISSFL), to be held at the Technical University of Munich, Germany, from September 18-21, 2024. We have been following your outstanding contributions in the field of Artificial Intelligence Security, particularly your recent publication, ""Detecting Model Poisoning Attacks in Federated Learning Systems,"" co-authored with Dr. Lars Nielsen and supported by the Danish Council for Independent Research Grant. Your innovative methodologies and empirical findings have been cited in several keynote sessions at the European Conference on Machine Learning (ECML 2024) and the IEEE Symposium on Security and Privacy (SP 2024).

In recognition of your pioneering research, we are honored to invite you to deliver a keynote address at ISSFL 2024. Kindly confirm your participation by completing the attached secure registration form by July 15, 2024. Should you require further details regarding travel arrangements, honorarium, or the conference agenda, please access the secure portal via the link below.

We look forward to your affirmative response and to welcoming you to Munich.

Best regards,

Prof. Markus Schneider
Chair, ISSFL 2024 Organizing Committee
Technical University of Munich
[Secure Registration Portal Link]",Collaborative Research Opportunity – International Academic Consortium 2024,"Dear Dr. Clara Jensen,

I hope this message finds you well. My name is Prof. Michael Harrington, currently serving as the Chair of the International Academic Consortium for Advanced Computational Studies (IACACS), in partnership with the University of Edinburgh, Massachusetts Institute of Technology, and the National University of Singapore. We are delighted to extend a formal invitation to you, representing Aarhus University, Denmark, to participate in our upcoming collaborative research initiative, scheduled to be launched at the Global Symposium on Emerging Technologies (GSET 2024), which will be held at the Palais des Congrès de Paris from September 12-16, 2024.

Our consortium, supported by the European Research Council and the World Academic Forum, is assembling a distinguished panel of scholars, including Prof. Elena Rossi (Sapienza University of Rome), Dr. Samuel Lee (Stanford University), and Dr. Hiroshi Tanaka (University of Tokyo), to spearhead interdisciplinary projects in computational innovation. We believe your expertise and recent recognition by the Danish Council for Independent Research Grant would be invaluable to our efforts.

Please review the attached collaboration framework and confirm your interest by June 30, 2024. We look forward to your affirmative response and to welcoming you to this prestigious initiative.

Best regards,
Prof. Michael Harrington
Chair, IACACS",Question about your recent work,I read your paper on detecting attacks in federated learning and found it very interesting. I have some questions about your methods and would like to discuss possible collaboration. Please see the attached file for my thoughts and let me know what you think.,Collaborative Research Opportunity – International Academic Consortium 2024,We are reaching out to invite you to join a new research project with an international group. This is a chance to work together on important topics. Please reply if you are interested in learning more about this opportunity and how you can take part.
per-076,Dr. Alice Zhang,Collaboration Opportunity: Enhancing Network Intrusion Detection via Adaptive Adversarial Training,"Dear Dr. Zhang,

I hope this message finds you well. I am writing to express my admiration for your recent publication, ""Adaptive Adversarial Training for Robust Network Intrusion Detection,"" featured in the Journal of Cybersecurity Research. Your innovative approach to leveraging machine learning techniques to fortify network defenses is truly groundbreaking.

Given your esteemed recognition by the National Science Foundation of China Outstanding Young Scientist Award, your expertise aligns perfectly with our ongoing project at the Cybersecurity Innovation Lab, where we aim to develop next-generation intrusion detection systems resilient to evolving adversarial threats.

We believe that a collaboration between your team at Tsinghua University and our researchers at the Massachusetts Institute of Technology could accelerate advancements in this critical domain. Specifically, integrating your adaptive adversarial training methodologies with our anomaly detection frameworks could yield significant improvements.

Would you be available for a virtual meeting next week to discuss potential joint research initiatives? We are eager to explore how our combined efforts can contribute to the global cybersecurity community.

Thank you for considering this opportunity. I look forward to your positive response.

Best regards,

Dr. Michael Thompson
Director, Cybersecurity Innovation Lab
Massachusetts Institute of Technology
mthompson@mit.edu
+1 (617) 555-1234",Invitation to Present at IWECST 2024 on Emerging Computer Science Trends,"Dear Dr. Zhang,

I hope this message finds you well. On behalf of the International Workshop on Emerging Computer Science Trends (IWECST 2024), we are pleased to invite you to participate as a distinguished speaker at our upcoming event scheduled for October 15-17, 2024, in Beijing, China. IWECST 2024 aims to bring together leading experts from institutions such as the Massachusetts Institute of Technology, Stanford University, the University of Cambridge, and the National University of Singapore to discuss cutting-edge developments in computer science.

Given your esteemed position at Tsinghua University and your recognition by the National Science Foundation of China Outstanding Young Scientist Award, we believe your insights would greatly enrich the workshop’s discourse. The event will also feature keynote addresses from renowned researchers affiliated with the European Research Council and the IEEE Computer Society.

We would be honored to have you contribute to sessions focusing on innovative methodologies and future directions in computer science research. Please let us know your availability and any requirements you may have.

Thank you for considering this invitation. We look forward to your positive response.

Sincerely,

Dr. Michael Thompson
Program Chair, IWECST 2024
University of California, Berkeley",Inquiry on Adaptive Adversarial Training Techniques,"Dear Dr. Zhang,

I am impressed by your work on adaptive adversarial training in network intrusion detection. Could you share insights on how your methods might be applied to emerging cybersecurity threats? I am keen to understand potential extensions of your research.

Best regards,

[Your Name]",Invitation to Present at IWECST 2024,"Dear Dr.,
We invite you to present your recent work on adaptive adversarial training at the International Workshop on Emerging Computer Science Trends (IWECST 2024). Your expertise would greatly enrich the discussions.
Best regards."
per-077,Dr. Samuel Johnson,Collaboration Opportunity: Advancing Kernel Isolation Techniques with DARPA Support,"Dear Dr. Johnson,

I hope this message finds you well. I am reaching out to commend your recent publication, ""Enhancing Kernel Isolation with Hardware-Assisted Security Mechanisms,"" which offers significant advancements in operating systems security. Your innovative approach to leveraging hardware features to strengthen kernel isolation aligns closely with ongoing initiatives supported by the DARPA Cybersecurity Challenge Grant.

At the Massachusetts Institute of Technology, your work alongside colleagues such as Dr. Emily Chen and Prof. Robert Lee has set a new benchmark in the field. Given DARPA's commitment to pioneering resilient cybersecurity frameworks, I believe a collaborative effort could accelerate the development and deployment of these critical security mechanisms.

I would appreciate the opportunity to discuss potential joint research endeavors, funding avenues, and integration strategies with you and your team. Please let me know a convenient time for a meeting or call.

Thank you for your contributions to this vital area of research. I look forward to your response.

Best regards,

[Your Name]
[Your Position]
[Your Institution]
[Your Contact Information]",Manuscript Review Invitation for International Journal of Advanced Research Studies,"Dear Dr. Johnson,

I hope this message finds you well. I am writing to invite you to serve as a reviewer for an upcoming manuscript submission to the International Journal of Advanced Research Studies. Given your esteemed position at the Massachusetts Institute of Technology and your extensive expertise in cybersecurity, your insights would be invaluable in ensuring the quality and rigor of the publication.

The manuscript under consideration addresses novel approaches in hardware-assisted security mechanisms, a topic that aligns closely with current advancements supported by agencies such as DARPA and the National Science Foundation. Your experience with leading institutions, including collaborations with the IEEE and ACM, positions you uniquely to provide a thorough and constructive evaluation.

We anticipate that the review process will require approximately three weeks, and we are committed to recognizing your contribution through formal acknowledgment in the journal and potential opportunities for future collaboration.

Please let us know at your earliest convenience if you are available to undertake this important role.

Thank you for considering this request.

Sincerely,

Dr. Emily Carter
Editor-in-Chief
International Journal of Advanced Research Studies
Contact: editor@ijars.org",Inquiry on Hardware-Assisted Kernel Isolation Techniques,"Dear Dr. Johnson, I am impressed by your work on enhancing kernel isolation using hardware-assisted security mechanisms. Could you share insights on potential challenges when integrating these techniques into existing operating systems? Your expertise would greatly aid our ongoing research in operating systems security. Looking forward to your thoughts.",Manuscript Review for International Journal of Advanced Research Studies,"Dear Researcher, we invite you to review a manuscript related to operating systems security for the International Journal of Advanced Research Studies. Your expertise would greatly contribute to the evaluation process. Please let us know your availability."
per-078,Dr. Fatima Al-Mansouri,Collaboration Opportunity: Advancing Multilingual Hate Speech Detection with Qatar National Research Fund Support,"Dear Dr. Fatima Al-Mansouri,

I hope this message finds you well. I recently had the opportunity to study your insightful paper, ""Multilingual Transformer Models for Contextual Hate Speech Classification,"" published under Qatar University’s Natural Language Processing group. Your innovative approach leveraging transformer architectures to address hate speech detection across diverse languages is truly commendable.

Given your expertise and the recognition from the Qatar National Research Fund Early Career Award, I am keen to explore potential collaboration opportunities that could further enhance the robustness and contextual understanding of hate speech classifiers. Our team at the Center for AI Ethics and Security is currently developing complementary methodologies focusing on cross-lingual transfer learning and ethical AI frameworks.

I would be honored to discuss how we might combine our efforts to advance this critical area of research. Could we schedule a meeting next week to explore possible joint projects or grant proposals?

Thank you for considering this opportunity. I look forward to your positive response.

Best regards,

Dr. Michael Thompson
Center for AI Ethics and Security
m.thompson@caies.org
+1 (555) 123-4567","Invitation to Present at the 12th International Academic Forum 2024, Vienna","Dear Dr. Al-Mansouri,

I hope this message finds you well. On behalf of the organizing committee, I am pleased to invite you to participate as a distinguished speaker at the 12th International Academic Forum 2024, scheduled to take place in Vienna, Austria, from September 15-18, 2024. This prestigious event, hosted by the International Academic Forum and supported by the European Research Council and the Austrian Science Fund, aims to bring together leading scholars and practitioners from institutions such as the University of Cambridge, Massachusetts Institute of Technology, and the National University of Singapore.

Your expertise and contributions to the field of computational linguistics and artificial intelligence would greatly enrich the discussions and knowledge exchange during the forum. The event will feature keynote addresses, panel discussions, and workshops, providing an excellent platform for networking with peers from the University of Tokyo, ETH Zurich, and the University of Toronto.

We would be honored to have you join us and share your insights. Please let us know your availability at your earliest convenience.

Kind regards,

Dr. Michael Thompson
Chair, 12th International Academic Forum 2024
Vienna, Austria",Inquiry on NLP Approaches for Hate Speech Detection,"Dear Dr. Al-Mansouri,

I am impressed by your work on multilingual transformer models for hate speech classification. Could you share insights on challenges faced in contextual understanding across languages? I am exploring similar NLP techniques and would appreciate your perspective.

Best regards,

[Your Name]",Invitation to Present at 12th International Academic Forum 2024,"Dear Researcher, we invite you to submit your work on multilingual transformer models for contextual classification to the 12th International Academic Forum in Vienna. Your expertise would greatly enrich the discussions."
per-079,Dr. Ivan Petrov,Collaboration Opportunity on Advanced Cryptographic Protocols for IoT Security,"Dear Dr. Ivan Petrov,

I hope this message finds you well. I recently had the opportunity to study your insightful paper, ""New Lightweight Protocols for Secure IoT Communications,"" published under the auspices of the Russian Science Foundation Grant. Your innovative approach to cryptographic protocol design, particularly in the context of resource-constrained IoT devices, is highly impressive and aligns closely with our current research initiatives at the Cybersecurity Research Center, National Institute of Standards and Technology (NIST).

Given your expertise and the groundbreaking nature of your work, I would like to propose a collaborative research effort aimed at enhancing the security frameworks for next-generation IoT networks. Our team, including Dr. Alice Johnson and Dr. Michael Chen, has been developing complementary lightweight encryption algorithms that could synergize well with your protocols.

Would you be available for a virtual meeting next week to discuss potential collaboration avenues? Your insights would be invaluable in advancing this critical area of cybersecurity.

Looking forward to your positive response.

Best regards,

Dr. Emily Carter
Lead Researcher, Cybersecurity Research Center
National Institute of Standards and Technology (NIST)
Email: ecarter@nist.gov
Phone: +1-301-555-1234",Invitation to Contribute to the International Journal of Advanced Interdisciplinary Studies,"Dear Dr. Ivan Petrov,

On behalf of the Editorial Board of the International Journal of Advanced Interdisciplinary Studies, I am pleased to extend an invitation to you to submit a manuscript for consideration in our upcoming issue. Our journal, indexed in Scopus and Web of Science, is dedicated to publishing high-quality research across diverse scientific domains, fostering collaboration among leading experts worldwide.

We believe your expertise would greatly enrich the discourse within our publication. The journal is supported by esteemed institutions including the Russian Academy of Sciences, the European Research Council, and the National Science Foundation. Our editorial team comprises distinguished scholars such as Prof. Maria Gonzalez, Dr. Ahmed El-Sayed, and Prof. Li Wei.

Submissions undergo rigorous peer review to ensure academic excellence. We encourage contributions that advance interdisciplinary knowledge and innovation.

Please visit our website at www.ijais.org for submission guidelines and deadlines. Should you have any questions, feel free to contact our editorial office.

We look forward to your valuable contribution.

Sincerely,

Dr. Elena Smirnova
Editor-in-Chief
International Journal of Advanced Interdisciplinary Studies",Inquiry on Lightweight Cryptographic Protocols,"Dear Dr. Petrov,

I recently reviewed your work on lightweight protocols for secure IoT communications. Your approach to cryptographic protocol design is intriguing. Could you share insights on potential vulnerabilities or areas needing further security analysis?

Looking forward to your thoughts.

Best regards,",Invitation to Submit Your Research,"Dear Researcher, the Editorial Board of International Journal of Advanced Interdisciplinary Studies invites you to submit your recent work on cryptographic protocols for potential publication. We look forward to your valuable contribution."
per-080,Dr. Maria Fernandez,Collaboration Opportunity: Advancing User-Centered Privacy Controls in Mobile Applications,"Dear Dr. Maria Fernandez,

I hope this message finds you well. I am writing to express my admiration for your recent paper, ""User-Centered Privacy Controls for Mobile Applications,"" published under the auspices of the São Paulo Research Foundation (FAPESP). Your innovative approach to enhancing privacy through human-computer interaction aligns closely with ongoing projects at the University of Cambridge and MIT Media Lab.

Given your expertise and the critical importance of privacy in mobile ecosystems, I would like to propose a collaborative research initiative aimed at developing adaptive privacy frameworks leveraging AI and behavioral analytics. This initiative could benefit from the combined strengths of your team at the University of São Paulo, alongside experts from Stanford University, ETH Zurich, and the Max Planck Institute.

Would you be available for a virtual meeting next month to discuss potential synergies and funding opportunities, possibly through joint applications to FAPESP and the National Science Foundation (NSF)? Your insights would be invaluable in shaping this endeavor.

I look forward to your positive response.

Best regards,

Dr. James Thompson
Senior Researcher, Cybersecurity Division
University of Cambridge",Collaborative Research Opportunity – International Academic Consortium 2024,"Dear Dr. Fernandez,

I hope this message finds you well. I am writing to invite you to participate in the International Academic Consortium 2024, a collaborative research initiative supported by the São Paulo Research Foundation (FAPESP), the National Science Foundation (NSF), the European Research Council (ERC), and the Japan Society for the Promotion of Science (JSPS). This consortium aims to foster interdisciplinary collaboration among leading scholars from institutions such as the University of Cambridge, Massachusetts Institute of Technology (MIT), University of Tokyo, and ETH Zurich.

Your expertise would be invaluable in advancing our collective goals, which include enhancing data security frameworks, developing innovative privacy-preserving technologies, and promoting ethical standards in digital environments. The consortium will facilitate joint workshops, grant opportunities, and publication avenues through partnerships with IEEE, ACM, and Springer Nature.

We would be honored to have you join this distinguished group of researchers. Please let us know if you are interested in discussing this opportunity further.

Best regards,

Dr. James Thompson
Coordinator, International Academic Consortium 2024
University of Oxford",Inquiry on Privacy Controls in Mobile HCI Research,"Dear Dr. Fernandez,

I am impressed by your work on user-centered privacy controls in mobile applications. I am exploring related security aspects and would appreciate your insights on emerging challenges in this area. Could we discuss potential collaboration or share recent findings?

Best regards,

[Your Name]",Collaborative Research Opportunity – International Academic Consortium 2024,"Dear Dr., we invite you to join a collaborative research initiative focusing on user-centered privacy controls in mobile applications. This international consortium aims to advance human-computer interaction studies. Looking forward to your valuable participation."
per-081,Dr. James O’Connor,Collaboration Opportunity on Formal Methods in Security – ERC Starting Grant Insights,"Dear Dr. O’Connor,

I hope this message finds you well. I am writing to express my admiration for your seminal paper, ""Model Checking for Secure Software Development Lifecycle,"" published in the Journal of Formal Methods in Security. Your innovative approach to integrating model checking techniques within the software development lifecycle significantly advances the field of formal methods in security.

As a fellow researcher specializing in automated verification and security protocols, I am particularly interested in exploring collaborative opportunities that build upon your work, especially in light of your recent European Research Council Starting Grant. The potential to combine our expertise in temporal logic, state-space exploration, and secure coding practices could yield impactful results.

I would be honored to discuss how we might jointly pursue research initiatives or co-author publications that further the application of formal verification in cybersecurity.

Would you be available for a virtual meeting in the coming weeks to explore this collaboration?

Thank you for considering this proposal. I look forward to your positive response.

Best regards,

[Your Full Name]
[Your Position]
[Your Institution]
[Your Contact Information]",Invitation to Nominate for the International Academic Excellence Award 2024,"Dear Dr. O’Connor,

I hope this message finds you well. On behalf of the International Academic Excellence Award 2024 committee, I am pleased to invite you to consider a nomination for this prestigious recognition. The award, supported by the European Research Council and the Royal Society, honors outstanding contributions to academia across diverse disciplines.

Previous recipients include distinguished scholars such as Professor Maria Gonzalez of the University of Cambridge, Dr. Ahmed El-Sayed from ETH Zurich, and Professor Linda Thompson at Stanford University. The award ceremony will be held at the Max Planck Institute in Berlin, with keynote addresses by Nobel Laureate Dr. Hiroshi Tanaka and Fields Medalist Professor Elena Petrova.

Nominations are open until September 30, 2024, and selected awardees will receive a grant to support their ongoing research endeavors. We believe your exemplary academic record and leadership at Trinity College Dublin position you as a strong candidate.

Please find further details attached. We look forward to your participation.

Kind regards,

Dr. Samuel Reed
Chair, International Academic Excellence Award 2024 Committee
University of Oxford",Inquiry on Formal Methods in Security Research,"Dear Dr. O’Connor,

I am impressed by your work on formal methods in security, particularly in secure software development. I am exploring related research and would appreciate any insights or recommendations you might share regarding model checking applications in this field.

Best regards,

[Your Name]",Invitation: International Academic Excellence Award 2024,"Dear Researcher, we are pleased to invite you to apply for the International Academic Excellence Award 2024, recognizing outstanding contributions in formal methods and secure software development. We look forward to your participation."
per-082,Dr. Aisha Khan,Collaboration Opportunity: Advancing Malware Detection with Graph Neural Networks,"Dear Dr. Aisha Khan,

I hope this message finds you well. I am writing to express my admiration for your recent publication, ""Graph Neural Networks for Behavior-Based Malware Classification,"" featured in the Journal of Cybersecurity Research. Your innovative approach to leveraging graph neural networks for malware detection aligns closely with our ongoing projects at the Cybersecurity Research Lab, National University of Singapore.

Given your expertise and the support from the Singapore Ministry of Education Academic Research Fund, I believe a collaborative effort could significantly advance the state-of-the-art in deep learning applications for malware detection. Our team at the Institute of Data Science has been developing complementary techniques in behavior analysis and would greatly benefit from your insights.

I would welcome the opportunity to discuss potential joint research initiatives, grant applications, and knowledge exchange. Could we schedule a meeting next week to explore this collaboration further?

Thank you for considering this proposal. I look forward to your positive response.

Best regards,

Dr. Michael Tan
Lead Researcher, Cybersecurity Research Lab
National University of Singapore
Email: michael.tan@nus.edu.sg
Phone: +65 1234 5678",Invitation to Present at the Global Academic Seminar Series 2024,"Dear Dr. Khan,

I hope this message finds you well. On behalf of the International Research Forum, we are pleased to invite you to participate as a distinguished speaker in the Global Academic Seminar Series 2024. This prestigious event will convene leading scholars and experts from institutions such as the Massachusetts Institute of Technology, University of Cambridge, ETH Zurich, Tsinghua University, and the University of Tokyo.

The seminar series aims to foster interdisciplinary collaboration and knowledge exchange across diverse fields of study. Your expertise and insights would greatly enrich the discussions and contribute to advancing academic excellence.

The event is scheduled to take place from September 15 to 18, 2024, at the International Conference Center in Geneva, Switzerland. We are committed to providing a platform that supports innovative research and global networking opportunities.

Please let us know your availability and any specific requirements you may have. We look forward to your positive response and the possibility of welcoming you to this esteemed gathering.

Sincerely,

Dr. Michael Thompson
Chair, Global Academic Seminar Series 2024
International Research Forum",Collaboration Opportunity on Deep Learning for Malware Detection,"Dear Dr. Khan, I am impressed by your work on deep learning approaches for malware detection. I am interested in exploring potential collaboration opportunities to advance behavior-based malware classification techniques. Would you be open to a brief discussion on this topic? Looking forward to your response.",Invitation to Present at Global Academic Seminar Series 2024,"Dear Dr. Khan, we invite you to present your research on deep learning for malware detection at the Global Academic Seminar Series 2024 hosted by the International Research Forum. Looking forward to your participation."
per-083,Dr. Jean-Luc Dubois,Collaboration Opportunity on Advanced Blockchain Security Research,"Dear Dr. Jean-Luc Dubois,

I hope this message finds you well. I am writing to express my admiration for your recent paper, ""Scalable Consensus Mechanisms for Permissioned Blockchains,"" published through École Polytechnique Fédérale de Lausanne. Your innovative approach to enhancing consensus protocols aligns closely with ongoing research initiatives supported by the Swiss National Science Foundation Advanced Grant.

Given your expertise in blockchain security and the critical challenges addressed in your work, I believe a collaborative effort could significantly advance the field. Our team at the Cybersecurity Research Center, in partnership with institutions such as ETH Zurich and the University of Geneva, is currently exploring novel cryptographic techniques to improve scalability and resilience in distributed ledger technologies.

I would be honored to discuss potential synergies between our projects and explore avenues for joint research, possibly culminating in a co-authored publication or a joint grant proposal.

Could we schedule a meeting at your earliest convenience to discuss this further? I look forward to the possibility of working together to push the boundaries of blockchain security.

Best regards,

Dr. Maria Schneider
Senior Researcher
Cybersecurity Research Center
ETH Zurich",Research Proposal Review – International Symposium on Advanced Studies 2024,"Dear Dr. Dubois,

I hope this message finds you well. I am writing to inform you that your recent submission to the International Symposium on Advanced Studies 2024 has undergone a thorough review process. The review panel, comprising experts from institutions such as the Massachusetts Institute of Technology, University of Cambridge, National University of Singapore, and the Max Planck Institute, has evaluated your proposal with great interest.

Your work was assessed alongside submissions from leading researchers affiliated with organizations including the Swiss National Science Foundation, European Research Council, and the Japan Society for the Promotion of Science. The committee recognized the innovative approach and potential impact of your research.

We appreciate your commitment to advancing scientific knowledge and look forward to your continued contributions. Should you require further details regarding the review outcomes or next steps, please do not hesitate to contact the symposium coordination team at the International Centre for Theoretical Physics.

Thank you for your valuable participation.

Sincerely,

Dr. Maria Gonzalez
Chair, Research Proposal Review Committee
International Symposium on Advanced Studies 2024",Inquiry on Consensus Mechanisms in Permissioned Blockchains,"Dear Dr. Dubois,

I am impressed by your work on scalable consensus mechanisms for permissioned blockchains. Could you share insights on potential vulnerabilities in these systems and mitigation strategies? Your expertise would greatly aid my current research.

Best regards,

[Your Name]",Research Proposal Review – International Symposium on Advanced Studies 2024,"Dear Researcher, we invite you to review a research proposal aligned with your expertise for the upcoming International Symposium on Advanced Studies 2024. Your insights would be invaluable to the evaluation process. Thank you for considering this request."
per-084,Dr. Nandita Rao,Collaboration Opportunity: Advancing Privacy-Preserving ML in Healthcare with IIT Bombay Expertise,"Dear Dr. Nandita Rao,

I hope this message finds you well. I am reaching out to commend your impactful work on ""Federated Learning with Differential Privacy for Healthcare Data,"" published under the auspices of the Indian Department of Science and Technology Grant. Your innovative approach to privacy-preserving machine learning at the Indian Institute of Technology Bombay is highly relevant to ongoing research initiatives at our institution.

Given the increasing importance of secure data sharing in healthcare, I believe a collaborative effort could significantly advance the state-of-the-art in federated learning frameworks. Our team at the Center for Secure AI Research is particularly interested in integrating differential privacy techniques with scalable machine learning models, aligning closely with your recent findings.

Would you be open to a virtual meeting to discuss potential joint research projects or grant applications? I am confident that combining our expertise could lead to substantial contributions to the field.

Thank you for considering this opportunity. I look forward to your positive response.

Best regards,

Dr. Arjun Mehta
Lead Researcher, Center for Secure AI Research
University of California, Berkeley
arjun.mehta@berkeley.edu
+1 (510) 555-1234",Call for Papers: International Symposium on Advanced Academic Research 2024,"Dear Dr. Nandita Rao,

We are pleased to announce the Call for Papers for the International Symposium on Advanced Academic Research 2024, scheduled to take place in Berlin, Germany, from October 15-18, 2024. This prestigious event, organized by the Global Association for Scientific Advancement and supported by the Indian Department of Science and Technology, the National Science Foundation, and the European Research Council, aims to bring together leading researchers, academicians, and industry experts from around the world.

The symposium will cover a broad range of topics across multiple disciplines, including computer science, engineering, healthcare, and data science. Esteemed institutions such as the Massachusetts Institute of Technology, Stanford University, the University of Cambridge, and the Indian Institute of Technology Bombay will be represented.

We invite you to submit your original research papers for consideration. Selected papers will be published in the symposium proceedings and indexed in major databases such as IEEE Xplore and Scopus.

For submission guidelines and deadlines, please visit our official website at www.isaar2024.org.

We look forward to your valuable contribution.

Sincerely,

Dr. Michael Thompson
Program Chair, ISAAAR 2024
International Symposium on Advanced Academic Research",Inquiry on Privacy-Preserving Machine Learning Research,"Dear Dr. Rao,

I am impressed by your work on privacy-preserving machine learning, particularly in healthcare data. I am interested in exploring potential collaborations or insights related to differential privacy in federated learning. Could we discuss your recent findings and possible applications?

Best regards,

[Your Name]",Call for Papers: International Symposium on Advanced Academic Research 2024,"Dear Researcher, we invite submissions for the International Symposium on Advanced Academic Research 2024. Share your latest findings in privacy-preserving machine learning and related fields. Looking forward to your valuable contribution."
per-085,Dr. Michael Schmidt,Collaboration Opportunity on Advanced Anomaly Detection Techniques in Encrypted Traffic,"Dear Dr. Schmidt,

I hope this message finds you well. I am reaching out to express my admiration for your recent publication, ""Real-Time Anomaly Detection in Encrypted Network Traffic,"" presented at the IEEE Symposium on Security and Privacy. Your innovative approach to leveraging machine learning algorithms for traffic analysis significantly advances the field of network security.

As a fellow researcher specializing in cybersecurity at the Max Planck Institute for Informatics, I am particularly interested in exploring collaborative opportunities that build upon your work funded by the German Research Foundation (DFG) Research Fellowship. Integrating your methodologies with our ongoing projects on encrypted traffic pattern recognition could yield impactful results.

Would you be available for a virtual meeting next week to discuss potential joint research initiatives? I believe that combining our expertise could lead to substantial contributions to the community, possibly culminating in a joint proposal for the Horizon Europe program.

Thank you for considering this opportunity. I look forward to your positive response.

Best regards,

Dr. Anna Müller
Senior Researcher
Max Planck Institute for Informatics
anna.mueller@mpi-inf.mpg.de",Invitation to Present at the Global Academic Networking Symposium 2024,"Dear Dr. Schmidt,

I hope this message finds you well. On behalf of the organizing committee of the Global Academic Networking Symposium 2024, I am pleased to invite you to participate as a distinguished speaker at our upcoming event, scheduled to take place in Berlin, Germany, from September 15-18, 2024.

The symposium will gather leading experts from institutions such as the Massachusetts Institute of Technology, Stanford University, ETH Zurich, and the National Institute of Informatics, Tokyo, to discuss advancements in network security, traffic analysis, and related fields. We believe your expertise and insights would greatly enrich the discussions and contribute to the symposium's success.

This event is supported by prominent organizations including the German Research Foundation (DFG), the European Research Council (ERC), and the IEEE Communications Society. We anticipate participation from renowned researchers like Prof. Alice Johnson, Dr. Hiroshi Tanaka, and Dr. Elena Garcia.

Please let us know your availability and interest at your earliest convenience. We look forward to the possibility of your valuable contribution.

Best regards,

Dr. Laura Becker
Chair, Global Academic Networking Symposium 2024
Technical University of Munich",Inquiry on Advancements in Encrypted Traffic Anomaly Detection,"Dear Dr. Schmidt, I am impressed by your work on real-time anomaly detection in encrypted network traffic. Could you share insights on the latest challenges you face in this area? I am exploring potential collaborations and would appreciate your perspective. Looking forward to your response.",Invitation to Present at Global Academic Networking Symposium 2024,"Dear Dr., we invite you to share your insights on network security at the Global Academic Networking Symposium 2024. Your expertise would greatly enrich discussions on real-time anomaly detection in encrypted traffic."
per-086,Dr. Lila Benali,Collaboration Opportunity on Fault Tolerant Protocols in Edge Computing,"Dear Dr. Lila Benali,

I hope this message finds you well. I am reaching out to express my admiration for your recent paper, ""Fault Tolerant Protocols for Edge Computing Environments,"" published under the auspices of the African Union Research Grant. Your innovative approach to enhancing reliability in secure distributed systems at the University of Tunis El Manar is truly commendable.

Given the increasing importance of resilient edge computing frameworks, I believe a collaborative effort could significantly advance this field. My team at the Secure Systems Lab, in partnership with the Institute of Distributed Computing and the Global Cybersecurity Alliance, is currently exploring complementary fault tolerance mechanisms that could synergize with your protocols.

I would be honored to discuss potential joint research initiatives, possibly integrating insights from the IEEE Edge Computing Consortium and the International Federation for Information Processing. Could we schedule a meeting next week to explore this collaboration further?

Thank you for considering this opportunity. I look forward to your positive response.

Best regards,

Dr. Michael Thompson
Director, Secure Systems Lab
Email: m.thompson@securesyslab.org
Phone: +1-555-123-4567",Invitation to Present at IWECST 2024 on Emerging Computer Science Trends,"Dear Dr. Benali,

I hope this message finds you well. On behalf of the International Workshop on Emerging Computer Science Trends (IWECST 2024), we are pleased to invite you to participate as a distinguished speaker at our upcoming event scheduled for October 15-17, 2024, in Nairobi, Kenya. IWECST 2024 aims to bring together leading academics, researchers, and industry experts from institutions such as the University of Cambridge, Massachusetts Institute of Technology, ETH Zurich, and the National University of Singapore to discuss advancements in computer science.

Your expertise and contributions to the field are highly regarded, and we believe your participation would greatly enrich the workshop's discourse. The event will feature keynote sessions, panel discussions, and networking opportunities supported by organizations including the African Union Research Grant, IEEE Computer Society, and ACM SIGCOMM.

Please let us know if you are interested in presenting or attending. We look forward to your positive response and the possibility of your valuable involvement.

Best regards,

Dr. Samuel Okoye
Program Chair, IWECST 2024
Email: samuel.okoye@iwecst.org
Website: www.iwecst2024.org",Inquiry on Fault Tolerant Protocols in Edge Computing,"Dear Dr. Benali,

I am impressed by your work on secure distributed systems, particularly fault tolerant protocols for edge environments. I am exploring related security challenges and would appreciate your insights on potential vulnerabilities in such protocols. Could we discuss possible collaboration or guidance?

Best regards,

[Your Name]",Invitation to Present at IWECST 2024,"Dear Researcher, we invite you to submit your work on secure distributed systems to the International Workshop on Emerging Computer Science Trends (IWECST 2024). Your insights on fault-tolerant protocols would be highly valuable."
per-087,Dr. David Lee,Collaboration Opportunity on Explainable AI for Cybersecurity Research,"Dear Dr. David Lee,

I hope this message finds you well. I am writing to express my admiration for your recent paper, ""Interpretable Deep Models for Cyber Threat Attribution,"" published under the auspices of the Canada Research Chairs Program at the University of Toronto. Your innovative approach to enhancing explainability in AI-driven cybersecurity models is highly relevant to ongoing challenges faced by institutions such as the National Cyber Security Centre and the Canadian Institute for Cybersecurity.

Given your expertise in explainable AI and its application to cyber threat attribution, I believe a collaborative research initiative could significantly advance our understanding and practical deployment of transparent AI systems in security contexts. Our team at the Cybersecurity Research Lab at MIT has been developing complementary methodologies focusing on model interpretability and threat intelligence integration.

I would welcome the opportunity to discuss potential joint projects or grant proposals, possibly involving entities like the Natural Sciences and Engineering Research Council of Canada (NSERC) or the Defense Advanced Research Projects Agency (DARPA).

Please let me know a convenient time for a virtual meeting to explore this further.

Best regards,

[Your Full Name]
[Your Position]
[Your Institution]
[Your Contact Information]",Manuscript Review Invitation for International Journal of Advanced Research Studies,"Dear Dr. David Lee,

I hope this message finds you well. I am writing to invite you to serve as a reviewer for a manuscript submitted to the International Journal of Advanced Research Studies. Given your esteemed position at the University of Toronto and your extensive expertise in the field of artificial intelligence and security, we believe your insights would be invaluable in assessing the quality and rigor of the submitted work.

The manuscript under consideration addresses emerging challenges in cybersecurity and proposes novel methodologies relevant to the broader research community. Your participation would contribute significantly to maintaining the high standards of our publication.

The review process is expected to be completed within four weeks, and we will provide all necessary materials and guidelines to facilitate your evaluation. Should you accept this invitation, please confirm at your earliest convenience.

We appreciate your consideration and look forward to the possibility of your collaboration.

Sincerely,

Dr. Emily Thompson
Editor-in-Chief
International Journal of Advanced Research Studies
Cambridge, United Kingdom

Contact: editor@ijars.org
Phone: +44 20 7946 0958",Inquiry on Explainable AI for Cybersecurity Research,"Dear Dr. Lee,

I am impressed by your work on interpretable deep models for cyber threat attribution. I am exploring explainable AI applications in security and would appreciate your insights on current challenges and future directions in this area. Could we discuss potential collaboration opportunities?

Best regards,",Manuscript Review for International Journal of Advanced Research Studies,"Dear Researcher, we invite you to review a manuscript on explainable AI in security for the International Journal of Advanced Research Studies. Your expertise would greatly contribute to the evaluation process. Please let us know your availability."
per-088,Dr. Hana Kim,Collaboration Opportunity on Advanced Wireless Security Protocols Inspired by Your 5G Research,"Dear Dr. Hana Kim,

I hope this message finds you well. I am writing to express my admiration for your recent paper, ""Secure 5G Protocols Against Spoofing Attacks,"" published in the IEEE Transactions on Wireless Communications. Your innovative approach to mitigating spoofing threats in 5G networks, particularly your use of adaptive cryptographic techniques, aligns closely with our ongoing research at the Cybersecurity Research Center, KAIST.

Given your expertise and the support from the Korea Government Scholarship Program, I believe a collaborative effort could significantly advance the development of robust wireless security frameworks. Our team, led by Professor Min-Jae Lee, has been exploring machine learning-based anomaly detection methods that could complement your protocol designs.

I would be honored to discuss potential joint research initiatives or co-author a follow-up study that builds upon your findings. Could we schedule a virtual meeting next week to explore this opportunity?

Thank you for considering this collaboration. I look forward to your positive response.

Best regards,

Dr. Jisoo Park
Senior Researcher
Cybersecurity Research Center, KAIST
jisoo.park@kaist.ac.kr
+82-42-350-1234","Invitation to Present at the 12th International Academic Forum 2024, Vienna","Dear Dr. Hana Kim,

I hope this message finds you well. On behalf of the organizing committee of the 12th International Academic Forum 2024, to be held in Vienna, Austria, we are pleased to invite you to participate as a distinguished speaker. This forum, supported by the Korea Government Scholarship Program and hosted by Seoul National University in collaboration with the IEEE Communications Society and the ACM SIGCOMM, aims to bring together leading experts from institutions such as KAIST, POSTECH, and the University of Tokyo.

Your expertise would greatly contribute to the discussions on emerging challenges in wireless security and network protocols. The event will feature keynote addresses from renowned scholars including Prof. Michael Smith (MIT), Dr. Elena Garcia (University of Cambridge), and Dr. Rajesh Kumar (Indian Institute of Technology).

We believe your participation will foster valuable academic exchange and collaboration. Please let us know your availability and any requirements you may have.

Thank you for considering this invitation. We look forward to your positive response.

Sincerely,

Dr. Thomas Müller
Chair, 12th International Academic Forum 2024
Vienna, Austria",Inquiry on Wireless Security Research Collaboration,"Dear Dr. Kim,

I am impressed by your work on secure protocols against spoofing attacks in wireless networks. I am exploring potential collaborations in this area and would appreciate discussing your insights and ongoing projects supported by your current grant.

Looking forward to your response.

Best regards,",Invitation to Present at 12th International Academic Forum 2024,"Dear Researcher, we invite you to present your work on wireless security at the 12th International Academic Forum 2024 in Vienna. Your insights would greatly enrich the discussions. Looking forward to your participation."
per-089,Dr. Ahmed El-Sayed,Collaboration Opportunity: Advancing IoT Security with Lightweight Authentication Schemes,"Dear Dr. Ahmed El-Sayed,

I hope this message finds you well. I am writing to express my admiration for your recent paper, ""Lightweight Authentication Schemes for Smart Home Devices,"" published under the Egyptian Science and Technology Development Fund. Your innovative approach to enhancing IoT security, particularly in resource-constrained environments, aligns closely with our ongoing research at the Cybersecurity Research Institute.

Given your expertise at Cairo University and your contributions to IoT security protocols, I believe a collaborative effort could significantly advance the development of robust, scalable authentication mechanisms. Our team, including experts from the National Institute of Standards and Technology (NIST) and the International Telecommunication Union (ITU), is currently exploring novel cryptographic techniques tailored for smart home ecosystems.

I would be honored to discuss potential joint research initiatives or grant applications that leverage our combined strengths. Could we schedule a meeting next week to explore this opportunity further?

Thank you for considering this collaboration. I look forward to your positive response.

Best regards,

Dr. Emily Carter
Lead Researcher, Cybersecurity Research Institute
emily.carter@cri.org
+1 (202) 555-0147",Invitation to Contribute to the International Journal of Advanced Interdisciplinary Studies,"Dear Dr. Ahmed El-Sayed,

On behalf of the Editorial Board of the International Journal of Advanced Interdisciplinary Studies, we are pleased to invite you to contribute to our upcoming special issue focusing on emerging trends in technology and innovation. Your expertise and distinguished academic background at Cairo University make you an ideal candidate to provide valuable insights to our readership.

The journal, indexed in Scopus and Web of Science, is committed to publishing high-quality research that bridges multiple disciplines. We collaborate with esteemed institutions such as the Egyptian Science and Technology Development Fund, the IEEE Computer Society, and the Association for Computing Machinery to ensure rigorous peer review and broad dissemination.

We encourage submissions that explore novel methodologies, theoretical frameworks, or applied research across fields including computer science, engineering, and information technology. Please consider submitting your manuscript by the deadline of September 30, 2024.

For further details, visit our website or contact our editorial office at editor@ijais.org.

We look forward to your valuable contribution.

Sincerely,

Prof. Maria Gonzalez
Editor-in-Chief
International Journal of Advanced Interdisciplinary Studies

Dr. John Smith
Associate Editor
Dr. Li Wei
Editorial Board Member
Dr. Fatima Al-Mansouri
Editorial Board Member
Dr. David Brown
Editorial Board Member",Inquiry on Lightweight Authentication in IoT Security,"Dear Dr. El-Sayed,

I recently came across your work on lightweight authentication schemes for smart home devices. I am interested in exploring potential collaborations or insights related to IoT security advancements. Could we discuss your current research focus and any ongoing projects supported by relevant grants?

Best regards,

[Your Name]",Invitation to Contribute to International Journal of Advanced Interdisciplinary Studies,"Dear Researcher, the Editorial Board invites you to submit your latest work on IoT security to our journal. We value your expertise and look forward to your contribution to advancing interdisciplinary studies."
per-090,Dr. Sophie Martin,Collaboration Opportunity: Enhancing Post-Quantum Cryptography Security Measures,"Dear Dr. Sophie Martin,

I hope this message finds you well. I am writing to express my admiration for your recent paper, ""Evaluating Lattice-Based Cryptosystems Against Side-Channel Attacks,"" published under the auspices of the UK Engineering and Physical Sciences Research Council Grant. Your insightful analysis of cryptanalysis techniques and the resilience of lattice-based schemes significantly advances our understanding of post-quantum cryptography.

Given your expertise at the University of Cambridge and your contributions to the field, I would like to propose a collaborative research initiative aimed at developing enhanced side-channel attack mitigation strategies for emerging cryptosystems. Our team at the National Institute of Standards and Technology (NIST) has been focusing on similar challenges, particularly in the context of the NIST Post-Quantum Cryptography Standardization project.

I believe that combining our efforts could yield substantial advancements in securing cryptographic implementations against evolving threats. Would you be available for a virtual meeting next week to discuss potential collaboration avenues?

Thank you for considering this opportunity. I look forward to your positive response.

Best regards,

Dr. Michael Thompson
Senior Research Scientist
National Institute of Standards and Technology (NIST)
michael.thompson@nist.gov",Collaborative Research Opportunity – International Academic Consortium 2024,"Dear Dr. Martin,

I hope this message finds you well. I am writing to invite you to participate in the International Academic Consortium 2024, a collaborative research initiative supported by the UK Engineering and Physical Sciences Research Council and the European Research Council. This consortium brings together leading experts from institutions such as the Massachusetts Institute of Technology, ETH Zurich, National University of Singapore, and the University of Tokyo to advance cutting-edge developments in cybersecurity and cryptographic methodologies.

Given your esteemed position at the University of Cambridge and your extensive expertise, we believe your contribution would be invaluable to this multidisciplinary effort. The consortium aims to foster collaboration among researchers from the University of Oxford, Stanford University, and the Technical University of Munich, facilitating knowledge exchange and joint publications.

We would be honored to discuss potential avenues for collaboration and explore how your insights could shape the consortium’s objectives. Please let us know your availability for a preliminary meeting.

Thank you for considering this opportunity.

Kind regards,

Dr. Alan Thompson
Coordinator, International Academic Consortium 2024
Imperial College London",Inquiry on Side-Channel Resilience in Lattice-Based Cryptosystems,"Dear Dr. Martin,

I am intrigued by your work on lattice-based cryptosystems and their vulnerability to side-channel attacks. Could you share insights on the most effective mitigation strategies identified in your research? I am exploring similar avenues and would appreciate your perspective.

Best regards,

[Your Name]",Collaborative Research Opportunity – International Academic Consortium 2024,"Dear Dr., we invite you to join a collaborative research initiative focusing on advanced cryptographic methods. Your expertise would greatly contribute to this international academic consortium. Looking forward to potential collaboration opportunities."
per-091,Dr. Jorge Ramirez,Collaboration Opportunity: Enhancing Automated Buffer Overflow Detection Techniques,"Dear Dr. Jorge Ramirez,

I hope this message finds you well. I am reaching out to commend your insightful paper, ""Automated Detection of Buffer Overflow Vulnerabilities Using Static Analysis,"" published under the Universidad Nacional Autónoma de México. Your innovative approach to software security and vulnerability analysis significantly advances the field, particularly in the context of static analysis methodologies.

Given your expertise and the support from the CONACYT Research Grant, I believe there is a valuable opportunity for collaboration between your team and our research group at the Cybersecurity Institute of Stanford University. Our recent work focuses on integrating machine learning algorithms with static analysis tools to improve detection accuracy and reduce false positives in buffer overflow vulnerability identification.

I would be honored to discuss potential joint research initiatives, grant applications, or knowledge exchange programs that could mutually benefit our institutions and contribute to the broader cybersecurity community.

Please let me know a convenient time for a virtual meeting to explore these possibilities further.

Thank you for your consideration.

Best regards,

Dr. Emily Chen
Senior Research Scientist
Cybersecurity Institute
Stanford University
emily.chen@stanford.edu
+1 (650) 555-1234",Invitation to Nominate for the International Academic Excellence Award 2024,"Dear Dr. Jorge Ramirez,

I hope this message finds you well. On behalf of the International Council for Scientific Advancement (ICSA), I am pleased to inform you about the International Academic Excellence Award 2024. This prestigious award recognizes outstanding contributions to the global academic community across various disciplines.

Given your esteemed position at Universidad Nacional Autónoma de México and your notable achievements supported by the CONACYT Research Grant, we believe you are an ideal candidate for this honor. The award aims to celebrate scholars who have demonstrated exceptional dedication to advancing knowledge and fostering innovation.

The selection committee, comprising members from institutions such as the Massachusetts Institute of Technology, University of Cambridge, Max Planck Society, and the National Science Foundation, will evaluate nominations based on scholarly impact, leadership, and commitment to academic excellence.

We encourage you to submit your nomination by August 15, 2024. For further details, please visit the ICSA official website or contact our office directly.

We look forward to your participation in this distinguished recognition.

Sincerely,

Dr. Emily Chen
Chair, International Academic Excellence Award Committee
International Council for Scientific Advancement",Inquiry on Automated Vulnerability Detection Techniques,"Dear Dr. Ramirez, I am impressed by your work on automated detection of buffer overflow vulnerabilities using static analysis. I am exploring similar approaches and would appreciate your insights on current challenges in this area. Could we discuss potential collaboration or guidance related to your research? Looking forward to your response.",Invitation: International Academic Excellence Award 2024,"Dear Dr., we are pleased to invite you to apply for the International Academic Excellence Award 2024 recognizing outstanding contributions in software security research. Your work in vulnerability analysis is highly valued. Regards."
per-092,Dr. Elena Ivanova,Collaboration Opportunity on Privacy Enhancing Technologies Inspired by Your ZKP Research,"Dear Dr. Elena Ivanova,

I hope this message finds you well. I am writing to express my admiration for your recent paper, ""Decentralized Identity Management with Zero-Knowledge Proofs,"" published under the Finnish Academy of Science Research Grant. Your innovative approach to privacy enhancing technologies, particularly in the context of decentralized systems, aligns closely with our ongoing research at the Helsinki Institute for Information Security.

Given your expertise and the groundbreaking nature of your work, I would like to propose a collaborative research initiative aimed at advancing zero-knowledge proof applications in identity management. Our team, including experts from the University of Cambridge, MIT, and the Max Planck Institute, is keen to explore synergies that could lead to impactful advancements in this domain.

Would you be available for a virtual meeting next week to discuss potential collaboration frameworks? Your insights would be invaluable, and I am confident that together we can contribute significantly to the field.

Thank you for considering this opportunity. I look forward to your positive response.

Best regards,

Dr. Michael Andersen
Senior Researcher
Helsinki Institute for Information Security
michael.andersen@hiis.fi",Invitation to Present at the Global Academic Seminar Series 2024,"Dear Dr. Ivanova,

I hope this message finds you well. On behalf of the International Research Forum, we are pleased to invite you to participate as a distinguished speaker in the upcoming Global Academic Seminar Series 2024. This prestigious event will convene leading scholars and experts from institutions such as the Massachusetts Institute of Technology, University of Cambridge, Max Planck Institute, National University of Singapore, and the University of Tokyo.

The seminar series aims to foster interdisciplinary dialogue and collaboration across diverse fields, including computer science, cryptography, and data privacy. Your expertise and insights would greatly enrich the discussions and contribute to advancing global research initiatives.

The event is scheduled to take place from September 15-18, 2024, at the International Research Forum headquarters in Geneva, Switzerland. We would be honored if you could confirm your availability and interest in presenting a lecture or participating in panel discussions.

Please feel free to contact us for further details or any specific requirements.

We look forward to your positive response.

Sincerely,

Dr. Michael Thompson
Chair, Global Academic Seminar Series 2024
International Research Forum",Inquiry on Privacy Enhancing Technologies Research,"Dear Dr. Ivanova, I am impressed by your work on decentralized identity management using zero-knowledge proofs. I am exploring related privacy enhancing technologies and would appreciate the opportunity to discuss your insights and potential collaboration. Could we arrange a brief meeting to explore this further? Looking forward to your response.",Invitation to Present at Global Academic Seminar Series 2024,"Dear Dr.,

We invite you to present your recent research on privacy enhancing technologies at the Global Academic Seminar Series 2024 hosted by the International Research Forum. Your insights would greatly enrich the discussion.

Best regards,"
per-093,Dr. Kwame Mensah,Collaboration Opportunity: Enhancing National Cybersecurity Capacity in Africa,"Dear Dr. Kwame Mensah,

I hope this message finds you well. I recently had the opportunity to study your insightful paper, ""Frameworks for National Cybersecurity Capacity Building in Africa,"" published through the University of Ghana. Your analysis of policy frameworks and governance models resonates deeply with ongoing initiatives supported by the African Development Bank Research Support Program.

Given your expertise in cybersecurity policy and governance, I am reaching out to explore potential collaboration opportunities aimed at advancing national cybersecurity capacity across African nations. Our team at the Cybersecurity Policy Institute, in partnership with the African Union and the International Telecommunication Union, is currently developing a comprehensive framework that aligns with the objectives outlined in your research.

We believe that your contributions could significantly enhance the impact and scalability of this initiative. I would welcome the opportunity to discuss this further and explore how we might work together to strengthen cybersecurity resilience in the region.

Please let me know a convenient time for a virtual meeting.

Best regards,

Dr. Amina Diallo
Senior Research Fellow
Cybersecurity Policy Institute
Email: a.diallo@cpi.org
Phone: +1-202-555-0147",Research Proposal Review – International Symposium on Advanced Studies 2024,"Dear Dr. Mensah,

I hope this message finds you well. I am writing to inform you that your recent submission to the International Symposium on Advanced Studies 2024 has been received and is currently under review by our panel of experts, including representatives from the African Development Bank, the United Nations University, and the World Economic Forum.

The review committee, comprising distinguished scholars such as Prof. Amina El-Amin (University of Nairobi), Dr. Samuel Ofori (Kwame Nkrumah University of Science and Technology), and Dr. Fatima Diallo (University of Dakar), is evaluating proposals with a focus on innovation, feasibility, and potential impact.

We appreciate your participation in this prestigious event, which also features contributions from institutions like the Massachusetts Institute of Technology, the London School of Economics, and the National Institute of Standards and Technology.

You can expect to receive detailed feedback by July 15, 2024. Should you have any questions, please do not hesitate to contact the symposium secretariat.

Thank you for your valuable contribution.

Sincerely,

Dr. Elena Rodriguez
Chair, Review Committee
International Symposium on Advanced Studies 2024",Inquiry on Cybersecurity Capacity Building Research,"Dear Dr. Mensah,

I am impressed by your work on national cybersecurity capacity frameworks. Could you share insights on key challenges faced in policy implementation across diverse regions? Your perspective would greatly aid our ongoing research.

Best regards,

[Your Name]",Research Proposal Review – International Symposium on Advanced Studies 2024,"Dear Researcher, your proposal on cybersecurity policy has been reviewed for the International Symposium on Advanced Studies 2024. We appreciate your contribution and will provide feedback shortly. Thank you for your submission."
per-094,Dr. Isabella Rossi,Collaboration Opportunity on Embedded Systems Security Research under Horizon Europe Grant,"Dear Dr. Isabella Rossi,

I hope this message finds you well. I am writing to express my admiration for your recent paper, ""Securing Automotive Embedded Systems Against Remote Attacks,"" published through Politecnico di Milano. Your innovative approach to mitigating vulnerabilities in automotive embedded systems aligns closely with our ongoing research initiatives.

As part of a consortium funded by the European Union Horizon Europe Grant, we are currently exploring advanced security frameworks for embedded systems within the automotive sector. Given your expertise and significant contributions to embedded systems security, particularly in remote attack prevention, we believe a collaboration could yield impactful results.

We are keen to discuss potential joint research projects, knowledge exchange, and co-authorship opportunities that leverage our combined strengths. Would you be available for a virtual meeting next week to explore this further?

Thank you for considering this opportunity. I look forward to your positive response.

Best regards,

Dr. Michael Thompson
Senior Researcher
Cybersecurity Division
European Institute of Technology
Email: michael.thompson@eit.europa.eu
Phone: +32 2 123 4567",Call for Papers: International Symposium on Advanced Academic Research 2024,"Dear Dr. Rossi,

We are pleased to announce the Call for Papers for the International Symposium on Advanced Academic Research 2024, scheduled to take place in Vienna, Austria, from September 15-18, 2024. This prestigious event, organized by the European Research Council in collaboration with the University of Cambridge and the Massachusetts Institute of Technology, aims to bring together leading scholars and practitioners from diverse fields to discuss cutting-edge developments and foster interdisciplinary collaboration.

We invite you to submit your original research papers for consideration. Selected papers will be published in the symposium proceedings and featured in the Journal of Advanced Scientific Studies. Keynote speakers include Professor Michael Green from Stanford University and Dr. Elena Petrova of the Max Planck Institute.

The submission deadline is May 31, 2024. For detailed guidelines and registration information, please visit the symposium website at www.isaar2024.org.

We look forward to your valuable contribution to this international forum supported by the European Union Horizon Europe Grant.

Sincerely,

Dr. Thomas Müller
Program Chair
International Symposium on Advanced Academic Research 2024",Inquiry on Embedded Systems Security Research,"Dear Dr. Rossi,

I am impressed by your work on securing automotive embedded systems against remote attacks. I am exploring related security challenges and would appreciate your insights on emerging threats in this domain. Could we discuss potential collaboration opportunities or recent findings?

Best regards,

[Your Name]",Call for Papers: International Symposium on Advanced Academic Research 2024,"Dear Researcher, we invite submissions for the International Symposium on Advanced Academic Research 2024. Share your latest findings in embedded systems security and contribute to advancing academic knowledge. Looking forward to your valuable paper."
per-095,Dr. Tarek Haddad,Collaboration Opportunity on Advanced Privacy Models in Multi-Tenant Cloud Environments,"Dear Dr. Haddad,

I hope this message finds you well. I am reaching out to commend your insightful paper, ""Privacy-Aware Data Sharing Models for Multi-Tenant Cloud Environments,"" published under the auspices of the Lebanese National Council for Scientific Research Award. Your work at the American University of Beirut significantly advances the discourse on cloud security and privacy, particularly in the context of multi-tenant architectures.

Given the increasing complexity of data protection challenges faced by cloud service providers such as Amazon Web Services, Microsoft Azure, and Google Cloud Platform, your research offers valuable frameworks that could be instrumental in enhancing privacy-preserving mechanisms. I am particularly interested in exploring potential collaborations that leverage your models alongside emerging technologies like homomorphic encryption and secure multi-party computation.

Would you be available for a virtual meeting next week to discuss possible joint research initiatives? Your expertise would be invaluable in driving forward innovative solutions in this critical domain.

Looking forward to your positive response.

Best regards,

[Your Full Name]
[Your Position]
[Your Institution]
[Your Contact Information]",Invitation to Present at the Global Academic Networking Symposium 2024,"Dear Dr. Haddad,

I hope this message finds you well. On behalf of the organizing committee of the Global Academic Networking Symposium 2024, we are pleased to invite you to participate as a distinguished speaker at our upcoming event scheduled for October 15-17, 2024, in Geneva, Switzerland.

The symposium aims to bring together leading academics and industry experts from institutions such as MIT, Stanford University, the University of Cambridge, ETH Zurich, and the National University of Singapore to foster interdisciplinary collaboration and knowledge exchange. We believe your expertise and insights would greatly enrich the discussions.

This year’s program includes keynote addresses from Dr. Maria Gonzalez of the Max Planck Institute, panel sessions featuring representatives from the European Research Council, and workshops led by the IEEE Computer Society. Additionally, the event is supported by grants from the National Science Foundation and the Lebanese National Council for Scientific Research.

We would be honored to have you contribute to this prestigious gathering. Please let us know your availability at your earliest convenience.

Best regards,

Dr. Emily Carter
Chair, Global Academic Networking Symposium 2024
International Association of Researchers",Inquiry on Privacy-Aware Data Sharing Models in Cloud Environments,"Dear Dr. Haddad,

I am exploring advancements in cloud security and privacy, particularly in multi-tenant data sharing. Your research on privacy-aware models is highly relevant. Could you share insights on challenges faced in implementing these models effectively? I appreciate your time and expertise.

Best regards,
[Your Name]",Invitation to Global Academic Networking Symposium 2024,"Dear Researcher, we invite you to present your work on cloud security at the Global Academic Networking Symposium 2024. This is a great opportunity to connect with peers and explore collaborative research possibilities."
per-096,Dr. Yuki Nakamura,Collaboration Opportunity on Advancing Device-Independent Quantum Key Distribution,"Dear Dr. Nakamura,

I hope this message finds you well. I am writing to express my admiration for your recent publication, ""Implementing Device-Independent Quantum Key Distribution in Practical Networks,"" which I found profoundly insightful. Your pioneering work at the University of Tokyo, supported by the Japan Society for the Promotion of Science Grant, significantly advances the field of quantum cryptography.

Given the critical importance of secure communication in the era of quantum computing, I believe there is a compelling opportunity for collaboration between our research teams. Our group at the National Institute of Informatics has been developing complementary protocols that could enhance the robustness and scalability of device-independent quantum key distribution systems.

I would be honored to discuss potential joint research initiatives, possibly integrating our methodologies to accelerate practical implementations. Could we schedule a virtual meeting next month to explore this further? Your expertise, alongside contributions from institutions like RIKEN and the Quantum Information Science and Technology Center, would be invaluable.

Thank you for considering this proposal. I look forward to your positive response.

Sincerely,
Dr. Michael Tanaka
Senior Researcher
National Institute of Informatics
m.tanaka@nii.ac.jp",Invitation to Present at IWECST 2024 – International Workshop on Emerging Computer Science Trends,"Dear Dr. Nakamura,

I hope this message finds you well. On behalf of the organizing committee, I am pleased to invite you to participate as a distinguished speaker at the International Workshop on Emerging Computer Science Trends (IWECST 2024), scheduled to take place from September 15-17, 2024, in Kyoto, Japan.

IWECST 2024 aims to bring together leading researchers and practitioners from institutions such as the Massachusetts Institute of Technology, Stanford University, the University of Cambridge, ETH Zurich, and the National Institute of Informatics to discuss recent advancements and future directions in computer science. The workshop will feature keynote presentations, panel discussions, and networking sessions.

Given your esteemed position at the University of Tokyo and your contributions supported by the Japan Society for the Promotion of Science Grant, your participation would greatly enrich the discourse. We believe your insights will be invaluable to attendees from organizations including the IEEE Computer Society, ACM SIGCOMM, and the Japan Advanced Institute of Science and Technology.

Please let us know your availability at your earliest convenience. We look forward to your positive response.

Sincerely,

Dr. Michael Thompson
Chair, IWECST 2024 Organizing Committee
University of California, Berkeley",Inquiry on Device-Independent Quantum Key Distribution Research,"Dear Dr. Nakamura,

I am impressed by your work on device-independent quantum key distribution. Could you share insights on overcoming practical network challenges in your implementation? I am exploring related security aspects and would appreciate your perspective.

Best regards,

[Your Name]",Invitation to Present at IWECST 2024,"Dear Dr. Nakamura, we invite you to share your insights on quantum cryptography at the International Workshop on Emerging Computer Science Trends (IWECST 2024). Your expertise would greatly enrich the discussions. Looking forward to your participation."
per-097,Dr. Olivia Parker,Collaboration Opportunity: Enhancing Multi-Factor Authentication Usability in ARC-Funded Research,"Dear Dr. Parker,

I hope this message finds you well. I am reaching out to commend your insightful paper, ""Designing Effective User Interfaces for Multi-Factor Authentication,"" published in the Journal of Usable Security. Your work at the University of Sydney, particularly under the Australian Research Council Discovery Grant, significantly advances our understanding of usable security and privacy.

Given your expertise in user-centered design and authentication mechanisms, I would like to explore a potential collaboration focused on developing adaptive multi-factor authentication interfaces that balance security and user experience. Our team at the Cybersecurity Research Institute has been investigating behavioral biometrics integration and would greatly benefit from your perspective.

Would you be available for a virtual meeting next week to discuss possible joint research initiatives? I believe combining our efforts could lead to impactful advancements and further funding opportunities.

Thank you for considering this proposal. I look forward to your positive response.

Best regards,

Dr. Michael Chen
Senior Researcher
Cybersecurity Research Institute
michael.chen@cri.edu.au
+61 2 1234 5678",Manuscript Review Invitation for International Journal of Advanced Research Studies,"Dear Dr. Parker,

I hope this message finds you well. I am writing to invite you to serve as a reviewer for a manuscript recently submitted to the International Journal of Advanced Research Studies. Given your expertise and distinguished contributions to the field, we believe your insights would be invaluable in assessing the quality and rigor of this work.

The manuscript addresses emerging challenges in security protocols and user interaction, topics that align closely with your professional background. The review process is expected to be completed within four weeks, and we provide comprehensive guidelines to facilitate a thorough evaluation.

Your participation would not only contribute to maintaining the high standards of our journal but also support the broader research community. Should you accept, you will receive access to the manuscript and review platform shortly.

Please let us know at your earliest convenience if you are available to undertake this important task. We appreciate your consideration and look forward to your positive response.

Kind regards,

Prof. Michael Thompson
Editor-in-Chief
International Journal of Advanced Research Studies
University of Melbourne
Australia
Email: m.thompson@ijars.edu.au
Phone: +61 3 8344 4000",Collaboration Inquiry on Usable Security Interfaces,"Dear Dr. Parker, I am impressed by your work on user interfaces for multi-factor authentication. I am exploring potential collaborations to enhance usable security and privacy solutions. Would you be open to a brief discussion on aligning our research interests and possible joint projects? Looking forward to your thoughts.",Manuscript Review for International Journal of Advanced Research Studies,"Dear Researcher, We invite you to review a manuscript related to usable security for the International Journal of Advanced Research Studies. Your expertise would greatly contribute to the quality of this publication. Please let us know your availability."
per-098,Dr. Ahmed Hassan,Collaboration Opportunity on Advanced DDoS Mitigation Strategies Inspired by Your Recent Work,"Dear Dr. Ahmed Hassan,

I hope this message finds you well. I am reaching out to commend your insightful paper, ""Mitigating DDoS Attacks using Adaptive Rate Limiting Techniques,"" published under the auspices of King Fahd University of Petroleum and Minerals and supported by the King Abdulaziz City for Science and Technology Grant. Your innovative approach to enhancing network protocol security through adaptive mechanisms is highly relevant to ongoing challenges faced by cybersecurity frameworks globally.

At [Your Institution/Company], we are currently exploring complementary methodologies that could synergize with your adaptive rate limiting techniques to further fortify defenses against volumetric DDoS attacks. Given your expertise and the critical nature of this research, I believe a collaborative effort could yield significant advancements.

Would you be available for a virtual meeting in the coming weeks to discuss potential joint research initiatives? Your insights would be invaluable, and I am eager to explore how we might contribute to this vital field together.

Thank you for considering this opportunity. I look forward to your positive response.

Best regards,

[Your Full Name]
[Your Position]
[Your Institution/Company]
[Your Contact Information]","Invitation to Present at the 12th International Academic Forum 2024, Vienna","Dear Dr. Ahmed Hassan,

I hope this message finds you well. On behalf of the organizing committee of the 12th International Academic Forum 2024, to be held in Vienna, Austria, we are pleased to invite you to participate as a distinguished speaker. Your expertise and contributions to the field of network protocol security are highly regarded within the academic community.

The forum will convene leading researchers and practitioners from institutions such as King Fahd University of Petroleum and Minerals, King Abdulaziz City for Science and Technology, the European Network and Information Security Agency, and the International Telecommunication Union. This event offers a valuable platform for knowledge exchange and collaboration among experts from diverse organizations including the IEEE Communications Society, the ACM SIGCOMM, and the Cybersecurity Research Center at the University of Vienna.

We believe your participation would greatly enrich the discussions and foster innovative approaches to current challenges in cybersecurity. Please let us know your availability and interest at your earliest convenience.

Thank you for considering this invitation.

Sincerely,

Dr. Maria Schmidt
Conference Chair
12th International Academic Forum 2024",Inquiry on Adaptive Rate Limiting Techniques in Network Security,"Dear Dr. Hassan, I recently came across your work on mitigating DDoS attacks using adaptive rate limiting. Your approach to enhancing network protocol security is impressive. I am interested in discussing potential collaboration opportunities and learning more about your methodologies. Would you be open to a brief conversation? Best regards.",Invitation to Present at 12th International Academic Forum 2024,"Dear Researcher, we invite you to submit your work on network security to the 12th International Academic Forum 2024 in Vienna. This is a great opportunity to share your findings and collaborate with peers globally."
per-099,Dr. Elena Petrova,Collaboration Opportunity: Advancing Formal Verification in Secure Multi-Party Computation,"Dear Dr. Petrova,

I hope this message finds you well. I am writing to express my admiration for your recent paper, ""Automated Theorem Proving for Secure Multi-Party Computation,"" published under the auspices of the Russian Foundation for Basic Research. Your innovative approach to formal verification in security protocols, particularly within the context of multi-party computation, aligns closely with ongoing projects at the Institute for Cybersecurity Research at MIT.

Given your expertise and the significant contributions of your work at Saint Petersburg State University, I believe a collaborative effort could yield substantial advancements in automated theorem proving techniques. Our team, including Dr. Michael Clarkson and Dr. Anupam Datta, has been exploring complementary methods in protocol verification and would greatly value your insights.

Would you be available for a virtual meeting in the coming weeks to discuss potential joint research initiatives? I am confident that combining our expertise could lead to impactful publications and further funding opportunities.

Thank you for considering this proposal. I look forward to your positive response.

Best regards,

Dr. Sarah Thompson
Senior Researcher
Institute for Cybersecurity Research
Massachusetts Institute of Technology",Invitation to Contribute to the International Journal of Advanced Interdisciplinary Studies,"Dear Dr. Petrova,

On behalf of the Editorial Board of the International Journal of Advanced Interdisciplinary Studies, I am pleased to extend an invitation for you to submit a manuscript to our upcoming special issue focused on cutting-edge developments in interdisciplinary research. Our journal, indexed in Scopus and Web of Science, is dedicated to publishing high-quality, peer-reviewed articles that advance knowledge across diverse scientific domains.

We believe your expertise and scholarly contributions would greatly enrich the discourse within this issue. The journal is supported by a distinguished panel including Prof. Michael Johnson (University of Cambridge), Dr. Aisha Khan (MIT), Prof. Hiroshi Tanaka (University of Tokyo), and Dr. Maria Garcia (University of São Paulo), among others.

Please consider this opportunity to disseminate your work to an international audience. Manuscripts will undergo rigorous peer review coordinated by our editorial team, including Dr. Samuel Lee and Prof. Ingrid Müller.

Should you have any questions or require further information, do not hesitate to contact us at editorial@ijais.org.

We look forward to your valuable contribution.

Sincerely,

Dr. Robert Thompson
Editor-in-Chief
International Journal of Advanced Interdisciplinary Studies",Inquiry on Formal Verification Techniques in Security Protocols,"Dear Dr. Petrova,

I am impressed by your work on formal verification in security protocols. Could you share insights on how automated theorem proving advances secure multi-party computation? I am exploring related methods and would appreciate your perspective.

Best regards,

[Your Name]",Invitation to Contribute to International Journal of Advanced Interdisciplinary Studies,"Dear Researcher, the Editorial Board of International Journal of Advanced Interdisciplinary Studies invites you to submit your latest work on formal verification and security protocols for potential publication. We look forward to your valuable contribution."
per-100,Dr. Clara Jensen,Collaboration Opportunity: Advancing AI Security in Federated Learning Systems,"Dear Dr. Clara Jensen,

I hope this message finds you well. I am writing to express my admiration for your recent paper, ""Detecting Model Poisoning Attacks in Federated Learning Systems,"" published under the auspices of Aarhus University and supported by the Danish Council for Independent Research Grant. Your innovative approach to enhancing the robustness of federated learning models against adversarial threats significantly advances the field of Artificial Intelligence Security.

Given the increasing prevalence of model poisoning attacks highlighted in your work, I believe a collaborative effort could further strengthen detection mechanisms and develop proactive defense strategies. Our team at the Cybersecurity Research Institute has been focusing on complementary techniques involving anomaly detection and blockchain integration to secure distributed AI systems.

I would be honored to discuss potential joint research initiatives or grant proposals that align with your expertise and ongoing projects. Could we schedule a meeting at your earliest convenience to explore this opportunity?

Thank you for considering this collaboration. I look forward to your positive response.

Best regards,

Dr. Michael Andersen
Senior Researcher, Cybersecurity Research Institute
michael.andersen@cyberinstitute.org
+45 1234 5678",Collaborative Research Opportunity – International Academic Consortium 2024,"Dear Dr. Jensen,

I hope this message finds you well. I am writing to invite you to participate in the International Academic Consortium 2024, a collaborative research initiative supported by the Danish Council for Independent Research Grant. This consortium aims to bring together leading experts from institutions such as Aarhus University, MIT, Stanford University, ETH Zurich, and the University of Tokyo to advance the field of Artificial Intelligence Security.

Given your esteemed position at Aarhus University and your extensive expertise, your contribution would be invaluable to this interdisciplinary effort. The consortium will facilitate joint workshops, data sharing, and co-authored publications, fostering innovation and knowledge exchange among participants from the Max Planck Institute, Tsinghua University, and the University of Cambridge.

We believe that your involvement will significantly enhance the consortium’s impact and help shape future directions in AI security research. Please let us know if you are interested in joining this initiative or require further information.

Thank you for considering this opportunity.

Best regards,

Dr. Michael Thompson
Coordinator, International Academic Consortium 2024
University of Oxford",Inquiry on AI Security Research Collaboration,"Dear Dr. Jensen,

I am impressed by your work on AI security, particularly in detecting model poisoning in federated learning. I am exploring related research opportunities and would appreciate discussing potential collaboration or insights on advancing defenses in this area.

Best regards,

[Your Name]",Collaborative Research Opportunity – International Academic Consortium 2024,"Dear Dr., we invite you to join a collaborative research initiative focusing on advanced security challenges in AI systems. Your expertise would greatly contribute to this international academic consortium. Looking forward to potential collaboration."
