target_id,persona_name,S+C+_subject,S+C+_body,S+C-_subject,S+C-_body,S-C+_subject,S-C+_body,S-C-_subject,S-C-_body
per-001,Dr. Jack O'Brien,Invitation: Keynote & Special Issue on Advanced Encrypted Traffic Analysis (IEEE CNS 2024),"Dear Dr. Jack O'Brien,

I am reaching out as the Program Chair for the IEEE Conference on Communications and Network Security (CNS 2024), to be held at the International Convention Centre Sydney from 16–19 September 2024. Your pioneering work on encrypted traffic analysis, particularly your joint publication with Dr. Liam Nguyen (University of Queensland) in IEEE Transactions on Information Forensics and Security (Vol. 19, Issue 2, Feb 2024), has been highly influential in shaping current research directions. I was also impressed by your keynote at the 2023 Australasian Cybersecurity Conference in Melbourne and your recent ARC Discovery Grant (DP230101234) on anomaly detection in encrypted networks.

We are curating a special issue on ""Emerging Techniques in Encrypted Traffic Analysis and Secure Routing"" for the IEEE CNS 2024 proceedings. We would be honored if you could submit an extended abstract (1,000–1,500 words) by 15 July 2024, or alternatively serve as a guest reviewer. Please confirm your interest by replying to this email, and I will provide submission guidelines and reviewer access credentials.

Best regards,
Dr. Emily Carter
Program Chair, IEEE CNS 2024","Invitation to Participate: Frontier Security Research Workshop at MIT, July 18, 2024","Dear Dr. Jack O'Brien,

I hope this message finds you well. My name is Emily Chen, and I am a coordinator with the Center for Advanced Cybersecurity Studies at the Massachusetts Institute of Technology. I am writing to cordially invite you to participate in the upcoming ""Frontier Security Research Workshop,"" scheduled for July 18, 2024, at the Ray and Maria Stata Center, MIT, Cambridge, Massachusetts.

This workshop aims to bring together distinguished researchers and practitioners, including representatives from the National Science Foundation, IBM Research, and the Cybersecurity and Infrastructure Security Agency, to discuss emerging trends and methodologies in security research. We believe your expertise in threat intelligence and network security, as demonstrated by your recent work at the University of Edinburgh, would greatly enrich our discussions.

We would be honored if you could join us for this event. Please let us know if you require any additional information regarding the agenda or travel arrangements.

Thank you for considering our invitation.

Best regards,
Emily Chen
Workshop Coordinator
Center for Advanced Cybersecurity Studies
Massachusetts Institute of Technology",Question about your encrypted traffic analysis work,"I read your recent paper on encrypted traffic analysis. Your approach to secure routing and network anomaly detection is very relevant to my current project. I am interested in discussing possible collaboration or feedback on related methods. If you are open to sharing insights or suggestions, please let me know.",Workshop Invitation,"Dear Dr.,

I am reaching out to let you know about an upcoming workshop that will focus on recent developments in research. We would be pleased if you could join us. Please let me know if you are interested or need more details.

Best regards,"
per-026,Dr. Daan de Vries,,,"Invitation to Speak at the Quantum Security Frontiers Seminar, 18 September 2024, Delft","Dear Dr. Daan de Vries,

I hope this message finds you well. My name is Prof. Ingrid van Leeuwen, and I am writing on behalf of the Organizing Committee for the Quantum Security Frontiers Seminar, scheduled to take place on 18 September 2024 at the Aula Conference Centre, Delft University of Technology, Delft, The Netherlands.

We are delighted to extend an invitation for you to serve as a distinguished speaker at this event. The seminar aims to bring together leading experts from academia, industry, and government to discuss emerging trends and challenges in quantum-resistant cryptography and secure communications. Previous editions have featured renowned figures such as Prof. Lars Müller (ETH Zurich) and Dr. Sofia Rossi (Politecnico di Milano).

Your pioneering work at the intersection of post-quantum algorithms and secure protocol design has garnered significant attention, and we believe your insights would greatly enrich our program. Please let us know your availability and any requirements you may have.

We look forward to your positive response.

Kind regards,

Prof. Ingrid van Leeuwen
Quantum Security Frontiers Seminar Committee
Delft University of Technology",Question about your federated learning work,I read your recent paper on federated learning for edge devices. Your approach to scalable architectures is very relevant to my current work. I am interested in how you handle heterogeneous environments and low-latency inference. Would you be open to sharing more details or discussing possible collaboration? Please let me know if you are available for a short call.,Invitation to Speak at Seminar,I am reaching out to ask if you would be interested in giving a talk at an upcoming seminar. We would appreciate your participation. Please let me know if you are available or need more details. Thank you for considering this invitation.
per-051,Dr. Alice Zhang,"Invitation to Keynote: International Symposium on Advanced Cybersecurity Analytics (ISACA 2024), Berlin, 18-21 September 2024","Dear Dr. Alice Zhang,

On behalf of the Organizing Committee of the International Symposium on Advanced Cybersecurity Analytics (ISACA 2024), to be held at the Humboldt University of Berlin from 18-21 September 2024, I am honored to extend a formal invitation for you to deliver a keynote address. Your pioneering research in Machine Learning for Cybersecurity, particularly your recent publication, ""Adaptive Adversarial Training for Robust Network Intrusion Detection"" (co-authored with Dr. Wei Chen), has garnered significant attention within the global academic community. We are especially impressed by your receipt of the National Science Foundation of China Outstanding Young Scientist Award, which underscores your leadership in this critical field.

ISACA 2024 will feature distinguished speakers such as Prof. Maria Fernandez (ETH Zurich), Dr. Samuel Lee (MIT CSAIL), and Dr. Hiroshi Tanaka (University of Tokyo). We believe your insights would greatly enrich our session on ""AI-Driven Threat Detection and Response.""

Kindly confirm your participation by completing the attached registration form via the secure portal at https://isaca2024-berlin.org/registration by 15 July 2024. Should you require any assistance, please contact our Secretariat at isaca2024@conference-admin.org.

We look forward to your affirmative response and to welcoming you in Berlin.

Sincerely,

Dr. Elena Müller
Conference Chair, ISACA 2024
Humboldt University of Berlin","Invitation to Participate: Quantum Security Frontiers Workshop, July 18, 2024, at ETH Zurich","Dear Dr. Alice Zhang,

I hope this message finds you well. My name is Dr. Markus Feldmann, and I am writing on behalf of the organizing committee for the Quantum Security Frontiers Workshop, scheduled to take place on July 18, 2024, at ETH Zurich, Switzerland. This event is being coordinated in collaboration with the Swiss Federal Institute of Technology and the European Network for Cybersecurity Research.

Given your distinguished contributions to the field of cryptographic protocols and your recent publications in the Journal of Applied Security, we would be honored to invite you as a participant. The workshop aims to foster dialogue on emerging research trends, including post-quantum cryptography, secure multi-party computation, and privacy-preserving technologies. Esteemed colleagues such as Prof. Elena Rossi (Politecnico di Milano) and Dr. Samuel Lee (Imperial College London) will also be in attendance.

We sincerely hope you will consider joining us for this engaging and insightful event. Please let us know if you require further information or assistance regarding travel arrangements.

Best regards,

Dr. Markus Feldmann
Quantum Security Frontiers Workshop Committee
ETH Zurich",Question about your recent work,I read your paper on adaptive adversarial training for network intrusion detection. I am interested in your approach and would like to know if you can share more details or code. Please let me know how I can access your materials. Thank you for your help.,Workshop Invitation,"Dear Dr. Zhang,

I am reaching out to let you know about an upcoming workshop that will focus on recent developments in research. We would be pleased if you could join us. Please let me know if you are interested or need more details.

Best regards,
"
per-076,Dr. Alice Zhang,Collaboration Opportunity: Enhancing Network Intrusion Detection via Adaptive Adversarial Training,"Dear Dr. Zhang,

I hope this message finds you well. I am writing to express my admiration for your recent publication, ""Adaptive Adversarial Training for Robust Network Intrusion Detection,"" featured in the Journal of Cybersecurity Research. Your innovative approach to leveraging machine learning techniques to fortify network defenses is truly groundbreaking.

Given your esteemed recognition by the National Science Foundation of China Outstanding Young Scientist Award, your expertise aligns perfectly with our ongoing project at the Cybersecurity Innovation Lab, where we aim to develop next-generation intrusion detection systems resilient to evolving adversarial threats.

We believe that a collaboration between your team at Tsinghua University and our researchers at the Massachusetts Institute of Technology could accelerate advancements in this critical domain. Specifically, integrating your adaptive adversarial training methodologies with our anomaly detection frameworks could yield significant improvements.

Would you be available for a virtual meeting next week to discuss potential joint research initiatives? We are eager to explore how our combined efforts can contribute to the global cybersecurity community.

Thank you for considering this opportunity. I look forward to your positive response.

Best regards,

Dr. Michael Thompson
Director, Cybersecurity Innovation Lab
Massachusetts Institute of Technology
mthompson@mit.edu
+1 (617) 555-1234","Invitation to Speak at the Quantum Security Innovations Seminar, July 18, 2024, at ETH Zurich","Dear Dr. Alice Zhang,

I hope this message finds you well. My name is Jonathan Meyer, and I am writing on behalf of the Organizing Committee for the Quantum Security Innovations Seminar, scheduled to take place on July 18, 2024, at the Department of Computer Science, ETH Zurich, Switzerland. We have been following your distinguished work at the intersection of cryptographic protocols and post-quantum security, particularly your recent publications in the ACM Conference on Computer and Communications Security (CCS) and your keynote at the IEEE Symposium on Security and Privacy.

Given your expertise and the significant impact of your research at the University of Toronto, we would be honored to invite you as a featured speaker at our seminar. The event will bring together leading academics and industry professionals, including representatives from IBM Research and the Swiss Federal Institute of Technology. We believe your insights would greatly enrich our discussions on emerging trends in quantum-resistant algorithms.

Please let us know if you are available and interested. We look forward to your positive response.

Best regards,
Jonathan Meyer
Quantum Security Innovations Seminar Committee
ETH Zurich",Inquiry on Adaptive Adversarial Training Techniques,"Dear Dr. Zhang,

I am impressed by your work on adaptive adversarial training in network intrusion detection. Could you share insights on how your methods might be applied to emerging cybersecurity threats? I am keen to understand potential extensions of your research.

Best regards,

[Your Name]",Invitation to Speak at Seminar,I am reaching out to see if you would be interested in giving a talk at an upcoming seminar. We would appreciate your participation. Please let me know if you are available or need more details. Thank you for considering this invitation.
per-002,Dr. Heather Campbell,"Panel Invitation: IEEE CNS 2024 – Advances in IoT Intrusion Detection (Oct 17, Toronto)","Dear Dr. Campbell,

I am reaching out as the Program Chair for the IEEE Conference on Communications and Network Security (CNS 2024), scheduled for October 15–18, 2024, at the Metro Toronto Convention Centre. Your recent publication, “Adaptive Intrusion Detection Systems for IoT Networks,” co-authored with Dr. Michael Chen (BC Research University) in the April 2024 issue of IEEE Transactions on Network and Service Management, has garnered significant attention among our technical committee, particularly for its innovative approach to resilient network architectures. We also noted your successful NSERC Discovery Grant (2023–2028) and your ongoing collaboration with Dr. Amina Patel on secure routing protocols.

Given your expertise, we would be honored to invite you as a panelist for the session ""Emerging Threats and Defenses in IoT Security,"" alongside Prof. Rajiv Menon (University of Waterloo) and Dr. Lisa Huang (McGill). Kindly confirm your availability by July 12, 2024, via the secure RSVP link below to facilitate travel arrangements and inclusion in the official program.

We look forward to your valuable insights.

Best regards,

Dr. Samuel Wright
Program Chair, IEEE CNS 2024",Nomination for the Athena Security Excellence Award at the Global Cybersecurity Forum 2024,"Dear Dr. Heather Campbell,

I hope this message finds you well. My name is Jonathan Reyes, and I am writing on behalf of the International Society for Cyber Defense (ISCD). It is my distinct pleasure to inform you that you have been nominated for the prestigious Athena Security Excellence Award, which will be presented at the upcoming Global Cybersecurity Forum 2024. This event is scheduled to take place from September 18-20, 2024, at the Palais des Congrès in Montreal, Canada.

The Athena Security Excellence Award recognizes outstanding contributions to the field of information security, and your work in advanced threat intelligence and network resilience has garnered significant attention from the ISCD Awards Committee. The nomination process was highly competitive, with input from leading experts such as Dr. Samuel Lin and Prof. Maria Kovacs.

Should you require further information regarding the nomination process or the event itself, please do not hesitate to contact me. We look forward to celebrating your achievements at the Global Cybersecurity Forum 2024.

Best regards,
Jonathan Reyes
Awards Coordinator, ISCD",Question about your IoT security research,I read your recent work on intrusion detection in IoT networks. Your approach to adaptive systems is very relevant to my current project. I am interested in how you handle new attack patterns in your models. Would you be open to a short discussion or sharing more details? Your insights would be very helpful for my research.,Award Nomination Notification,"I am writing to let you know that you have been nominated for an award by a professional society. Please let me know if you need any more information about this. If you have any questions, feel free to reach out. Thank you for your attention to this matter."
per-052,Dr. Samuel Johnson,Invitation to Keynote: International Symposium on Advanced OS Security – Recognition of Your Recent DARPA-Funded Research,"Dear Dr. Samuel Johnson,

On behalf of the Program Committee of the 17th International Symposium on Advanced Operating Systems Security (IS-AOSS 2024), to be held at the University of Cambridge, United Kingdom, from September 12-15, 2024, I am delighted to extend a formal invitation for you to deliver a keynote address. Your recent publication, ""Enhancing Kernel Isolation with Hardware-Assisted Security Mechanisms,"" co-authored with Dr. Elena Garcia and supported by the prestigious DARPA Cybersecurity Challenge Grant, has garnered significant attention among our reviewers and the broader academic community.

Given your pioneering work at the Massachusetts Institute of Technology in the field of operating systems security, we believe your insights would be invaluable to our attendees, including representatives from the European Network and Information Security Agency (ENISA), the National Cyber Security Centre (NCSC), and the IEEE Technical Committee on Security and Privacy. As a keynote speaker, you will be featured alongside Prof. Michael Tan (Stanford University) and Dr. Priya Nair (ETH Zurich).

Please confirm your participation by completing the attached registration form by July 10, 2024. Should you require any further information regarding travel arrangements or honorarium details, kindly contact our symposium coordinator, Ms. Laura Bennett, at laura.bennett@isaoss2024.org.

We look forward to your affirmative response and to celebrating your outstanding contributions to the field.

Sincerely,

Dr. Richard Evans
Chair, IS-AOSS 2024 Organizing Committee
University of Cambridge","Nomination for the 2024 Cybersecurity Excellence Award at the Global InfoSec Forum, Vienna","Dear Dr. Samuel Johnson,

I hope this message finds you well. My name is Emily Carter, and I am writing on behalf of the International Society for Cybersecurity Research (ISCR). It is with great pleasure that I inform you of your nomination for the 2024 Cybersecurity Excellence Award, which will be presented during the upcoming Global InfoSec Forum. This prestigious event is scheduled to take place from September 18th to 20th, 2024, at the Vienna International Centre in Vienna, Austria.

Your extensive contributions to the field of security research, particularly your recent work with the Quantum Encryption Initiative and your leadership at the Secure Systems Laboratory, have garnered significant recognition among your peers. The ISCR Awards Committee, chaired by Prof. Ingrid Müller, was especially impressed by your keynote at the 2023 Baltic Cyber Symposium in Tallinn.

Should you require further information regarding the nomination process or the event logistics, please do not hesitate to contact me or visit our official website. We look forward to celebrating your achievements in Vienna.

Best regards,
Emily Carter
Awards Coordinator, ISCR",Question about your kernel isolation work,I read your recent paper on improving kernel isolation with hardware support. I am interested in your approach and would like to know more about your methods. Could you please share the full text or any extra details? Thank you for your time.,Award Nomination Notification,I am writing to let you know that you have been nominated for an award by a professional group. Please let me know if you need any more information about this. Congratulations on the nomination.
per-077,Dr. Samuel Johnson,Collaboration Opportunity: Advancing Kernel Isolation Techniques with DARPA Support,"Dear Dr. Johnson,

I hope this message finds you well. I am reaching out to commend your recent publication, ""Enhancing Kernel Isolation with Hardware-Assisted Security Mechanisms,"" which offers significant advancements in operating systems security. Your innovative approach to leveraging hardware features to strengthen kernel isolation aligns closely with ongoing initiatives supported by the DARPA Cybersecurity Challenge Grant.

At the Massachusetts Institute of Technology, your work alongside colleagues such as Dr. Emily Chen and Prof. Robert Lee has set a new benchmark in the field. Given DARPA's commitment to pioneering resilient cybersecurity frameworks, I believe a collaborative effort could accelerate the development and deployment of these critical security mechanisms.

I would appreciate the opportunity to discuss potential joint research endeavors, funding avenues, and integration strategies with you and your team. Please let me know a convenient time for a meeting or call.

Thank you for your contributions to this vital area of research. I look forward to your response.

Best regards,

[Your Name]
[Your Position]
[Your Institution]
[Your Contact Information]",Invitation to Submit: Special Issue on Cybersecurity Trends at the 2024 Vienna Symposium,"Dear Dr. Samuel Johnson,

I hope this message finds you well. My name is Dr. Helena Fischer, and I am serving as the guest editor for the upcoming special issue of the International Journal of Security Innovations, which will be published in conjunction with the Vienna Symposium on Emerging Cybersecurity Trends, scheduled for September 18-20, 2024, at the Vienna International Centre, Austria.

We are currently seeking high-quality submissions that address novel approaches and methodologies in the field of cybersecurity. The special issue aims to showcase a diverse range of perspectives from leading experts and emerging scholars alike. Topics of interest include, but are not limited to, threat intelligence, secure system architectures, and privacy-preserving technologies.

We would be honored if you could consider contributing a manuscript or disseminating this call for papers among your colleagues at the University of Cambridge. Please refer to the attached guidelines for submission details and important deadlines.

Thank you for your attention, and I look forward to the possibility of your participation.

Best regards,
Dr. Helena Fischer
Guest Editor, International Journal of Security Innovations",Inquiry on Hardware-Assisted Kernel Isolation Techniques,"Dear Dr. Johnson, I am impressed by your work on enhancing kernel isolation using hardware-assisted security mechanisms. Could you share insights on potential challenges when integrating these techniques into existing operating systems? Your expertise would greatly aid our ongoing research in operating systems security. Looking forward to your thoughts.",Special Issue Paper Submission Opportunity,"I am writing to let you know about a call for papers for an upcoming special issue. If you are interested, please consider submitting your work. More details can be provided if needed. Thank you for your attention to this announcement."
per-003,Dr. Kenji Takahashi,"Invitation: Joint Proposal for JST CREST Grant on IoT Security (Submission Deadline: July 15, 2024)","Dear Dr. Kenji Takahashi,

I am reaching out after attending your insightful session on ""Resilient 5G-Enabled IoT Architectures"" at the 2024 Asia-Pacific Cybersecurity Conference in Osaka. Your recent publication in IEEE Transactions on Information Forensics and Security, co-authored with Dr. Yuki Saito and Prof. Haruka Mori, on ""Context-Aware Anomaly Detection in Large-Scale IoT Deployments"" was particularly relevant to my ongoing work at the National Institute of Informatics. Given your leadership at the Tohoku Science Academy’s Network Security Lab and your successful supervision of the JSPS KAKENHI-funded project on adaptive IDS, I believe a collaboration would be mutually beneficial.

I am currently assembling a consortium to submit a proposal for the JST CREST grant (Theme: ""Next-Generation IoT Security Frameworks""; budget: ¥120M; deadline: July 15, 2024). Would you be available for a 30-minute Zoom call on June 18 or 19 to discuss potential joint research objectives and your possible role as co-PI? Please confirm your availability via the attached scheduling link.

Best regards,
Dr. Akira Nakamura
National Institute of Informatics","Invitation to Join Editorial Board: International Symposium on Cybersecurity Advances 2024, Kyoto","Dear Dr. Kenji Takahashi,

I hope this message finds you well. My name is Prof. Maria Gonzalez, and I am writing on behalf of the organizing committee for the International Symposium on Cybersecurity Advances 2024, scheduled to take place from September 12-15, 2024, at the Kyoto International Conference Center, Kyoto, Japan. 

Given your distinguished contributions to the field of network security and your recent work at the University of Tokyo, we would be honored to invite you to join the editorial board for the symposium’s proceedings, which will be published in collaboration with Springer Nature. Your expertise, particularly in intrusion detection systems and cryptographic protocols, would greatly enrich the review process and ensure the highest standards of academic rigor.

We anticipate participation from leading institutions such as the National Institute of Informatics, ETH Zurich, and Carnegie Mellon University. Please let us know if you are available to accept this invitation. We would be delighted to provide further details regarding your role and the symposium schedule.

Kind regards,

Prof. Maria Gonzalez
Editorial Chair, ISCA 2024",Question about your IoT security work,I read your recent paper on intrusion detection for IoT networks. Your approach to adaptive methods in this area is very relevant to my current work. I am interested in how you handle new types of network threats. Would you be open to a short discussion about your methods and possible collaboration?,Editorial Board Invitation,"I am reaching out to let you know about an opportunity to join the editorial board of a publication. If you are interested in learning more about this role, please let me know. I would be happy to provide additional details. Thank you for considering this invitation."
per-078,Dr. Fatima Al-Mansouri,Collaboration Opportunity: Advancing Multilingual Hate Speech Detection with Qatar National Research Fund Support,"Dear Dr. Fatima Al-Mansouri,

I hope this message finds you well. I recently had the opportunity to study your insightful paper, ""Multilingual Transformer Models for Contextual Hate Speech Classification,"" published under Qatar University’s Natural Language Processing group. Your innovative approach leveraging transformer architectures to address hate speech detection across diverse languages is truly commendable.

Given your expertise and the recognition from the Qatar National Research Fund Early Career Award, I am keen to explore potential collaboration opportunities that could further enhance the robustness and contextual understanding of hate speech classifiers. Our team at the Center for AI Ethics and Security is currently developing complementary methodologies focusing on cross-lingual transfer learning and ethical AI frameworks.

I would be honored to discuss how we might combine our efforts to advance this critical area of research. Could we schedule a meeting next week to explore possible joint projects or grant proposals?

Thank you for considering this opportunity. I look forward to your positive response.

Best regards,

Dr. Michael Thompson
Center for AI Ethics and Security
m.thompson@caies.org
+1 (555) 123-4567","Request for Feedback on Manuscript Draft – CyberSec Innovations Symposium 2024, Abu Dhabi","Dear Dr. Fatima Al-Mansouri,

I hope this message finds you well. My name is Ahmed Rahman, a doctoral candidate at the University of Edinburgh’s School of Informatics. I am reaching out to kindly request your expert feedback on a draft manuscript I am preparing for submission to the CyberSec Innovations Symposium 2024, scheduled to take place on 18 September 2024 at the Abu Dhabi National Exhibition Centre.

Given your distinguished contributions to the field of network security and your recent keynote at the Middle East Cyber Defense Forum, I believe your insights would be invaluable in refining my work. The manuscript, titled “Adaptive Threat Modeling in Distributed IoT Environments,” explores novel methodologies for proactive risk assessment in smart city infrastructures.

If you are available, I would greatly appreciate your thoughts on the draft. I am happy to accommodate your schedule and can provide the manuscript in your preferred format. Thank you very much for considering my request, and I look forward to the possibility of your guidance.

Best regards,
Ahmed Rahman
University of Edinburgh",Inquiry on NLP Approaches for Hate Speech Detection,"Dear Dr. Al-Mansouri,

I am impressed by your work on multilingual transformer models for hate speech classification. Could you share insights on challenges faced in contextual understanding across languages? I am exploring similar NLP techniques and would appreciate your perspective.

Best regards,

[Your Name]",Request for Comments on Draft,"Dear Dr. Al-Mansouri,

I hope this message finds you well. I am writing to ask if you could please review my draft manuscript and share any feedback you may have. Your input would be greatly appreciated. Thank you for considering my request.

Best regards,"
per-053,Dr. Fatima Al-Mansouri,Invitation to Keynote: International Symposium on Multilingual NLP – Recognition of Your Recent Contributions,"Dear Dr. Fatima Al-Mansouri,

On behalf of the Organizing Committee of the 12th International Symposium on Multilingual Natural Language Processing and Social Computing (ISMNLP-SC 2024), to be held at the University of Edinburgh, UK, from September 18-21, 2024, we are honored to extend a formal invitation for you to deliver a keynote address. Your recent publication, ""Multilingual Transformer Models for Contextual Hate Speech Classification,"" co-authored with Dr. Omar El-Haddad and presented at the 2024 ACL Conference in Singapore, has garnered significant attention in the field. The committee, including Prof. Linda Zhao (Stanford University), Dr. Rajesh Kumar (IIT Delhi), and Dr. Maria Fernandez (University of Barcelona), unanimously recognized your pioneering work in hate speech detection and multilingual NLP.

We are particularly interested in your insights as a recipient of the Qatar National Research Fund Early Career Award, and believe your expertise will greatly enrich our session on ""AI Ethics and Social Impact in Multilingual Contexts."" Kindly confirm your participation by uploading your CV and a brief abstract via the secure portal at https://ismnlp2024-keynote-portal.com by July 10, 2024.

We look forward to your positive response.

Sincerely,
Dr. Peter Johansson
Chair, ISMNLP-SC 2024
University of Edinburgh","Invitation to Join Editorial Board – International Symposium on Cybersecurity Advances 2024, Abu Dhabi","Dear Dr. Fatima Al-Mansouri,

I hope this message finds you well. My name is Dr. Samuel Chen, and I am writing on behalf of the organizing committee for the International Symposium on Cybersecurity Advances 2024, scheduled to take place from October 12th to 14th at the Emirates Palace Conference Center in Abu Dhabi, United Arab Emirates. 

Given your distinguished contributions to the field of security research, particularly your recent work with Khalifa University and your involvement in the GCC Cybersecurity Taskforce, we would be honored to invite you to join the editorial board for this year’s symposium proceedings. The event is supported by the Middle East Cybersecurity Association and will feature keynote addresses from Prof. Ingrid Müller (TU Munich) and Dr. Ahmed El-Sayed (Qatar Computing Research Institute).

We believe your expertise would greatly enrich the review process and help maintain the high standards of our publication. Please let us know if you are interested in this opportunity.

Kind regards,

Dr. Samuel Chen
Editorial Coordinator
International Symposium on Cybersecurity Advances 2024",Question about your recent work on hate speech detection,I read your paper on multilingual models for hate speech classification and found it very interesting. I have some questions about your approach and results. Could you please share more details or any related resources? I would appreciate your insights. Thank you for your time.,Editorial Board Invitation,I hope this message finds you well. We are reaching out to see if you would be interested in joining the editorial board for our publication. Please let us know if you would like more details or have any questions about this opportunity. Thank you for considering this invitation.
per-004,Dr. Anya Petrova,Invitation: Co-Chair AI-Enhanced 5G Security Panel at Baltic Cybersecurity Forum 2024,"Dear Dr. Petrova,

I am reaching out following your outstanding keynote, ""Decentralized Authentication Protocols for 5G Networks,"" at the 2023 Nordic Network Security Symposium in Helsinki. Your recent publication in IEEE Transactions on Information Forensics and Security (Vol. 19, Issue 2, Feb 2024) has been widely cited in our research group at the University of Latvia, particularly your innovative approach to AI-driven anomaly detection in 5G core networks. Congratulations as well on your Estonian Research Council grant (PUTJD1234) and your new leadership role at Tallinn Digital University’s Cybersecurity Lab.

Given your expertise, we would be honored if you would co-chair the ""AI-Enhanced Threat Detection in 5G Infrastructures"" panel at the Baltic Cybersecurity Forum 2024, to be held at the Radisson Blu, Riga, on 17-18 September. We are finalizing the program by June 30th and would appreciate your confirmation by June 14th. Please review the attached agenda draft and submit your brief bio via the secure link below.

Looking forward to your response.

Best regards,
Marek Laan
Department of Computer Science, University of Latvia",Invitation to the Baltic Cybersecurity Symposium 2024 in Riga,"Dear Dr. Anya Petrova,

I hope this message finds you well. On behalf of the Organizing Committee, I am delighted to announce the upcoming Baltic Cybersecurity Symposium 2024, scheduled to take place from September 18th to 20th at the Radisson Blu Latvija Conference & Spa Hotel in Riga, Latvia. This prestigious event is organized in collaboration with the University of Latvia and the Baltic Institute for Digital Security.

The symposium will feature keynote addresses from renowned experts such as Prof. Lars Holmström (KTH Royal Institute of Technology) and Dr. Elina Sokolova (Tallinn University of Technology), as well as panel discussions on emerging threats, privacy frameworks, and cross-border cyber resilience. We are also pleased to offer a dedicated session on AI-driven security solutions, with contributions from industry leaders including CyberGuard Solutions and SecureNet Baltic.

We would be honored to have your participation at this event. Please find the preliminary program and registration details attached. Should you have any questions, feel free to contact our coordinator, Ms. Ilze Jansone, at symposium@balticcyber.lv.

Best regards,

Mārtiņš Ozoliņš
Conference Chair
Baltic Cybersecurity Symposium 2024",Question about your work on AI and 5G security,"I have been following your recent paper on AI methods for 5G network protection. Your approach to decentralized authentication is very relevant to my current project. I am interested in discussing possible collaboration or sharing ideas, as your research aligns closely with my focus. Would you be open to a short call to talk further?",Upcoming Conference Information,I am writing to let you know about an upcoming conference that may be of interest. Details about the event will be shared soon. Please let me know if you would like more information or have any questions. Thank you for your attention to this announcement.
per-079,Dr. Ivan Petrov,Collaboration Opportunity on Advanced Cryptographic Protocols for IoT Security,"Dear Dr. Ivan Petrov,

I hope this message finds you well. I recently had the opportunity to study your insightful paper, ""New Lightweight Protocols for Secure IoT Communications,"" published under the auspices of the Russian Science Foundation Grant. Your innovative approach to cryptographic protocol design, particularly in the context of resource-constrained IoT devices, is highly impressive and aligns closely with our current research initiatives at the Cybersecurity Research Center, National Institute of Standards and Technology (NIST).

Given your expertise and the groundbreaking nature of your work, I would like to propose a collaborative research effort aimed at enhancing the security frameworks for next-generation IoT networks. Our team, including Dr. Alice Johnson and Dr. Michael Chen, has been developing complementary lightweight encryption algorithms that could synergize well with your protocols.

Would you be available for a virtual meeting next week to discuss potential collaboration avenues? Your insights would be invaluable in advancing this critical area of cybersecurity.

Looking forward to your positive response.

Best regards,

Dr. Emily Carter
Lead Researcher, Cybersecurity Research Center
National Institute of Standards and Technology (NIST)
Email: ecarter@nist.gov
Phone: +1-301-555-1234",Follow-up from the CyberSec Innovations Forum 2024 in Vienna,"Dear Dr. Petrov,

I hope this message finds you well. It was a pleasure meeting you during the CyberSec Innovations Forum 2024, held at the Austria Center Vienna on May 14th. I greatly appreciated our brief conversation following the keynote by Prof. Elena Markovic regarding adaptive threat intelligence frameworks. Your insights into distributed ledger applications for security research were particularly intriguing, and I found your perspective on cross-border data integrity challenges to be thought-provoking.

As we discussed, the panel on quantum-resistant cryptography, moderated by Dr. Hans Gruber, highlighted several emerging trends that align with your recent publication in the Journal of Secure Computing. I am keen to explore potential avenues for collaboration or knowledge exchange, especially in the context of the European Cybersecurity Initiative.

Please let me know if you would be open to a follow-up discussion, either virtually or at an upcoming event such as the Baltic Security Symposium in Tallinn this September.

Thank you again for your time at the conference.

Best regards,

[Your Name]
[Your Institution]
[Your Contact Information]",Inquiry on Lightweight Cryptographic Protocols,"Dear Dr. Petrov,

I recently reviewed your work on lightweight protocols for secure IoT communications. Your approach to cryptographic protocol design is intriguing. Could you share insights on potential vulnerabilities or areas needing further security analysis?

Looking forward to your thoughts.

Best regards,",Following up after the conference,"Hello, I am reaching out after attending the recent conference where I learned about your work. I am interested in connecting and possibly discussing some ideas in the future. Please let me know if you are open to a brief conversation. Thank you for your time."
per-054,Dr. Ivan Petrov,Invitation to Present at the 2024 International Symposium on Advanced Cryptographic Protocols – Special Session on IoT Security,"Dear Dr. Ivan Petrov,

On behalf of the Organizing Committee of the 2024 International Symposium on Advanced Cryptographic Protocols (ISACP), to be held at the Massachusetts Institute of Technology, Cambridge, USA, from September 18-22, 2024, we are honored to extend a formal invitation for you to present your recent work, ""New Lightweight Protocols for Secure IoT Communications,"" co-authored with Dr. Natalia Sokolova. Your pioneering research in cryptographic protocol design, particularly as supported by your Russian Science Foundation Grant, has garnered significant attention among the global cryptography community.

We are curating a special session on ""Emerging Lightweight Protocols for Secure IoT Environments,"" chaired by Prof. Michael Anderson (Stanford University) and Dr. Li Wei (Tsinghua University), and believe your expertise would provide invaluable insights. Selected presenters will be featured in a dedicated panel discussion and receive complimentary registration, accommodation at the Hyatt Regency Cambridge, and a travel stipend sponsored by the IEEE Communications Society.

Kindly confirm your participation by uploading your extended abstract and CV via our secure submission portal at https://isacp2024-secure.org/submit by July 10, 2024. Should you require any assistance, please contact our session coordinator, Ms. Emily Carter (emily.carter@isacp2024.org).

We look forward to your esteemed contribution to ISACP 2024.

Sincerely,
Dr. Rajesh Kumar
Program Chair, ISACP 2024
Massachusetts Institute of Technology",Invitation to the 2024 Eurasian Cybersecurity Symposium in Tbilisi,"Dear Dr. Ivan Petrov,

I hope this message finds you well. My name is Elena Markova, and I am reaching out on behalf of the Organizing Committee for the 2024 Eurasian Cybersecurity Symposium. We are delighted to announce that this year’s event will be held at the Sheraton Grand Tbilisi Metechi Palace in Tbilisi, Georgia, from September 18th to 20th, 2024. The symposium is organized in collaboration with the Georgian Technical University and the International Association for Secure Computing.

The 2024 Eurasian Cybersecurity Symposium will feature keynote addresses from distinguished experts such as Prof. Levan Kharatishvili (Tbilisi State University) and Dr. Aygul Iskandarova (Baku Cyber Institute). The program will include panel discussions, technical workshops, and networking sessions, with a particular focus on emerging threats and collaborative defense strategies in the Eurasian region.

We would be honored to have your participation and look forward to your potential contribution to this significant gathering. Please let us know if you require further information regarding registration or the call for papers.

Best regards,
Elena Markova
Conference Coordinator
2024 Eurasian Cybersecurity Symposium",Question about your recent work on secure protocols,I read your paper on lightweight protocols for secure device communication. I am interested in your approach and would like to know more. Could you please share the full text or any extra details? I am working on a similar topic and your insights would be helpful.,Upcoming Conference Event,I am writing to let you know about an upcoming conference that may be of interest. Details about the event will be shared soon. Please let me know if you would like more information or have any questions. Thank you for your attention to this announcement.
per-005,Dr. Raj Kumar,"Invitation: Keynote Panel on AI-Enhanced Network Security at IEEE CNS 2024, Singapore","Dear Dr. Raj Kumar,

I am reaching out on behalf of the IEEE Communications and Network Security (CNS) 2024 Organizing Committee. We have been following your pioneering work, particularly your DST-funded project on next-generation firewall technologies and your recent publication, ""Adaptive Intrusion Detection Systems for IoT Networks"" in the Journal of Network Security (Vol. 18, Issue 4, May 2024). Your leadership in mentoring graduate researchers at Delhi College of Engineering has also been widely recognized.

Given your expertise in AI-driven network security, we are honored to invite you as a keynote panelist for the ""AI-Enhanced Threat Detection in Heterogeneous IoT Environments"" session at IEEE CNS 2024, to be held at the Suntec Singapore Convention Centre, 14–17 October 2024. The panel will feature Prof. Li Wei (Tsinghua University) and Dr. Elena Petrova (ETH Zurich), with an expected audience of over 500 attendees.

To confirm your participation and receive the official invitation letter, please complete the attached speaker information form by June 21, 2024.

We look forward to your valuable contribution.

Best regards,
Dr. Priya Sharma
IEEE CNS 2024 Program Chair",Proposal for Collaborative Research: Insights from the CyberSec Asia Symposium 2024,"Dear Dr. Raj Kumar,

I hope this message finds you well. My name is Dr. Emily Chen, currently affiliated with the Department of Computer Science at the University of Melbourne. I had the privilege of attending your keynote presentation on ""Adaptive Threat Intelligence in Distributed Systems"" at the CyberSec Asia Symposium 2024, held on March 18th at the Suntec Singapore Convention & Exhibition Centre. Your innovative approach to leveraging machine learning for real-time anomaly detection, as demonstrated in your recent work with the Indian Institute of Technology Delhi, resonated deeply with my ongoing research on secure federated learning frameworks.

Given our shared interests and the complementary nature of our expertise, I am writing to propose a potential research collaboration. I believe that by combining our resources and insights, particularly in the context of cross-border data privacy regulations discussed at the symposium, we could make significant contributions to the field.

I would be delighted to discuss this further at your convenience. Please let me know if you are available for a virtual meeting in the coming weeks.

Best regards,
Dr. Emily Chen
University of Melbourne",Question about your work on network security,I read your recent paper on intrusion detection for IoT. Your approach to adaptive methods in network security is very relevant to my current project. I am interested in how you handle real-time threats using AI. Would you be open to a short discussion about possible collaboration or sharing insights? Please let me know if you are available.,Research Collaboration Inquiry,"Dear Dr. Kumar,

I am reaching out to see if you might be interested in discussing a possible research collaboration. I believe our areas of work could align well. Please let me know if you would be open to a conversation about this.

Best regards,
"
per-055,Dr. Maria Fernandez,"Invitation to Keynote: International Symposium on Human-Centric Privacy Technologies, Vienna, Sept 2024","Dear Dr. Maria Fernandez,

On behalf of the Organizing Committee of the International Symposium on Human-Centric Privacy Technologies (ISHCPT 2024), to be held at the Vienna University of Technology from September 18-21, 2024, I am delighted to extend a formal invitation for you to deliver a keynote address. Your recent publication, ""User-Centered Privacy Controls for Mobile Applications,"" co-authored with Dr. Lucas Mendes and supported by the São Paulo Research Foundation (FAPESP) Grant, has garnered significant attention among the Human-Computer Interaction and Privacy research communities. We believe your expertise, particularly in the context of user-centric privacy frameworks and adaptive consent mechanisms, aligns perfectly with the symposium’s central themes.

The conference will feature distinguished speakers such as Prof. Ingrid Wagner (ETH Zurich), Dr. Samuel Okoye (Carnegie Mellon University), and Dr. Priya Natarajan (University of Cambridge). We would be honored to include your insights in our plenary session on September 19th at the Festsaal, Vienna University of Technology.

Kindly confirm your participation by accessing the secure registration portal at https://ishcpt2024-vienna.org/registration/fernandez-keynote using your institutional credentials by June 30, 2024. Should you require any assistance, please contact our Secretariat at secretariat@ishcpt2024-vienna.org.

We look forward to your positive response and to welcoming you to Vienna.

Sincerely,

Dr. Markus Schneider
Conference Chair, ISHCPT 2024
Vienna University of Technology",Exploring Collaborative Opportunities in Security Research Post-CyberSec Europe 2024,"Dear Dr. Maria Fernandez,

I hope this message finds you well. My name is Jonathan Lee, and I am a faculty member at the Department of Computer Science, University of Edinburgh. I had the pleasure of attending your insightful keynote on ""Adaptive Threat Intelligence"" at the International Symposium on CyberSec Europe 2024, held on May 14th at the Brussels Expo Center, Belgium. Your innovative approach to integrating machine learning with real-time security analytics resonated deeply with my current research interests.

Given the significant overlap between your work and ongoing projects within our Security and Privacy Research Group, I am reaching out to propose a potential research collaboration. I believe that a joint initiative could yield impactful results, particularly in the area of distributed threat detection. I would be delighted to discuss possible avenues for collaboration and explore how our teams might synergize.

Please let me know if you would be available for a virtual meeting in the coming weeks. I look forward to the possibility of working together.

Best regards,
Jonathan Lee
University of Edinburgh",Question about your privacy controls research,I read your recent work on privacy controls for mobile apps and found it very interesting. I have some questions about your approach and would like to discuss possible collaboration. Can you please review the attached file and share your thoughts? Looking forward to your reply.,Possible Research Collaboration,"Dear Dr. Fernandez,

I am reaching out to see if you might be interested in discussing a potential research collaboration. I believe our interests could align well. Please let me know if you would be open to a conversation about this.

Best regards,

[Your Name]"
per-080,Dr. Maria Fernandez,Collaboration Opportunity: Advancing User-Centered Privacy Controls in Mobile Applications,"Dear Dr. Maria Fernandez,

I hope this message finds you well. I am writing to express my admiration for your recent paper, ""User-Centered Privacy Controls for Mobile Applications,"" published under the auspices of the São Paulo Research Foundation (FAPESP). Your innovative approach to enhancing privacy through human-computer interaction aligns closely with ongoing projects at the University of Cambridge and MIT Media Lab.

Given your expertise and the critical importance of privacy in mobile ecosystems, I would like to propose a collaborative research initiative aimed at developing adaptive privacy frameworks leveraging AI and behavioral analytics. This initiative could benefit from the combined strengths of your team at the University of São Paulo, alongside experts from Stanford University, ETH Zurich, and the Max Planck Institute.

Would you be available for a virtual meeting next month to discuss potential synergies and funding opportunities, possibly through joint applications to FAPESP and the National Science Foundation (NSF)? Your insights would be invaluable in shaping this endeavor.

I look forward to your positive response.

Best regards,

Dr. James Thompson
Senior Researcher, Cybersecurity Division
University of Cambridge","Invitation to Review Manuscript for the 2024 CyberSec Innovations Symposium, Lisbon","Dear Dr. Maria Fernandez,

I hope this message finds you well. My name is Jonathan Lee, and I am serving as a member of the Program Committee for the upcoming CyberSec Innovations Symposium 2024, scheduled to take place from September 12th to 15th at the Lisbon Congress Centre, Portugal. The symposium is organized in collaboration with the European Network for Cybersecurity Research (ENCR) and the Instituto Superior Técnico.

Given your esteemed contributions to the field of security protocols and your recent work presented at the IEEE SecureCom 2023 in Barcelona, we would be honored if you could assist us by reviewing a manuscript submitted to our symposium. The paper, titled ""Adaptive Threat Modeling in Distributed IoT Environments,"" aligns closely with your research interests and expertise.

Should you be available to participate in this review process, please let us know at your earliest convenience. We greatly value your insights and look forward to your potential involvement in ensuring the high quality of our technical program.

Thank you very much for considering this request.

Best regards,
Jonathan Lee
Program Committee, CyberSec Innovations Symposium 2024",Inquiry on Privacy Controls in Mobile HCI Research,"Dear Dr. Fernandez,

I am impressed by your work on user-centered privacy controls in mobile applications. I am exploring related security aspects and would appreciate your insights on emerging challenges in this area. Could we discuss potential collaboration or share recent findings?

Best regards,

[Your Name]",Request to Review Manuscript,"Dear Dr. Fernandez,

I hope this message finds you well. I am reaching out to ask if you would be willing to review a manuscript for us. Please let me know if you are available or need more details. Thank you for considering this request.

Best regards,"
per-006,Dr. Jun Wei Lim,,,"Invitation to Speak at the 2024 Cybersecurity Innovations Seminar, Singapore Management University","Dear Dr. Jun Wei Lim,

I hope this message finds you well. My name is Amanda Chua, and I am the coordinator for the Cybersecurity Innovations Seminar 2024, hosted by the School of Information Systems at Singapore Management University. The seminar is scheduled to take place on September 12, 2024, at the Mochtar Riady Auditorium, located within the SMU city campus in Singapore.

We are reaching out to invite you as a distinguished speaker, given your extensive contributions to the field of security research, particularly your recent work on cryptographic protocols and secure distributed systems. The seminar will feature a diverse array of experts from institutions such as the National University of Singapore, A*STAR, and the Cyber Security Agency of Singapore, and will provide a platform for knowledge exchange and networking.

We would be honored if you could share your insights with our audience. Please let us know your availability and any requirements you may have. We look forward to your positive response.

Best regards,
Amanda Chua
Seminar Coordinator
School of Information Systems
Singapore Management University",Interest in Your Work on Network Security,I have read your recent paper on secure protocols in smart city networks. Your approach to encrypted traffic analysis is very relevant to current challenges in this area. I am organizing a discussion on new directions in network security for urban systems. Would you be interested in joining or sharing your insights? Please reply if you would like more information.,Invitation to Speak at Upcoming Seminar,"I am reaching out to ask if you would be interested in giving a talk at our seminar. We would appreciate your participation and insights. Please let me know if you are available, and I can provide more details. Thank you for considering this invitation."
per-056,Dr. James O’Connor,Invitation to Keynote at the 2024 International Symposium on Formal Security Methods – Special Recognition for ERC Grant Recipients,"Dear Dr. James O’Connor,

I hope this message finds you well. My name is Prof. Laurent Dubois, Chair of the Organizing Committee for the 2024 International Symposium on Formal Security Methods (ISFSM), to be held at the École Polytechnique, Paris, from September 18-21, 2024. We have been following your outstanding contributions to the field of Formal Methods in Security, particularly your recent publication, ""Model Checking for Secure Software Development Lifecycle,"" co-authored with Dr. Siobhan Murphy and presented at the ACM SIGSAC Conference in Vienna last November.

In recognition of your European Research Council Starting Grant and your pioneering work at Trinity College Dublin, we are delighted to invite you as a keynote speaker for our special session on ""Innovative Approaches to Secure Software Engineering."" This session will feature distinguished researchers such as Prof. Ingrid Schneider (University of Hamburg) and Dr. Matteo Rossi (Politecnico di Milano).

To confirm your participation and access the preliminary agenda, please review the attached document and complete the secure registration form via the provided link by June 30, 2024. Your insights would be invaluable to our international audience.

We look forward to your positive response.

Best regards,
Prof. Laurent Dubois
ISFSM 2024 Organizing Committee
École Polytechnique, Paris","Invitation to Speak at the 2024 Cybersecurity Innovations Seminar, Dublin – September 18th","Dear Dr. James O’Connor,

I hope this message finds you well. My name is Dr. Fiona Gallagher, and I am writing on behalf of the organizing committee for the 2024 Cybersecurity Innovations Seminar, which will be held at Trinity College Dublin on September 18th, 2024. The seminar is supported by the Irish Centre for Secure Computing and the European Network for Cyber Defense.

We are delighted to extend an invitation for you to serve as a distinguished speaker at this year’s event. Your extensive work at the University of Limerick and your recent contributions to the field of threat intelligence have been widely recognized by both academic and industry partners, including the European Cybersecurity Organization and the International Association for Cryptologic Research.

The seminar will feature sessions from leading experts such as Prof. Maria Svensson (KTH Royal Institute of Technology) and Dr. Ahmed El-Sayed (Technical University of Munich). We would be honored to include your insights in our program.

Please let us know your availability at your earliest convenience.

Kind regards,
Dr. Fiona Gallagher
2024 Cybersecurity Innovations Seminar Committee
Trinity College Dublin",Question about your recent work,I read your paper on model checking for secure software development and found it very interesting. I have some questions about your approach and would like to discuss it further. Can you please send me the full version of your paper or any related materials? Thank you.,Invitation to Speak at Upcoming Seminar,"Hello, I am reaching out to see if you would be interested in giving a talk at a seminar we are planning. We think your insights would be valuable for the event. Please let me know if you are available or need more details. Thank you."
per-081,Dr. James O’Connor,Collaboration Opportunity on Formal Methods in Security – ERC Starting Grant Insights,"Dear Dr. O’Connor,

I hope this message finds you well. I am writing to express my admiration for your seminal paper, ""Model Checking for Secure Software Development Lifecycle,"" published in the Journal of Formal Methods in Security. Your innovative approach to integrating model checking techniques within the software development lifecycle significantly advances the field of formal methods in security.

As a fellow researcher specializing in automated verification and security protocols, I am particularly interested in exploring collaborative opportunities that build upon your work, especially in light of your recent European Research Council Starting Grant. The potential to combine our expertise in temporal logic, state-space exploration, and secure coding practices could yield impactful results.

I would be honored to discuss how we might jointly pursue research initiatives or co-author publications that further the application of formal verification in cybersecurity.

Would you be available for a virtual meeting in the coming weeks to explore this collaboration?

Thank you for considering this proposal. I look forward to your positive response.

Best regards,

[Your Full Name]
[Your Position]
[Your Institution]
[Your Contact Information]","Invitation to Participate: Frontier Security Paradigms Workshop, July 18, 2024, at University of Edinburgh","Dear Dr. James O’Connor,

I hope this message finds you well. My name is Dr. Eleanor Hughes, and I am writing on behalf of the Organizing Committee for the Frontier Security Paradigms Workshop, scheduled to take place on July 18, 2024, at the University of Edinburgh’s Informatics Forum. We are delighted to extend an invitation for you to participate in this distinguished event, which aims to foster dialogue on the latest research trends in cybersecurity, threat intelligence, and digital forensics.

The workshop will feature keynote addresses from Prof. Lars Müller (ETH Zurich) and Dr. Priya Natarajan (Stanford University), as well as panel discussions with representatives from the Alan Turing Institute and the European Network for Cyber Security. We believe your expertise in adaptive authentication mechanisms would greatly enrich our program.

Please let us know if you are available to join us in Edinburgh. We would be honored to have your insights at this gathering of leading security researchers.

Kind regards,

Dr. Eleanor Hughes
Frontier Security Paradigms Workshop Committee
University of Edinburgh",Inquiry on Formal Methods in Security Research,"Dear Dr. O’Connor,

I am impressed by your work on formal methods in security, particularly in secure software development. I am exploring related research and would appreciate any insights or recommendations you might share regarding model checking applications in this field.

Best regards,

[Your Name]",Workshop Invitation,I am reaching out to let you know about an upcoming workshop that will focus on recent developments in research. We would be pleased if you could join us. Please let me know if you are interested or need more details. Thank you for considering this invitation.
per-057,Dr. Aisha Khan,"Invitation to Keynote: International Symposium on AI-Driven Cybersecurity (ISADC 2024), Berlin – Recognition of Your Recent Work","Dear Dr. Aisha Khan,

I hope this message finds you well. My name is Prof. Markus Schneider, Chair of the Organizing Committee for the International Symposium on AI-Driven Cybersecurity (ISADC 2024), to be held at the Humboldt University of Berlin from September 18-21, 2024. We have been closely following your pioneering research at the National University of Singapore, particularly your recent publication, ""Graph Neural Networks for Behavior-Based Malware Classification,"" co-authored with Dr. Wei Ling and funded by the Singapore Ministry of Education Academic Research Fund (AcRF Tier 2, Grant MOE2019-T2-1-123).

Your innovative contributions to deep learning methodologies for malware detection have garnered significant attention among our program committee, which includes representatives from ETH Zurich, Carnegie Mellon University, and the Max Planck Institute for Informatics. We are honored to invite you as a keynote speaker to present your latest findings and participate in a panel discussion alongside Prof. Elena Rossi (Politecnico di Milano) and Dr. Samuel Becker (Imperial College London).

Kindly confirm your participation by completing the attached registration form by July 10, 2024. Should you require any assistance with travel arrangements or visa documentation, please do not hesitate to contact our administrative coordinator, Ms. Julia Weber (julia.weber@isadc2024.org).

We look forward to your positive response and to welcoming you in Berlin.

Best regards,
Prof. Markus Schneider
Chair, ISADC 2024 Organizing Committee
Humboldt University of Berlin","Call for Papers: Special Issue on Emerging Paradigms in Cybersecurity – TechSecure 2024, Dubai, 12-14 September","Dear Dr. Aisha Khan,

I hope this message finds you well. My name is Dr. Samuel Lee, and I am writing on behalf of the editorial committee for the upcoming special issue of the International Journal of Security Innovations, which will be released in conjunction with the TechSecure 2024 Symposium. The event is scheduled to take place from 12th to 14th September 2024 at the Dubai International Convention Centre, United Arab Emirates.

We are currently inviting submissions for our special issue, themed ""Emerging Paradigms in Cybersecurity: Challenges and Opportunities."" The issue aims to showcase a diverse range of perspectives and research findings from leading experts in the field. We believe your expertise in network security and threat intelligence would greatly enrich the discourse.

Please find the detailed call for papers and submission guidelines attached. Should you have any questions or require further information, do not hesitate to contact me or visit our website at www.techsecure2024.org.

We look forward to your valuable contribution.

Best regards,
Dr. Samuel Lee
Editorial Committee, TechSecure 2024",Question about your malware detection research,I read your recent work on using graph neural networks for malware classification. I am interested in learning more about your approach and how it can be applied in practice. Could you share more details or any related resources? Thank you for your time.,Special Issue Paper Submission Opportunity,"Dear Dr. Khan,

I hope this message finds you well. I am writing to let you know about a call for papers for an upcoming special issue. If you are interested, please consider submitting your work. Further details are available upon request.

Best regards,
"
per-027,Dr. Ngozi Adebayo,,,Invitation to Submit: Special Issue on Cybersecurity at the Lagos Digital Security Symposium 2024,"Dear Dr. Ngozi Adebayo,

I hope this message finds you well. My name is Samuel Okafor, and I am reaching out on behalf of the editorial committee for the upcoming special issue of the International Journal of Cyber Threat Analysis, which will be published in conjunction with the Lagos Digital Security Symposium 2024. This prestigious event is scheduled to take place from September 12th to 14th, 2024, at the Eko Convention Centre, Victoria Island, Lagos, Nigeria.

We are currently seeking high-quality submissions that address emerging trends and challenges in cybersecurity, with a particular emphasis on digital infrastructure resilience, threat intelligence, and policy frameworks. The special issue aims to showcase innovative research and foster collaboration among leading experts from institutions such as the University of Lagos, Covenant University, and the African Cybersecurity Institute.

We would be honored to consider your work for inclusion. Please find the detailed call for papers and submission guidelines attached. Should you have any questions, do not hesitate to contact me or our editorial office.

Best regards,
Samuel Okafor
Guest Editor, IJCTA Special Issue",Panel on ML for Low-Bandwidth Networks,I read your recent work on adaptive federated learning for low-bandwidth networks. Your focus on edge computing for resource-limited settings is very relevant to current challenges in ML systems. We are organizing a panel on scalable ML in similar environments. Would you be interested in joining a short call to discuss your possible participation?,Special Issue Paper Submission Opportunity,"Dear Dr. Adebayo,

I hope this message finds you well. I am writing to let you know about a call for papers for an upcoming special issue. If you are interested, please consider submitting your work. Further details can be provided upon request.

Best regards,"
per-007,Dr. Emma van den Berg,,,Invitation to Contribute: Special Issue on Cybersecurity at the 2024 Vienna Symposium,"Dear Dr. Emma van den Berg,

I hope this message finds you well. My name is Prof. Lukas Schneider, and I am reaching out on behalf of the editorial committee for the upcoming Special Issue on ""Emerging Paradigms in Cybersecurity"" associated with the 2024 Vienna Symposium on Digital Trust, scheduled for October 14-16, 2024, at the Vienna International Centre, Austria. This special issue will be published in collaboration with the European Journal of Information Security.

We are currently seeking high-quality submissions that address innovative approaches, methodologies, and frameworks in the field of cybersecurity. Given your esteemed work at the Delft Institute of Technology and your recent contributions to the field, we believe your insights would greatly enrich this publication. The deadline for full paper submissions is August 1, 2024, and all accepted papers will be presented during the symposium.

Should you have any questions regarding submission guidelines or thematic fit, please do not hesitate to contact me or visit our official website. We look forward to your potential contribution.

Kind regards,
Prof. Lukas Schneider
Editorial Committee, Vienna Symposium on Digital Trust",Question about your recent work on AI and network security,"I read your recent paper on AI methods for network anomaly detection. Your approach to identifying threats in modern network systems is very relevant to my own research. I am interested in how you apply these techniques, especially in complex environments. Would you be open to a short discussion about your findings and possible future directions?",Special Issue Paper Submission,"Dear Dr. van den Berg,

I am writing to let you know about a call for papers for an upcoming special issue. If you are interested, please consider submitting your work. More details can be provided if needed. Thank you for your attention.

Best regards,
"
per-082,Dr. Aisha Khan,Collaboration Opportunity: Advancing Malware Detection with Graph Neural Networks,"Dear Dr. Aisha Khan,

I hope this message finds you well. I am writing to express my admiration for your recent publication, ""Graph Neural Networks for Behavior-Based Malware Classification,"" featured in the Journal of Cybersecurity Research. Your innovative approach to leveraging graph neural networks for malware detection aligns closely with our ongoing projects at the Cybersecurity Research Lab, National University of Singapore.

Given your expertise and the support from the Singapore Ministry of Education Academic Research Fund, I believe a collaborative effort could significantly advance the state-of-the-art in deep learning applications for malware detection. Our team at the Institute of Data Science has been developing complementary techniques in behavior analysis and would greatly benefit from your insights.

I would welcome the opportunity to discuss potential joint research initiatives, grant applications, and knowledge exchange. Could we schedule a meeting next week to explore this collaboration further?

Thank you for considering this proposal. I look forward to your positive response.

Best regards,

Dr. Michael Tan
Lead Researcher, Cybersecurity Research Lab
National University of Singapore
Email: michael.tan@nus.edu.sg
Phone: +65 1234 5678",Nomination for the Aurora Security Excellence Award at the Global Cybersecurity Forum 2024,"Dear Dr. Aisha Khan,

I hope this message finds you well. My name is Samuel Lin, and I am writing on behalf of the International Society for Cybersecurity Advancement (ISCA). It is my distinct pleasure to inform you that you have been nominated for the prestigious Aurora Security Excellence Award, which will be presented during the upcoming Global Cybersecurity Forum 2024, scheduled for September 18-20, 2024, at the Marina Bay Sands Convention Centre in Singapore.

Your outstanding contributions to the field of security research, particularly your recent work on adaptive threat intelligence frameworks, have garnered significant recognition within the professional community. The ISCA Awards Committee, chaired by Prof. Elena Rossi, was especially impressed by your leadership in collaborative research initiatives and your commitment to advancing cybersecurity education.

Should you require any further information regarding the nomination process or the event logistics, please do not hesitate to contact me or our event coordinator, Ms. Priya Menon. We look forward to celebrating your achievements at the Forum.

Best regards,
Samuel Lin
ISCA Secretariat",Collaboration Opportunity on Deep Learning for Malware Detection,"Dear Dr. Khan, I am impressed by your work on deep learning approaches for malware detection. I am interested in exploring potential collaboration opportunities to advance behavior-based malware classification techniques. Would you be open to a brief discussion on this topic? Looking forward to your response.",Award Nomination Notification,I am writing to let you know that you have been nominated for an award by a professional society. Please let me know if you need any further information about this process. Congratulations on this recognition. I look forward to hearing from you soon.
per-028,Dr. Amir Hashemi,,,"Request for Feedback on Manuscript Draft – CyberSec Innovations Symposium 2024, Zurich","Dear Dr. Amir Hashemi,

I hope this message finds you well. My name is Julia Reinhardt, a doctoral candidate at the Institute for Advanced Security Studies, University of Vienna. I am reaching out to kindly request your expert feedback on a draft manuscript I am preparing for submission to the upcoming CyberSec Innovations Symposium 2024, scheduled for September 18-20 at the ETH Conference Center in Zurich, Switzerland.

Given your extensive research on cryptographic protocols and your recent keynote at the Global Digital Trust Forum in Berlin, I believe your insights would be invaluable in refining my analysis of post-quantum authentication mechanisms. The draft manuscript, titled ""Adaptive Security Models for Quantum-Resilient Networks,"" aims to contribute to ongoing discussions in the field, and I am eager to ensure its rigor and relevance.

If you are available, I would greatly appreciate any comments or suggestions you might have. Please let me know if you require any additional information or materials.

Thank you very much for your time and consideration.

Best regards,
Julia Reinhardt
Institute for Advanced Security Studies
University of Vienna",Question about your edge ML systems work,I have been following your research on distributed ML for edge computing. Your recent paper on optimizing these systems was very helpful for my own work in this area. I am interested in your approach to scalable deployment. Would you be open to a short discussion about possible collaboration or sharing ideas?,Request for Comments on Draft,"Hello, I am reaching out to ask if you could take a look at my draft manuscript. I would appreciate any thoughts or suggestions you might have. Please let me know if you need any additional information. Thank you for your time and consideration."
per-083,Dr. Jean-Luc Dubois,Collaboration Opportunity on Advanced Blockchain Security Research,"Dear Dr. Jean-Luc Dubois,

I hope this message finds you well. I am writing to express my admiration for your recent paper, ""Scalable Consensus Mechanisms for Permissioned Blockchains,"" published through École Polytechnique Fédérale de Lausanne. Your innovative approach to enhancing consensus protocols aligns closely with ongoing research initiatives supported by the Swiss National Science Foundation Advanced Grant.

Given your expertise in blockchain security and the critical challenges addressed in your work, I believe a collaborative effort could significantly advance the field. Our team at the Cybersecurity Research Center, in partnership with institutions such as ETH Zurich and the University of Geneva, is currently exploring novel cryptographic techniques to improve scalability and resilience in distributed ledger technologies.

I would be honored to discuss potential synergies between our projects and explore avenues for joint research, possibly culminating in a co-authored publication or a joint grant proposal.

Could we schedule a meeting at your earliest convenience to discuss this further? I look forward to the possibility of working together to push the boundaries of blockchain security.

Best regards,

Dr. Maria Schneider
Senior Researcher
Cybersecurity Research Center
ETH Zurich","Invitation to Join Editorial Board – International Symposium on Cybersecurity Advances 2024, Geneva","Dear Dr. Jean-Luc Dubois,

I hope this message finds you well. My name is Prof. Martina Keller, and I am writing on behalf of the organizing committee for the International Symposium on Cybersecurity Advances 2024, scheduled to take place from September 18-20, 2024, at the Centre International de Conférences Genève, Switzerland. The symposium is being coordinated in collaboration with the Swiss Federal Institute of Technology Lausanne (EPFL) and the European Network for Cybersecurity (ENCS).

Given your distinguished contributions to the field of cryptographic protocols and your recent work at the Institut National de Recherche en Informatique et en Automatique (INRIA), we would be honored to invite you to serve on the editorial board for the symposium’s proceedings, to be published by Springer LNCS. Your expertise would be invaluable in shaping the academic rigor and impact of our publication.

Please let us know if you would be interested in this opportunity. We look forward to your positive response.

Kind regards,

Prof. Martina Keller
Editorial Chair, ISCA 2024
martina.keller@isca2024.org",Inquiry on Consensus Mechanisms in Permissioned Blockchains,"Dear Dr. Dubois,

I am impressed by your work on scalable consensus mechanisms for permissioned blockchains. Could you share insights on potential vulnerabilities in these systems and mitigation strategies? Your expertise would greatly aid my current research.

Best regards,

[Your Name]",Editorial Board Invitation,"I am reaching out to let you know about an opportunity to join the editorial board of a publication. If you are interested in learning more about this role, please let me know. I would be happy to provide additional details if needed. Thank you for your consideration."
per-058,Dr. Jean-Luc Dubois,Invitation to Keynote: International Symposium on Blockchain Security – Recognition of Your Recent Work,"Dear Dr. Jean-Luc Dubois,

On behalf of the Organizing Committee of the 12th International Symposium on Blockchain Security and Distributed Ledger Technologies (ISBSDLT 2024), to be held at the Massachusetts Institute of Technology, Cambridge, USA, from September 18-21, 2024, we are honored to extend a formal invitation for you to deliver a keynote address. Your recent publication, ""Scalable Consensus Mechanisms for Permissioned Blockchains,"" co-authored with Dr. Emilie Laurent and supported by the Swiss National Science Foundation Advanced Grant, has garnered significant attention among our Program Committee, including Prof. Michael Zheng (Stanford University) and Dr. Priya Natarajan (University of Oxford).

Given your pioneering research at École Polytechnique Fédérale de Lausanne in Switzerland, particularly in the domain of blockchain security, we believe your insights would be invaluable to our attendees, which include representatives from IBM Research, the European Blockchain Association, and the IEEE Technical Committee on Security and Privacy. Kindly confirm your participation by completing the attached registration form by July 10, 2024. Should you require any assistance regarding travel arrangements or visa documentation, please contact our logistics coordinator, Ms. Rachel Kim, at symposium.secretariat@isbsdlt2024.org.

We look forward to your affirmative response and to welcoming you to Cambridge.

Sincerely,
Dr. Samuel Lee
Chair, ISBSDLT 2024 Organizing Committee
Massachusetts Institute of Technology","Request for Feedback on Manuscript Draft – Symposium on Cybersecurity Innovations 2024, 18 September, Geneva","Dear Dr. Jean-Luc Dubois,

I hope this message finds you well. My name is Alexandra Petrov, a doctoral candidate at the Technical University of Munich, currently engaged in research on advanced intrusion detection systems. I am reaching out to kindly request your expert feedback on a draft manuscript I am preparing for submission to the upcoming Symposium on Cybersecurity Innovations 2024, scheduled for 18 September at the International Conference Centre Geneva.

Given your extensive contributions to the field, particularly your recent work on adaptive threat modeling presented at the European Network Security Forum in Lyon, I believe your insights would be invaluable in refining my analysis and methodology. The manuscript, tentatively titled ""Emergent Patterns in Distributed Intrusion Detection: A Comparative Study,"" aims to explore novel approaches in anomaly detection across heterogeneous network environments.

If you are available, I would greatly appreciate your thoughts on the draft at your earliest convenience. Please let me know if you require any additional information or materials.

Thank you very much for considering my request.

Best regards,
Alexandra Petrov
Technical University of Munich",Question about your blockchain consensus work,I read your recent paper on scalable consensus for permissioned blockchains and found it very interesting. I have some questions about your approach and would like to discuss possible collaboration. Can you please open the attached file and let me know your thoughts? Thank you.,Request for Comments on Manuscript Draft,"Dear Dr. Dubois,

I hope this message finds you well. I am writing to ask if you could take a look at my draft manuscript and share any thoughts or suggestions you might have. Your feedback would be greatly appreciated.

Thank you for your time.

Best regards,"
per-008,Dr. Oluwaseun Adeyemi,,,"Request for Feedback on Manuscript Draft – CyberSec Innovations Symposium 2024, Nairobi","Dear Dr. Oluwaseun Adeyemi,

I hope this message finds you well. My name is Samuel Okoro, a doctoral candidate at the University of Lagos, specializing in network security protocols. I am reaching out to kindly request your expert feedback on a draft manuscript I am preparing for submission to the upcoming CyberSec Innovations Symposium 2024, scheduled to take place on September 12–14 at the Kenyatta International Convention Centre in Nairobi, Kenya.

Given your extensive research on cryptographic resilience and your recent keynote at the African Digital Security Forum, I believe your insights would be invaluable in refining my work. The manuscript, titled ""Adaptive Intrusion Detection in Decentralized Networks,"" aims to address emerging challenges in distributed security architectures.

If you are available, I would greatly appreciate your comments or suggestions at your convenience. Please let me know if you would prefer the document in PDF or Word format. Thank you very much for considering my request, and I look forward to your esteemed guidance.

Best regards,
Samuel Okoro
University of Lagos",Question about your work on cryptography for mobile networks,"I read your recent paper on cryptographic methods for mobile networks. Your approach to intrusion detection in IoT environments is very relevant to my current research. I am interested in discussing possible collaboration or sharing ideas, especially around secure mobile communications. If you are open to this, please let me know how best to connect.",Request for Comments on Draft,"Hello, I am reaching out to ask if you could take a look at my draft manuscript. I would appreciate any thoughts or suggestions you might have. Please let me know if you have time to review it. Thank you for considering my request."
per-084,Dr. Nandita Rao,Collaboration Opportunity: Advancing Privacy-Preserving ML in Healthcare with IIT Bombay Expertise,"Dear Dr. Nandita Rao,

I hope this message finds you well. I am reaching out to commend your impactful work on ""Federated Learning with Differential Privacy for Healthcare Data,"" published under the auspices of the Indian Department of Science and Technology Grant. Your innovative approach to privacy-preserving machine learning at the Indian Institute of Technology Bombay is highly relevant to ongoing research initiatives at our institution.

Given the increasing importance of secure data sharing in healthcare, I believe a collaborative effort could significantly advance the state-of-the-art in federated learning frameworks. Our team at the Center for Secure AI Research is particularly interested in integrating differential privacy techniques with scalable machine learning models, aligning closely with your recent findings.

Would you be open to a virtual meeting to discuss potential joint research projects or grant applications? I am confident that combining our expertise could lead to substantial contributions to the field.

Thank you for considering this opportunity. I look forward to your positive response.

Best regards,

Dr. Arjun Mehta
Lead Researcher, Center for Secure AI Research
University of California, Berkeley
arjun.mehta@berkeley.edu
+1 (510) 555-1234","Invitation to the 2024 Global Symposium on Cyber Threat Intelligence, Singapore","Dear Dr. Nandita Rao,

I hope this message finds you well. My name is Priya Menon, and I am writing on behalf of the organizing committee for the 2024 Global Symposium on Cyber Threat Intelligence (GSCTI), scheduled to take place from September 18th to 20th, 2024, at the Marina Bay Sands Convention Centre in Singapore. The GSCTI is being coordinated in collaboration with the Asia-Pacific Cybersecurity Alliance and the National University of Singapore.

We are delighted to announce that this year’s symposium will feature keynote addresses from Prof. Hiroshi Tanaka (University of Tokyo) and Dr. Samuel Osei (Carnegie Mellon University Africa), as well as panel discussions with representatives from INTERPOL and the Cyber Security Agency of Singapore. The event will also include networking sessions and a technology showcase sponsored by SecureNet Solutions and QuantumShield Technologies.

We would be honored to have your participation at GSCTI 2024. Please let us know if you require further information regarding registration or the preliminary agenda.

Best regards,

Priya Menon
Conference Coordinator
2024 Global Symposium on Cyber Threat Intelligence",Inquiry on Privacy-Preserving Machine Learning Research,"Dear Dr. Rao,

I am impressed by your work on privacy-preserving machine learning, particularly in healthcare data. I am interested in exploring potential collaborations or insights related to differential privacy in federated learning. Could we discuss your recent findings and possible applications?

Best regards,

[Your Name]",Upcoming Conference Information,I am writing to let you know about an upcoming conference that may be of interest. Details about the event will be shared soon. Please let me know if you would like more information or have any questions. Thank you for your attention to this announcement.
per-059,Dr. Nandita Rao,Invitation to Keynote at the 2024 International Symposium on Secure Federated Learning – Special Recognition for Your Recent Work,"Dear Dr. Nandita Rao,

I hope this message finds you well. My name is Prof. Elena Petrova, Chair of the Organizing Committee for the 2024 International Symposium on Secure Federated Learning (ISSFL), to be held at the Massachusetts Institute of Technology, Cambridge, USA, from September 18-21, 2024. We have been following your outstanding contributions in the field of Privacy-Preserving Machine Learning, particularly your recent publication, ""Federated Learning with Differential Privacy for Healthcare Data,"" co-authored with Dr. Rajesh Kumar and supported by the Indian Department of Science and Technology Grant.

Your innovative approach to integrating differential privacy mechanisms within federated learning frameworks for sensitive healthcare datasets has garnered significant attention among our program committee, which includes Prof. Michael Jordan (UC Berkeley), Dr. Aiko Tanaka (University of Tokyo), and Dr. Samuel Lee (ETH Zurich). We are honored to extend a formal invitation for you to deliver a keynote address at ISSFL 2024, focusing on your latest research and its implications for global healthcare data security.

Kindly confirm your participation by completing the attached registration form by July 10, 2024. Should you require any assistance with travel arrangements or visa documentation, please contact our logistics coordinator, Ms. Laura Chen, at laura.chen@issfl2024.org.

We look forward to your affirmative response and to welcoming you to this prestigious event.

Best regards,
Prof. Elena Petrova
Chair, ISSFL 2024 Organizing Committee
Massachusetts Institute of Technology",Follow-up from the CyberSec Innovations Forum 2024 in Singapore,"Dear Dr. Nandita Rao,

I hope this message finds you well. It was a pleasure meeting you during the CyberSec Innovations Forum 2024, held at the Marina Bay Sands Convention Centre in Singapore on March 14th. I greatly appreciated our brief conversation following the keynote address by Professor Alan Cheng from the National University of Singapore, particularly regarding the evolving landscape of threat intelligence and the role of AI-driven analytics.

Your insights on adaptive authentication frameworks, as referenced in your recent publication in the Journal of Information Security, were especially thought-provoking. I am keen to explore potential avenues for collaboration or knowledge exchange, perhaps in relation to the upcoming Asia-Pacific Security Symposium or through joint participation in the IEEE SecureCom Working Group.

Please let me know if you would be open to a virtual meeting in the coming weeks. I look forward to the possibility of further discussion and to learning more about your ongoing research at the Indian Institute of Technology, Delhi.

Best regards,

[Your Name]
[Your Affiliation]
[Your Contact Information]",Question about your recent work,I read your paper on federated learning with privacy for healthcare data. I am interested in how you handled data sharing and privacy. Could you share more details or any extra material? I am working on a similar topic and would like to learn from your approach.,Following up after the conference,"Hello, I am reaching out after attending the recent conference where I learned a lot. I wanted to connect and see if there might be opportunities to discuss topics of shared interest. Please let me know if you are open to a brief conversation. Thank you for your time."
per-029,Dr. Julie Petit,,,Follow-up from the CyberSec Innovations Forum 2024 in Geneva,"Dear Dr. Petit,

I hope this message finds you well. It was a pleasure briefly connecting with you during the CyberSec Innovations Forum 2024, held at the Palexpo Convention Center in Geneva on May 14th. I greatly appreciated your insights during the panel discussion on adaptive threat modeling, and I found the overall atmosphere of the event to be highly conducive to meaningful exchanges among professionals in the field of security research.

As we discussed, the intersection of privacy-preserving technologies and real-time incident response remains a compelling area for further exploration. I am keen to maintain the momentum generated at the conference and would welcome the opportunity to continue our conversation, perhaps via a virtual meeting or at a future event. Please let me know if you would be interested in sharing perspectives or collaborating on potential research initiatives.

Thank you once again for your time at the CyberSec Innovations Forum. I look forward to the possibility of future interactions.

Best regards,

[Your Name]
[Your Affiliation]",Interest in Your Work on Robust Distributed ML,I read your recent paper on optimizing distributed ML systems for edge computing. Your approach to improving robustness in these systems is very relevant to my current work. I am organizing a small online discussion focused on robust distributed ML. Would you be interested in joining or sharing your insights? Please reply if you would like more information.,Following up from the conference,"Hello, I am reaching out after attending the recent conference where I learned a lot. I wanted to connect and see if you might be open to further discussion. Please let me know if you are available for a brief conversation. Thank you for your time."
per-009,Dr. Zahra Mohammadi,,,Follow-up from the 2024 CyberSec Innovations Forum in Geneva,"Dear Dr. Zahra Mohammadi,

I hope this message finds you well. It was a pleasure meeting you during the recent CyberSec Innovations Forum, held on May 14-16, 2024, at the Palexpo Convention Center in Geneva, Switzerland. I greatly appreciated our brief conversation following the keynote address by Professor Lars Heinemann from the Technical University of Munich, particularly regarding the evolving landscape of threat intelligence sharing.

The panel discussion on cross-border data privacy, moderated by Dr. Elena Rossi of ETH Zurich, was especially thought-provoking, and I found your insights during the Q&A session to be both timely and relevant. I am keen to continue our dialogue, especially in light of the upcoming European Security Symposium in Vienna this autumn.

Please let me know if you would be open to a virtual coffee chat in the coming weeks. I believe there are several areas of mutual interest between your work at Sharif University of Technology and my current research at the University of Edinburgh.

Thank you again for your time and consideration.

Best regards,

[Your Name]",Question about your IoT security research,I read your recent work on intrusion detection in IoT networks. Your approach to adaptive methods is very relevant to current security challenges. I am interested in how your techniques could be applied to new types of network threats. Would you be open to sharing more about your methods or discussing possible collaboration? Please let me know if you are available to talk further.,Following Up After Conference,"Hello, I am reaching out after attending the recent conference where I learned a lot. I wanted to connect and see if there might be any opportunities to discuss topics of shared interest. Please let me know if you are available for a brief conversation. Thank you."
per-085,Dr. Michael Schmidt,Collaboration Opportunity on Advanced Anomaly Detection Techniques in Encrypted Traffic,"Dear Dr. Schmidt,

I hope this message finds you well. I am reaching out to express my admiration for your recent publication, ""Real-Time Anomaly Detection in Encrypted Network Traffic,"" presented at the IEEE Symposium on Security and Privacy. Your innovative approach to leveraging machine learning algorithms for traffic analysis significantly advances the field of network security.

As a fellow researcher specializing in cybersecurity at the Max Planck Institute for Informatics, I am particularly interested in exploring collaborative opportunities that build upon your work funded by the German Research Foundation (DFG) Research Fellowship. Integrating your methodologies with our ongoing projects on encrypted traffic pattern recognition could yield impactful results.

Would you be available for a virtual meeting next week to discuss potential joint research initiatives? I believe that combining our expertise could lead to substantial contributions to the community, possibly culminating in a joint proposal for the Horizon Europe program.

Thank you for considering this opportunity. I look forward to your positive response.

Best regards,

Dr. Anna Müller
Senior Researcher
Max Planck Institute for Informatics
anna.mueller@mpi-inf.mpg.de","Proposal for Collaborative Research Following the CyberSec Innovations Forum 2024, Zurich","Dear Dr. Michael Schmidt,

I hope this message finds you well. My name is Dr. Laura Chen, currently affiliated with the Department of Computer Science at the University of Edinburgh. I had the pleasure of attending your insightful keynote on adaptive threat modeling at the CyberSec Innovations Forum 2024, held on March 14th at the SwissTech Convention Center in Zurich. Your discussion on the integration of AI-driven analytics within enterprise security frameworks was particularly compelling.

Given our shared interests in advanced intrusion detection systems and the evolving landscape of cybersecurity, I am reaching out to explore the possibility of a collaborative research initiative. I believe that combining your expertise from the Max Planck Institute for Security and Privacy with our ongoing projects in distributed ledger security could yield significant advancements.

If you are open to discussing this further, I would be delighted to arrange a virtual meeting at your convenience. Please let me know your availability in the coming weeks.

Thank you for considering this proposal. I look forward to the opportunity to collaborate.

Best regards,
Dr. Laura Chen
University of Edinburgh",Inquiry on Advancements in Encrypted Traffic Anomaly Detection,"Dear Dr. Schmidt, I am impressed by your work on real-time anomaly detection in encrypted network traffic. Could you share insights on the latest challenges you face in this area? I am exploring potential collaborations and would appreciate your perspective. Looking forward to your response.",Research Collaboration Inquiry,I am reaching out to see if you might be interested in discussing a possible research collaboration. I believe there could be some shared interests between our work. Please let me know if you would be open to a conversation about this. Looking forward to your response.
per-060,Dr. Michael Schmidt,Invitation to Keynote at IEEE CNS 2024 – Recognition of Your Work on Encrypted Traffic Analysis,"Dear Dr. Michael Schmidt,

I hope this message finds you well. My name is Prof. Jonathan Li, Program Chair for the 12th IEEE Conference on Communications and Network Security (CNS 2024), to be held at the Massachusetts Institute of Technology, Cambridge, USA, from September 16-20, 2024. On behalf of the organizing committee, I am delighted to extend a formal invitation for you to deliver a keynote address, recognizing your outstanding contributions to network security and traffic analysis, particularly your recent publication, ""Real-Time Anomaly Detection in Encrypted Network Traffic,"" co-authored with Dr. Anna Weber and supported by the German Research Foundation (DFG) Research Fellowship.

Your innovative methodologies in encrypted traffic anomaly detection have been cited by leading researchers at ETH Zurich, Carnegie Mellon University, and the University of Tokyo, and align closely with this year’s CNS theme: ""Securing Next-Generation Networks in the Era of Pervasive Encryption."" We would be honored to feature your insights alongside keynote speakers such as Prof. Elena Rossi (Politecnico di Milano) and Dr. Samuel Kim (Stanford University).

To confirm your participation and access the preliminary agenda, please review the attached document and submit your acceptance via the secure link below by June 30, 2024. Your expertise would be invaluable to our global audience.

We look forward to your positive response.

Best regards,
Prof. Jonathan Li
Program Chair, IEEE CNS 2024
Massachusetts Institute of Technology
jonathan.li@ieeecns2024.org","Invitation to Review Manuscript for the 2024 CyberSec Innovations Symposium, Zurich","Dear Dr. Michael Schmidt,

I hope this message finds you well. My name is Dr. Laura Fischer, and I am serving as a member of the Program Committee for the upcoming CyberSec Innovations Symposium 2024, scheduled to take place from September 12th to 14th at the ETH Zurich Conference Center, Switzerland. The symposium is organized in collaboration with the Swiss Federal Institute of Technology and the European Network for Cybersecurity Research.

Given your esteemed contributions to the field of applied cryptography and your recent work published in the Journal of Information Security, we would be honored if you could serve as a reviewer for a manuscript submitted to our symposium. The paper, titled ""Adaptive Threat Modeling in Distributed Ledger Environments,"" aligns closely with your expertise and the symposium’s thematic focus.

Should you be available, we kindly request your response by July 10th, 2024. Please let us know if you require any additional information regarding the review process or the event logistics.

Thank you for considering this request. We look forward to your positive response.

Best regards,
Dr. Laura Fischer
Program Committee, CyberSec Innovations Symposium 2024
ETH Zurich",Question about your network traffic research,I read your recent work on detecting anomalies in encrypted network traffic. I am interested in learning more about your methods. Could you share some details or advice on how to get started with similar analysis? Looking forward to your response. Thank you for your time.,Request to Review Manuscript,"I am reaching out to ask if you would be willing to review a manuscript for our journal. If you are available, I can send more details. Please let me know if you are interested or have any questions. Thank you for considering this request."
per-030,Dr. Ye-Jun Jung,,,Invitation to Review Manuscript for the 2024 Seoul Symposium on Cybersecurity Advances,"Dear Dr. Ye-Jun Jung,

I hope this message finds you well. My name is Dr. Min-Soo Park, and I am serving as a program committee member for the 2024 Seoul Symposium on Cybersecurity Advances, scheduled to take place from September 12-14, 2024, at the COEX Convention & Exhibition Center in Seoul, South Korea. The symposium is organized by the Korean Institute of Information Security and Cryptology (KIISC) in collaboration with the Asia-Pacific Network Security Association (APNSA).

We are currently seeking distinguished experts to review submissions for our upcoming proceedings, and your extensive work in the field of network intrusion detection and cryptographic protocols has come highly recommended by several colleagues, including Prof. Hyeon-Ju Lee from KAIST. We believe your insights would be invaluable in maintaining the high academic standards of our event.

If you are available to assist with a manuscript review, please let us know at your earliest convenience. We would be honored to have your expertise contribute to the success of the symposium.

Thank you for considering this request.

Best regards,

Dr. Min-Soo Park
Program Committee, 2024 Seoul Symposium on Cybersecurity Advances",Question about your edge computing work,I read your recent paper on distributed machine learning for edge computing. Your approach to optimizing these systems is very relevant to my current project. I am interested in how you handled resource constraints in your experiments. Would you be open to a short discussion about your methods?,Request to Review Manuscript,I hope this message finds you well. I am reaching out to ask if you would be willing to review a manuscript for our journal. Please let me know if you are available and interested. Thank you for considering this request.
per-086,Dr. Lila Benali,Collaboration Opportunity on Fault Tolerant Protocols in Edge Computing,"Dear Dr. Lila Benali,

I hope this message finds you well. I am reaching out to express my admiration for your recent paper, ""Fault Tolerant Protocols for Edge Computing Environments,"" published under the auspices of the African Union Research Grant. Your innovative approach to enhancing reliability in secure distributed systems at the University of Tunis El Manar is truly commendable.

Given the increasing importance of resilient edge computing frameworks, I believe a collaborative effort could significantly advance this field. My team at the Secure Systems Lab, in partnership with the Institute of Distributed Computing and the Global Cybersecurity Alliance, is currently exploring complementary fault tolerance mechanisms that could synergize with your protocols.

I would be honored to discuss potential joint research initiatives, possibly integrating insights from the IEEE Edge Computing Consortium and the International Federation for Information Processing. Could we schedule a meeting next week to explore this collaboration further?

Thank you for considering this opportunity. I look forward to your positive response.

Best regards,

Dr. Michael Thompson
Director, Secure Systems Lab
Email: m.thompson@securesyslab.org
Phone: +1-555-123-4567","Invitation to Speak at the Quantum Security Frontiers Seminar, 18 September 2024, ETH Zurich","Dear Dr. Lila Benali,

I hope this message finds you well. My name is Dr. Markus Feldmann, and I am writing on behalf of the Organizing Committee for the Quantum Security Frontiers Seminar, scheduled to take place on 18 September 2024 at the Department of Computer Science, ETH Zurich, Switzerland. The seminar is part of our annual series focusing on emerging paradigms in cryptographic protocols and post-quantum security.

We are keenly aware of your distinguished contributions to the field, particularly your recent work on lattice-based cryptography at INRIA Paris and your involvement with the European Cybersecurity Organization. It would be a great honor to invite you as a keynote speaker to share your insights with our diverse audience, which will include researchers from the Swiss Federal Institute of Technology, the Max Planck Institute for Security and Privacy, and representatives from the Swiss National Cybersecurity Centre.

Please let us know your availability and any requirements you may have. We look forward to the possibility of welcoming you to Zurich.

Kind regards,

Dr. Markus Feldmann
Quantum Security Frontiers Seminar Committee
ETH Zurich",Inquiry on Fault Tolerant Protocols in Edge Computing,"Dear Dr. Benali,

I am impressed by your work on secure distributed systems, particularly fault tolerant protocols for edge environments. I am exploring related security challenges and would appreciate your insights on potential vulnerabilities in such protocols. Could we discuss possible collaboration or guidance?

Best regards,

[Your Name]",Invitation to Speak at Upcoming Seminar,"Dear Dr. Benali,

I am reaching out to see if you would be interested in giving a talk at our seminar. We would appreciate your participation. Please let me know if you are available or need more details.

Best regards,

[Your Name]"
per-061,Dr. Lila Benali,Invitation to Keynote at IEEE SecureEdge 2024 – Recognition of Your Work on Fault Tolerant Protocols,"Dear Dr. Lila Benali,

On behalf of the IEEE SecureEdge 2024 Organizing Committee, I am delighted to extend a formal invitation for you to deliver a keynote address at our upcoming conference, scheduled for 18-21 September 2024 at the Palais des Congrès, Marrakech, Morocco. Your pioneering research in Secure Distributed Systems at the University of Tunis El Manar, particularly your recent publication, ""Fault Tolerant Protocols for Edge Computing Environments"" co-authored with Dr. Karim Boudriga, has garnered significant attention within the academic community and aligns perfectly with the conference’s central themes.

We are especially interested in your insights regarding the implementation of fault tolerance in edge computing, as highlighted in your African Union Research Grant project. The conference will feature distinguished speakers such as Prof. Amina El Ghazali (Université Mohammed V), Dr. Samuel Okoye (University of Lagos), and representatives from the European Network on Cybersecurity.

Kindly confirm your participation by completing the attached registration form by 15 July 2024. Should you require further details regarding travel arrangements or honorarium, please contact our administrative coordinator, Ms. Fatima Zahra El Idrissi, at ieee-secureedge2024@consultant.com.

We look forward to your esteemed contribution.

Sincerely,

Dr. Jean-Paul Moreau
Program Chair, IEEE SecureEdge 2024
Université Pierre et Marie Curie, Paris","Invitation to Participate: Workshop on Emerging Paradigms in Security Research – July 18, 2024, at ETH Zurich","Dear Dr. Lila Benali,

I hope this message finds you well. My name is Dr. Marcus Feldman, and I am writing on behalf of the Organizing Committee for the ""Workshop on Emerging Paradigms in Security Research,"" scheduled to take place on July 18, 2024, at ETH Zurich, Switzerland. This event is being coordinated in collaboration with the Swiss Federal Institute of Technology and the European Network for Cybersecurity Advancement.

We are reaching out to distinguished scholars such as yourself, whose contributions to the field of security research have been widely recognized, to invite you to participate in this workshop. The program will feature keynote addresses, panel discussions, and interactive sessions focusing on the latest trends and methodologies in cybersecurity, privacy, and digital trust. Esteemed colleagues from institutions such as the University of Cambridge, INRIA, and the Max Planck Institute will also be in attendance.

We would be honored if you could join us for this intellectually stimulating event. Please let us know if you require further information regarding the agenda or logistics.

Kind regards,

Dr. Marcus Feldman
Workshop Coordinator
ETH Zurich",Question about your edge computing protocols,I read your recent work on fault tolerant protocols for edge computing. I am interested in learning more about your approach. Could you please share the full paper or any extra details? I would like to discuss possible collaboration or ideas. Looking forward to your reply.,Workshop Invitation,I am reaching out to let you know about an upcoming workshop that will focus on recent developments in research. Your participation would be appreciated. Please let me know if you are interested or need more details. Looking forward to your response.
per-010,Dr. Nicolas Leroy,,,"Invitation to Review Manuscript for the 2024 CyberSec Innovations Symposium, Geneva","Dear Dr. Nicolas Leroy,

I hope this message finds you well. My name is Dr. Helena Fischer, and I am serving as a program committee member for the upcoming CyberSec Innovations Symposium 2024, scheduled to take place from September 18-20 at the International Conference Centre Geneva, Switzerland. The symposium is organized in collaboration with the Swiss Federal Institute of Technology Lausanne (EPFL) and the European Network for Cybersecurity (ENCS).

Given your esteemed contributions to the field of cryptographic protocols and your recent work with the Paris Institute of Technology, we would be honored if you could review a manuscript submitted to our symposium. The paper, titled ""Adaptive Threat Modeling in Distributed Ledger Environments,"" aligns closely with your research interests and expertise.

Should you be available, we kindly request your response by July 10, 2024. Please let us know if you require any additional information regarding the review process or the symposium itself.

Thank you for considering this request. We look forward to your positive response.

Best regards,

Dr. Helena Fischer
Program Committee, CyberSec Innovations Symposium 2024
helena.fischer@cybersec2024.org",Interest in your work on secure network protocols,I read your recent paper on adaptive intrusion detection for IoT networks. Your approach to secure routing and encrypted traffic analysis is very relevant to ongoing work in this area. I am looking for input from researchers with your background. Would you be open to sharing your perspective or discussing possible collaboration? Please reply if interested.,Request to Review Manuscript,"I am reaching out to ask if you would be willing to review a manuscript for our journal. If you are available, I can send more details. Please let me know if you are interested or have any questions. Thank you for considering this request."
per-031,Dr. Oliver Cromwell,,,"Invitation to Participate: Vanguard Security Workshop 2024, July 18, Edinburgh","Dear Dr. Oliver Cromwell,

I hope this message finds you well. My name is Dr. Fiona MacLeod, and I am writing on behalf of the organizing committee for the Vanguard Security Workshop 2024, scheduled to take place on July 18th at the Informatics Forum, University of Edinburgh, Scotland. We are delighted to extend an invitation for you to participate in this distinguished event, which aims to foster dialogue on the latest research trends in cybersecurity, cryptographic protocols, and threat intelligence.

The workshop will feature keynote addresses from Prof. Lars Schmidt of ETH Zurich and Dr. Priya Nair from the National University of Singapore, as well as panel discussions and networking sessions. We believe your expertise in advanced intrusion detection systems would greatly enrich our program. Please find the preliminary agenda attached for your reference.

Should you require further information or wish to confirm your participation, kindly contact me at your earliest convenience. We sincerely hope you will consider joining us in Edinburgh for this exciting event.

Best regards,

Dr. Fiona MacLeod
Vanguard Security Workshop 2024 Organizing Committee
University of Edinburgh",Question about your work on ML system optimization,"I have been following your research on improving machine learning system performance. Your recent work on robust pipelines and resource allocation is very relevant to my current project. I am interested in discussing possible collaboration or feedback. If you are open to this, please let me know how best to connect.",Workshop Invitation,"Dear Dr.,

I am reaching out to let you know about an upcoming workshop that will focus on recent developments in research. Your participation would be appreciated. Please let me know if you are interested or need more details.

Best regards,

"
per-087,Dr. David Lee,Collaboration Opportunity on Explainable AI for Cybersecurity Research,"Dear Dr. David Lee,

I hope this message finds you well. I am writing to express my admiration for your recent paper, ""Interpretable Deep Models for Cyber Threat Attribution,"" published under the auspices of the Canada Research Chairs Program at the University of Toronto. Your innovative approach to enhancing explainability in AI-driven cybersecurity models is highly relevant to ongoing challenges faced by institutions such as the National Cyber Security Centre and the Canadian Institute for Cybersecurity.

Given your expertise in explainable AI and its application to cyber threat attribution, I believe a collaborative research initiative could significantly advance our understanding and practical deployment of transparent AI systems in security contexts. Our team at the Cybersecurity Research Lab at MIT has been developing complementary methodologies focusing on model interpretability and threat intelligence integration.

I would welcome the opportunity to discuss potential joint projects or grant proposals, possibly involving entities like the Natural Sciences and Engineering Research Council of Canada (NSERC) or the Defense Advanced Research Projects Agency (DARPA).

Please let me know a convenient time for a virtual meeting to explore this further.

Best regards,

[Your Full Name]
[Your Position]
[Your Institution]
[Your Contact Information]","Call for Papers: Special Issue on Emerging Paradigms in Cybersecurity – PacificSec 2024, Honolulu","Dear Dr. David Lee,

I hope this message finds you well. My name is Dr. Samantha Chen, and I am serving as a guest editor for the upcoming special issue of the International Journal of Security Innovations, in collaboration with the organizing committee of PacificSec 2024. The conference will be held from September 12-14, 2024, at the Hawaii Convention Center in Honolulu, Hawaii.

We are excited to announce a call for papers for our special issue, which will focus on 'Emerging Paradigms in Cybersecurity: Challenges and Opportunities.' We are particularly interested in contributions that explore novel frameworks, methodologies, and applications in areas such as threat intelligence, secure systems design, and privacy-preserving technologies. Submissions will undergo a rigorous peer-review process, and selected papers will be featured in both the conference proceedings and the special issue.

Should you have any questions regarding submission guidelines or important deadlines, please do not hesitate to contact me or visit the PacificSec 2024 website. We look forward to your valuable contribution.

Best regards,
Dr. Samantha Chen
Guest Editor, International Journal of Security Innovations",Inquiry on Explainable AI for Cybersecurity Research,"Dear Dr. Lee,

I am impressed by your work on interpretable deep models for cyber threat attribution. I am exploring explainable AI applications in security and would appreciate your insights on current challenges and future directions in this area. Could we discuss potential collaboration opportunities?

Best regards,",Special Issue Paper Submission Opportunity,"I am writing to let you know about a call for papers for an upcoming special issue. If you are interested, please consider submitting your work. More details can be provided if needed. Thank you for your attention to this announcement."
per-062,Dr. David Lee,"Invitation to Keynote: International Symposium on Explainable AI in Cybersecurity – Berlin, Sept 2024","Dear Dr. David Lee,

On behalf of the Organizing Committee of the International Symposium on Explainable AI in Cybersecurity (ISXAICS 2024), to be held at the Fraunhofer Institute, Berlin, Germany, from September 18-21, 2024, I am delighted to extend a formal invitation for you to deliver a keynote address. Your recent publication, ""Interpretable Deep Models for Cyber Threat Attribution,"" co-authored with Dr. Emily Wong and supported by the Canada Research Chairs Program, has garnered significant attention among our scientific advisory board, including Prof. Markus Schneider (ETH Zurich) and Dr. Sofia Alvarez (Imperial College London).

Given your pioneering work at the University of Toronto in explainable AI for security applications, we believe your insights would greatly enrich our sessions on Transparent Machine Learning and Adversarial Threat Analysis. Keynote speakers will receive full travel funding, accommodation at the Adlon Kempinski, and an honorarium sponsored by the European Cybersecurity Initiative.

Kindly confirm your acceptance by uploading your CV and a brief abstract via our secure portal at https://isxaics2024-secure.org/submit by June 30, 2024. We look forward to your esteemed participation.

Sincerely,

Dr. Helena Fischer
Conference Chair, ISXAICS 2024
Fraunhofer Institute for Secure Information Technology","Nomination for the 2024 Cybersecurity Excellence Award at the Global InfoSec Summit, Zurich","Dear Dr. David Lee,

I hope this message finds you well. My name is Samantha Chen, and I am writing on behalf of the International Society for Cybersecurity Professionals (ISCP). It is my distinct pleasure to inform you that you have been nominated for the 2024 Cybersecurity Excellence Award, which will be presented during the upcoming Global InfoSec Summit, scheduled for September 18-20, 2024, at the Kongresshaus in Zurich, Switzerland.

Your outstanding contributions to the field of security research, particularly your recent work on adaptive threat modeling, have garnered significant attention within the ISCP community. The nomination committee, chaired by Prof. Elena Rossi of ETH Zurich, was especially impressed by your collaborative initiatives with the European Network for Cyber Defense.

Should you require further information regarding the nomination process or the summit agenda, please do not hesitate to contact me or visit our official website. We look forward to celebrating your achievements at this prestigious event.

Best regards,

Samantha Chen
Awards Coordinator, ISCP",Question about your recent work,I read your paper on interpretable deep models for cyber threat attribution and found it very interesting. I have some questions about your approach and would like to discuss your methods. Can you please open the attached file and let me know your thoughts? Thank you.,Award Nomination Notification,I am writing to let you know that you have been nominated for an award by a professional group. Please let me know if you need any more information about this. Congratulations on this recognition.
per-011,Dr. Do-Yun Choi,,,Invitation to Participate in the Seoul Symposium on Security Innovations 2024,"Dear Dr. Do-Yun Choi,

I hope this message finds you well. My name is Min-Jae Park, and I am writing on behalf of the organizing committee for the Seoul Symposium on Security Innovations 2024, which will be held at the Korea Advanced Institute of Science and Technology (KAIST) in Daejeon, South Korea, on September 12th, 2024. We are delighted to extend an invitation for you to participate in our upcoming workshop, which aims to foster dialogue on the latest research trends in cybersecurity, cryptographic protocols, and threat intelligence.

The symposium will feature keynote addresses from esteemed scholars such as Prof. Ji-Hoon Kim (POSTECH) and Dr. Sun-Young Lee (Yonsei University), as well as interactive panel discussions and networking sessions. We believe your expertise in secure distributed systems would greatly enrich the discourse and provide valuable insights for attendees from institutions including Seoul National University and the Electronics and Telecommunications Research Institute (ETRI).

We sincerely hope you will consider joining us for this exciting event. Please let us know if you require further information.

Best regards,
Min-Jae Park
Seoul Symposium on Security Innovations 2024 Organizing Committee",Question about your recent work on 5G security,I read your recent paper on intrusion detection in 5G networks. Your approach to adaptive threat response is very relevant to my current project. I am exploring similar methods in network security and would value your perspective. Would you be open to a short call to discuss your findings and possible collaboration?,Workshop Invitation,I am reaching out to let you know about an upcoming workshop that will focus on recent developments in research. We would be pleased if you could join us. Please let me know if you are interested or need more information. Thank you for considering this invitation.
per-032,Dr. Sophie Dupont,,,Nomination for the 2024 Cybersecurity Excellence Award at the Paris Symposium,"Dear Dr. Sophie Dupont,

I hope this message finds you well. My name is Jonathan Keller, and I am writing on behalf of the European Society for Information Security (ESIS). It is my distinct pleasure to inform you that you have been nominated for the 2024 Cybersecurity Excellence Award, which will be presented during the ESIS Annual Symposium on Digital Trust, scheduled for 17 September 2024 at the Palais des Congrès de Paris, France.

Your extensive contributions to the field of network security, particularly your recent work with the SecureNet Initiative and your leadership at the Université Pierre et Marie Curie, have garnered significant recognition among your peers. The nomination committee, chaired by Prof. Elena Rossi of Politecnico di Milano, was especially impressed by your keynote at the 2023 Geneva Cyber Forum.

Should you require further information regarding the nomination process or the upcoming event, please do not hesitate to contact me. We look forward to celebrating your achievements at the Paris Symposium.

Kind regards,

Jonathan Keller
Awards Coordinator
European Society for Information Security",Question about your work on energy-efficient ML hardware,I read your recent paper on energy-efficient ML hardware. Your approach to improving system performance while reducing power use is very relevant to my current project. I am interested in how you handle trade-offs in hardware design for machine learning. Would you be open to a short discussion or sharing more details? I believe your insights could help guide my work.,Award Nomination Information,I am writing to let you know that you have been nominated for an award by a professional group. Please let me know if you need any more details or if there is anything you would like to discuss about this process. Thank you.
per-088,Dr. Hana Kim,Collaboration Opportunity on Advanced Wireless Security Protocols Inspired by Your 5G Research,"Dear Dr. Hana Kim,

I hope this message finds you well. I am writing to express my admiration for your recent paper, ""Secure 5G Protocols Against Spoofing Attacks,"" published in the IEEE Transactions on Wireless Communications. Your innovative approach to mitigating spoofing threats in 5G networks, particularly your use of adaptive cryptographic techniques, aligns closely with our ongoing research at the Cybersecurity Research Center, KAIST.

Given your expertise and the support from the Korea Government Scholarship Program, I believe a collaborative effort could significantly advance the development of robust wireless security frameworks. Our team, led by Professor Min-Jae Lee, has been exploring machine learning-based anomaly detection methods that could complement your protocol designs.

I would be honored to discuss potential joint research initiatives or co-author a follow-up study that builds upon your findings. Could we schedule a virtual meeting next week to explore this opportunity?

Thank you for considering this collaboration. I look forward to your positive response.

Best regards,

Dr. Jisoo Park
Senior Researcher
Cybersecurity Research Center, KAIST
jisoo.park@kaist.ac.kr
+82-42-350-1234","Request for Feedback on Manuscript Draft – AsiaSec Symposium 2024, Singapore","Dear Dr. Hana Kim,

I hope this message finds you well. My name is Alex Chen, a doctoral candidate at the National University of Singapore, specializing in applied cryptography and network security. I am reaching out to kindly request your expert feedback on a draft manuscript I am preparing for submission to the upcoming AsiaSec Symposium 2024, scheduled to take place from September 12–15 at the Marina Bay Sands Convention Centre in Singapore.

Given your extensive research on secure multi-party computation and your recent keynote at the Seoul Cybersecurity Forum 2023, I believe your insights would be invaluable in refining the theoretical framework and experimental methodology of my work. The manuscript, titled ""Adaptive Protocols for Privacy-Preserving Data Aggregation in IoT Networks,"" aims to address emerging challenges in distributed environments.

If you are available, I would greatly appreciate your comments or suggestions at your earliest convenience. Please let me know if you require any additional information or supporting materials.

Thank you very much for considering my request.

Best regards,
Alex Chen
National University of Singapore",Inquiry on Wireless Security Research Collaboration,"Dear Dr. Kim,

I am impressed by your work on secure protocols against spoofing attacks in wireless networks. I am exploring potential collaborations in this area and would appreciate discussing your insights and ongoing projects supported by your current grant.

Looking forward to your response.

Best regards,",Request for Comments on Draft,I am reaching out to ask if you could take a look at my draft manuscript. Your input would be very helpful. Please let me know if you have any suggestions or thoughts. I appreciate your time and consideration. Thank you in advance for your help.
per-063,Dr. Hana Kim,Invitation to Present at the 2024 IEEE Global Wireless Security Symposium – Special Session on 5G Protocols,"Dear Dr. Hana Kim,

I hope this message finds you well. My name is Prof. Laura Chen, Program Chair for the 2024 IEEE Global Wireless Security Symposium (GWSS), to be held at the Massachusetts Institute of Technology, Cambridge, USA, from September 18-22, 2024. We are organizing a special session entitled ""Emerging Paradigms in Secure 5G Protocols and Anti-Spoofing Mechanisms,"" in collaboration with the IEEE Communications Society and the Asia-Pacific Network Security Consortium.

Your recent publication, ""Secure 5G Protocols Against Spoofing Attacks,"" co-authored with Dr. Min-Jae Park and supported by the Korea Government Scholarship Program, has garnered significant attention among our technical committee, including Dr. Samuel Lee (Stanford University) and Prof. Ingrid Müller (TU Munich). We would be honored if you could deliver a keynote presentation and participate in a panel discussion alongside Prof. Rajesh Gupta (UC San Diego) and Dr. Elena Petrova (ETH Zurich).

Kindly confirm your interest by uploading your extended abstract and CV via our secure submission portal at https://gwss2024-ieee.org/submit-hanakim by June 30, 2024. Your expertise in wireless security would greatly enrich our symposium.

Best regards,
Prof. Laura Chen
Program Chair, IEEE GWSS 2024
laura.chen@gwss2024-ieee.org","Invitation to Join Editorial Board – International Symposium on Cybersecurity Advances 2024, Seoul","Dear Dr. Hana Kim,

I hope this message finds you well. My name is Prof. Michael Laurent, and I am writing on behalf of the organizing committee for the International Symposium on Cybersecurity Advances 2024, scheduled to take place from September 12–15, 2024, at the COEX Convention Center in Seoul, South Korea. The symposium is being coordinated in collaboration with the Asia-Pacific Cybersecurity Association and the Korea Institute of Information Security and Cryptology.

Given your distinguished contributions to the field of network security and your recent work with the Seoul National University Cybersecurity Lab, we would be honored to invite you to join the editorial board for the symposium’s proceedings, which will be published by Springer Nature. Your expertise would greatly enhance the quality and impact of our publication.

Should you require further information regarding the editorial responsibilities or the event itself, please do not hesitate to contact me or our editorial coordinator, Ms. Ji-Young Park.

We look forward to your positive response.

Best regards,

Prof. Michael Laurent
Editorial Chair, ISCA 2024
m.laurent@isca2024.org",Question about your recent wireless security paper,I read your paper on secure 5G protocols and found it very interesting. I have some questions about your methods and would like to discuss possible collaboration. Please see the attached file for my thoughts and let me know what you think. Looking forward to your reply.,Editorial Board Invitation,"I am reaching out to let you know about an opportunity to join the editorial board for a publication. If you are interested, please let me know and I can share more details. Thank you for considering this invitation. I look forward to your response."
per-012,Dr. Charlotte Graves,,,"Nomination for the Athena Cybersecurity Excellence Award at the 2024 ISF Summit, Vienna","Dear Dr. Charlotte Graves,

I hope this message finds you well. My name is Jonathan Patel, and I am writing on behalf of the International Security Federation (ISF). It is my distinct pleasure to inform you that you have been nominated for the prestigious Athena Cybersecurity Excellence Award, which will be presented during the upcoming ISF Summit 2024. The event is scheduled to take place at the Vienna International Centre, Vienna, Austria, from September 18th to 20th, 2024.

Your outstanding contributions to the field of digital forensics and your leadership within the European Network for Cybersecurity Research have been recognized by peers and the ISF Awards Committee. The Athena Award celebrates individuals who have demonstrated exceptional commitment to advancing security research and fostering international collaboration.

Should you require further information regarding the nomination process or the summit agenda, please do not hesitate to contact me or visit our official website. We look forward to your participation in this distinguished gathering of security professionals.

Kind regards,

Jonathan Patel
Awards Coordinator
International Security Federation",Question about your recent work on AI and threat detection,I read your recent paper on adaptive intrusion detection for IoT. I am working on similar AI-based methods for network security. Your approach to encrypted traffic analysis is very relevant to my project. Would you be open to a short discussion or sharing more about your methods? I believe your insights could help address some challenges I am facing.,Award Nomination Information,I am writing to let you know that you have been nominated for an award by a professional group. Please let me know if you need any more details or have questions about the process. I look forward to hearing from you soon.
per-033,Dr. Thomas Weber,,,Invitation to Join Editorial Board – International Symposium on Cybersecurity Advances 2024,"Dear Dr. Thomas Weber,

I hope this message finds you well. My name is Dr. Alicia Fernandez, and I am reaching out on behalf of the organizing committee for the International Symposium on Cybersecurity Advances 2024, scheduled to take place from September 18th to 20th at the Palais des Congrès de Montréal, Canada. The symposium is being coordinated in collaboration with the Cybersecurity Research Institute at McGill University and the European Network for Information Security.

Given your distinguished contributions to the field of network security and your recent work published in the Journal of Applied Cryptography, we would be honored to invite you to serve on the editorial board for the symposium’s proceedings. Your expertise would be invaluable in shaping the academic rigor and overall quality of the published materials.

Should you be interested, we would be delighted to provide further details regarding the editorial responsibilities and timelines. Please let us know if you require any additional information or have any preliminary questions.

Thank you for considering this invitation. We look forward to your positive response.

Best regards,

Dr. Alicia Fernandez
Editorial Coordinator
International Symposium on Cybersecurity Advances 2024",Interest in your work on energy-efficient machine learning,"I have been following your research on making machine learning more energy-efficient, especially for mobile and real-time systems. Your recent paper in this area was very relevant to my current project. I am organizing a small group discussion on these topics and would value your input. Please reply if you are interested in joining or learning more.",Editorial Board Invitation,"I am reaching out to let you know about an opportunity to join the editorial board of a publication. If you are interested in learning more about this role, please let me know. I would be happy to provide additional details at your convenience."
per-089,Dr. Ahmed El-Sayed,Collaboration Opportunity: Advancing IoT Security with Lightweight Authentication Schemes,"Dear Dr. Ahmed El-Sayed,

I hope this message finds you well. I am writing to express my admiration for your recent paper, ""Lightweight Authentication Schemes for Smart Home Devices,"" published under the Egyptian Science and Technology Development Fund. Your innovative approach to enhancing IoT security, particularly in resource-constrained environments, aligns closely with our ongoing research at the Cybersecurity Research Institute.

Given your expertise at Cairo University and your contributions to IoT security protocols, I believe a collaborative effort could significantly advance the development of robust, scalable authentication mechanisms. Our team, including experts from the National Institute of Standards and Technology (NIST) and the International Telecommunication Union (ITU), is currently exploring novel cryptographic techniques tailored for smart home ecosystems.

I would be honored to discuss potential joint research initiatives or grant applications that leverage our combined strengths. Could we schedule a meeting next week to explore this opportunity further?

Thank you for considering this collaboration. I look forward to your positive response.

Best regards,

Dr. Emily Carter
Lead Researcher, Cybersecurity Research Institute
emily.carter@cri.org
+1 (202) 555-0147",Follow-up from the CyberSec Innovations Forum 2024 in Dubai,"Dear Dr. Ahmed El-Sayed,

I hope this message finds you well. It was a pleasure briefly meeting you during the CyberSec Innovations Forum 2024, held at the Dubai World Trade Centre on May 14th. I greatly appreciated your insights during the panel discussion on ""Emerging Threats in IoT Security,"" particularly your references to the recent work at Cairo University and your collaboration with the Middle East Cybersecurity Alliance.

As a fellow attendee representing the Secure Systems Lab at the Technical University of Munich, I found the exchange of ideas at the event, especially during the networking session hosted by Dr. Fatima Al-Mansouri, to be highly stimulating. I am keen to continue the conversation regarding potential synergies between your research group and ours, especially in the context of adaptive authentication protocols.

Please let me know if you would be open to a virtual meeting in the coming weeks. I look forward to the possibility of future collaboration.

Best regards,

Jonas Richter
Secure Systems Lab
Technical University of Munich",Inquiry on Lightweight Authentication in IoT Security,"Dear Dr. El-Sayed,

I recently came across your work on lightweight authentication schemes for smart home devices. I am interested in exploring potential collaborations or insights related to IoT security advancements. Could we discuss your current research focus and any ongoing projects supported by relevant grants?

Best regards,

[Your Name]",Following up after the conference,"Hello, I am reaching out after attending the recent conference where I had the chance to hear your insights. I would appreciate the opportunity to connect and possibly discuss some topics further. Please let me know if you are available for a brief conversation. Thank you."
per-013,Dr. Thomas Peeters,,,"Invitation to Join Editorial Board – International Symposium on Cybersecurity Advances 2024, Vienna","Dear Dr. Thomas Peeters,

I hope this message finds you well. My name is Dr. Ingrid Schreiber, and I am writing on behalf of the organizing committee for the International Symposium on Cybersecurity Advances 2024, scheduled to take place from September 18th to 20th at the Vienna International Centre, Austria. The symposium is being coordinated in collaboration with the European Network for Cybersecurity Research (ENCR) and the Technical University of Vienna.

Given your distinguished contributions to the field of security research, particularly your recent work with the Leuven Institute for Information Security, we would be honored to invite you to join the editorial board for the symposium’s proceedings, which will be published by Springer Nature. Your expertise in cryptographic protocols and network defense would greatly enrich the review process and overall quality of the publication.

Should you require further information regarding the editorial responsibilities or the event itself, please do not hesitate to contact me. We sincerely hope you will consider this invitation.

Kind regards,

Dr. Ingrid Schreiber
Editorial Coordinator
International Symposium on Cybersecurity Advances 2024",Question about your work on secure network protocols,"I have been following your research on secure routing and intrusion detection in networked systems. Your recent work on adaptive methods for IoT security is especially relevant to my current project. I would appreciate your thoughts on practical challenges in this area. If you are open to a brief exchange, please let me know how best to connect.",Editorial Board Invitation,"Dear Dr. Peeters,

I am reaching out to let you know about an opportunity to join the editorial board of our publication. If you are interested, please let me know and I can provide more details. Thank you for considering this invitation.

Best regards,
"
per-064,Dr. Ahmed El-Sayed,"Invitation to Keynote: International Symposium on IoT Security Innovations – Berlin, September 2024","Dear Dr. Ahmed El-Sayed,

On behalf of the Organizing Committee of the International Symposium on IoT Security Innovations (ISISI 2024), to be held at the Fraunhofer Institute for Secure Information Technology, Berlin, from September 18-21, 2024, I am delighted to extend a formal invitation for you to deliver a keynote address. Your recent publication, ""Lightweight Authentication Schemes for Smart Home Devices,"" co-authored with Dr. Nourhan Hassan and funded by the Egyptian Science and Technology Development Fund, has garnered significant attention among our program reviewers, particularly in the context of scalable IoT security frameworks.

We believe your expertise, as demonstrated through your pioneering work at Cairo University, Egypt, will greatly enrich our sessions on next-generation authentication protocols. The symposium will feature distinguished speakers such as Prof. Markus Schneider (TU Munich), Dr. Elena Petrova (ETH Zurich), and Dr. Samuel Okafor (Imperial College London), and is supported by the European Network for Cybersecurity Research.

Kindly confirm your participation by completing the attached registration form by July 15, 2024. Should you require further details regarding travel grants or accommodation, please contact our Secretariat at isisi2024@fraunhofer.de.

We look forward to your esteemed contribution.

Sincerely,

Dr. Ingrid Weiss
Conference Chair, ISISI 2024
Fraunhofer SIT, Berlin",Invitation to the 2024 Global Cybersecurity Innovations Symposium in Zurich,"Dear Dr. Ahmed El-Sayed,

I hope this message finds you well. My name is Julia Reinhardt, and I am writing on behalf of the Organizing Committee for the 2024 Global Cybersecurity Innovations Symposium. We are delighted to announce that this year’s symposium will be held at the SwissTech Convention Center in Zurich, Switzerland, from September 18th to 20th, 2024.

The Global Cybersecurity Innovations Symposium is renowned for bringing together distinguished experts, including representatives from ETH Zurich, the European Union Agency for Cybersecurity (ENISA), and the International Telecommunication Union (ITU). The event will feature keynote addresses, panel discussions, and networking sessions focused on emerging trends in digital security, privacy frameworks, and international collaboration.

We would be honored to have your participation, given your esteemed work at Cairo University and your contributions to the field of cryptographic protocols. Please find the preliminary program and registration details attached. Should you have any questions, feel free to contact our coordinator, Ms. Lena Vogel, at symposium@cyberinnovations2024.org.

We look forward to your positive response.

Best regards,
Julia Reinhardt
Conference Coordinator",Question about your smart home security work,I read your recent paper on lightweight authentication for smart home devices. I am interested in your approach and would like to discuss possible collaboration. Can you share more details or a copy of your latest findings? Looking forward to your reply.,Upcoming Conference Event,"Dear Dr. El-Sayed,

I am writing to let you know about a conference that will be taking place soon. More details about the event will be shared later. Please let me know if you are interested or have any questions. Thank you for your attention.

Best regards,"
per-034,Dr. Tal Avraham,,,"Invitation to the 2024 International Symposium on Cyber Threat Intelligence, Zurich","Dear Dr. Tal Avraham,

I hope this message finds you well. My name is Dr. Miriam Schaefer, and I am writing on behalf of the organizing committee for the 2024 International Symposium on Cyber Threat Intelligence (ISCTI 2024), which will be held from September 18th to 20th at the Swiss Federal Institute of Technology (ETH Zurich), Switzerland. The symposium is supported by the European Network for Cybersecurity Research (ENCR) and the Zurich Information Security Forum (ZISF).

ISCTI 2024 aims to bring together leading experts, practitioners, and academics from institutions such as the Max Planck Institute for Security and Privacy, the University of Cambridge Cyber Security Centre, and the National Cyber Security Centre (NCSC) UK. The event will feature keynote addresses, panel discussions, and technical workshops on emerging trends in threat intelligence, incident response, and adversarial machine learning.

We would be honored to have your participation at ISCTI 2024. Please find the preliminary program and registration details attached. Should you have any questions, feel free to contact our committee at info@iscti2024.org.

Best regards,
Dr. Miriam Schaefer
ISCTI 2024 Organizing Committee",Question about your work on adaptive scheduling,I read your recent paper on adaptive scheduling in distributed machine learning. The approach you used for optimizing workloads is very relevant to my current research. I am interested in how you handled resource allocation in large-scale systems. Could you share more details or discuss your methods? I believe your insights could help with a similar problem I am facing.,Upcoming Conference Event,I wanted to let you know about an upcoming conference that may be of interest. Details about the event will be shared soon. Please let me know if you would like more information or have any questions. Looking forward to your response.
per-090,Dr. Sophie Martin,Collaboration Opportunity: Enhancing Post-Quantum Cryptography Security Measures,"Dear Dr. Sophie Martin,

I hope this message finds you well. I am writing to express my admiration for your recent paper, ""Evaluating Lattice-Based Cryptosystems Against Side-Channel Attacks,"" published under the auspices of the UK Engineering and Physical Sciences Research Council Grant. Your insightful analysis of cryptanalysis techniques and the resilience of lattice-based schemes significantly advances our understanding of post-quantum cryptography.

Given your expertise at the University of Cambridge and your contributions to the field, I would like to propose a collaborative research initiative aimed at developing enhanced side-channel attack mitigation strategies for emerging cryptosystems. Our team at the National Institute of Standards and Technology (NIST) has been focusing on similar challenges, particularly in the context of the NIST Post-Quantum Cryptography Standardization project.

I believe that combining our efforts could yield substantial advancements in securing cryptographic implementations against evolving threats. Would you be available for a virtual meeting next week to discuss potential collaboration avenues?

Thank you for considering this opportunity. I look forward to your positive response.

Best regards,

Dr. Michael Thompson
Senior Research Scientist
National Institute of Standards and Technology (NIST)
michael.thompson@nist.gov",Invitation to Review Manuscript for the 2024 Vienna Symposium on Cybersecurity Advances,"Dear Dr. Sophie Martin,

I hope this message finds you well. My name is Dr. Alan Becker, and I am serving as a program committee member for the upcoming Vienna Symposium on Cybersecurity Advances, scheduled to take place from September 12-14, 2024, at the Vienna International Centre, Austria. The symposium is organized in collaboration with the European Network for Cybersecurity Research (ENCR) and the Austrian Institute of Technology (AIT).

Given your extensive expertise in cryptographic protocols and your recent contributions to the Journal of Information Security, we would be honored if you could review a manuscript entitled ""Adaptive Threat Modeling in Distributed Ledger Environments."" The paper has been submitted for consideration at the symposium and aligns closely with your research interests.

Should you accept, we kindly request your review by August 10, 2024. Please let us know at your earliest convenience if you are available to assist. Your insights would be invaluable to maintaining the high standards of our event.

Thank you for considering this request.

Best regards,
Dr. Alan Becker
Vienna Symposium on Cybersecurity Advances Program Committee",Inquiry on Side-Channel Resilience in Lattice-Based Cryptosystems,"Dear Dr. Martin,

I am intrigued by your work on lattice-based cryptosystems and their vulnerability to side-channel attacks. Could you share insights on the most effective mitigation strategies identified in your research? I am exploring similar avenues and would appreciate your perspective.

Best regards,

[Your Name]",Request to Review Manuscript,"Dear Dr. Martin,

I hope this message finds you well. I am reaching out to ask if you would be willing to review a manuscript for our journal. Please let me know if you are available or need further details.

Thank you for considering this request.

Best regards,"
per-014,Dr. Anna Schmidt,,,Invitation to the 2024 Global Cybersecurity Innovations Forum in Vienna,"Dear Dr. Anna Schmidt,

I hope this message finds you well. I am writing to inform you about the upcoming Global Cybersecurity Innovations Forum, which will be held from September 18th to 20th, 2024, at the Austria Center Vienna, located in the heart of Vienna, Austria. This prestigious event is organized by the European Institute for Digital Security in collaboration with the Vienna University of Technology and the International Cyber Defense Alliance.

The forum will feature keynote addresses from renowned experts such as Prof. Lars Becker (ETH Zurich) and Dr. Maria Rossi (Politecnico di Milano), as well as panel discussions on emerging threats, quantum-safe cryptography, and cross-border policy frameworks. Additionally, there will be networking sessions and a technology showcase sponsored by SecureTech Solutions and CyberGuard AG.

We would be honored to have your participation at this distinguished gathering. Please find the preliminary agenda and registration details attached. Should you have any questions, feel free to contact our event coordinator, Ms. Sophie Lang, at events@eidsforum.eu.

Best regards,

Thomas Keller
Conference Secretariat
Global Cybersecurity Innovations Forum",Question about your IoT security research,"I read your recent work on intrusion detection for IoT networks. Your approach to adaptive systems is very relevant to ongoing projects in this area. I am interested in discussing possible collaboration or sharing ideas, especially around secure protocols and encrypted communication. If you are open to a short call, please let me know your availability.",Upcoming Conference Event,I am writing to let you know about an upcoming conference that may be of interest. More details about the event will be shared soon. Please let me know if you have any questions or would like further information. Thank you for your attention.
per-065,Dr. Sophie Martin,"Invitation to Keynote: International Symposium on Post-Quantum Cryptography, Zurich 2024","Dear Dr. Sophie Martin,

On behalf of the Organizing Committee of the 12th International Symposium on Post-Quantum Cryptography (ISPQC 2024), to be held at ETH Zurich, Switzerland, from September 18-21, 2024, I am delighted to extend a formal invitation for you to deliver a keynote address. Your recent publication, ""Evaluating Lattice-Based Cryptosystems Against Side-Channel Attacks,"" co-authored with Dr. Thomas Green and funded by the UK Engineering and Physical Sciences Research Council Grant, has garnered significant attention within the cryptographic research community. We believe your expertise in cryptanalysis and post-quantum cryptography aligns perfectly with the symposium’s focus this year, which includes sessions on advanced lattice-based schemes, quantum-resilient protocols, and side-channel mitigation strategies.

The keynote session is scheduled for September 19th at the ETH Zurich Main Auditorium, with distinguished attendees from institutions such as MIT, INRIA, and the Max Planck Institute. Kindly confirm your participation by completing the attached registration form and submitting your abstract by July 15, 2024. Should you require any assistance regarding travel or accommodation, please contact our logistics coordinator, Ms. Elena Fischer, at elena.fischer@ispqc2024.org.

We look forward to your affirmative response and to welcoming you to Zurich.

Sincerely,

Prof. Markus Keller
Chair, ISPQC 2024 Organizing Committee
ETH Zurich","Proposal for Collaborative Research Following the CyberSec Innovations Forum 2024, Geneva","Dear Dr. Sophie Martin,

I hope this message finds you well. My name is Alex Chen, and I am a research fellow at the Institute for Advanced Security Studies, University of Amsterdam. I had the pleasure of attending your insightful keynote on quantum-resistant cryptography at the CyberSec Innovations Forum 2024, held on May 14th at the Palexpo Convention Center in Geneva. Your discussion on the integration of lattice-based algorithms within distributed systems was particularly inspiring.

Given our shared interests, I am reaching out to propose a potential research collaboration between your team at École Polytechnique Fédérale de Lausanne and our group. We are currently exploring novel frameworks for post-quantum secure communications, and I believe a partnership could yield significant advancements in this domain.

If you are open to discussing this further, I would be delighted to arrange a virtual meeting at your convenience. Thank you for considering this proposal, and I look forward to the possibility of working together.

Best regards,
Alex Chen
Institute for Advanced Security Studies
University of Amsterdam",Question about your cryptosystem research,I read your recent work on lattice-based cryptosystems and side-channel attacks. I am interested in your findings and would like to discuss some details. Could you please open the attached file and let me know your thoughts? Thank you for your time.,Possible Research Collaboration,"Dear Dr. Martin,

I am reaching out to see if you might be interested in discussing a potential research collaboration. I believe our areas of work could align well. Please let me know if you would be open to a conversation about this.

Best regards,

[Your Name]"
per-091,Dr. Jorge Ramirez,Collaboration Opportunity: Enhancing Automated Buffer Overflow Detection Techniques,"Dear Dr. Jorge Ramirez,

I hope this message finds you well. I am reaching out to commend your insightful paper, ""Automated Detection of Buffer Overflow Vulnerabilities Using Static Analysis,"" published under the Universidad Nacional Autónoma de México. Your innovative approach to software security and vulnerability analysis significantly advances the field, particularly in the context of static analysis methodologies.

Given your expertise and the support from the CONACYT Research Grant, I believe there is a valuable opportunity for collaboration between your team and our research group at the Cybersecurity Institute of Stanford University. Our recent work focuses on integrating machine learning algorithms with static analysis tools to improve detection accuracy and reduce false positives in buffer overflow vulnerability identification.

I would be honored to discuss potential joint research initiatives, grant applications, or knowledge exchange programs that could mutually benefit our institutions and contribute to the broader cybersecurity community.

Please let me know a convenient time for a virtual meeting to explore these possibilities further.

Thank you for your consideration.

Best regards,

Dr. Emily Chen
Senior Research Scientist
Cybersecurity Institute
Stanford University
emily.chen@stanford.edu
+1 (650) 555-1234","Invitation to Participate: Workshop on Emerging Security Paradigms, July 18, 2024, Lisbon","Dear Dr. Jorge Ramirez,

I hope this message finds you well. My name is Dr. Elena Kovacs, and I am writing on behalf of the organizing committee for the International Workshop on Emerging Security Paradigms (IWESP 2024), scheduled to take place on July 18, 2024, at the Instituto Superior Técnico in Lisbon, Portugal. We are reaching out to a select group of distinguished researchers, including yourself, whose work at the Universidad Nacional Autónoma de México has significantly contributed to the advancement of security research.

The workshop aims to foster dialogue on current research trends, with sessions featuring keynote addresses, panel discussions, and interactive forums. Esteemed colleagues from institutions such as ETH Zurich, Carnegie Mellon University, and the University of Tokyo will also be in attendance. We believe your insights would greatly enrich the discourse, particularly in areas intersecting with your recent publications.

Please let us know if you are available to join us in Lisbon. We would be delighted to provide further details regarding the program and logistics.

Kind regards,

Dr. Elena Kovacs
IWESP 2024 Organizing Committee",Inquiry on Automated Vulnerability Detection Techniques,"Dear Dr. Ramirez, I am impressed by your work on automated detection of buffer overflow vulnerabilities using static analysis. I am exploring similar approaches and would appreciate your insights on current challenges in this area. Could we discuss potential collaboration or guidance related to your research? Looking forward to your response.",Workshop Invitation,"Dear Dr. Ramirez,

I am reaching out to let you know about an upcoming workshop that will focus on recent developments in research. We would be pleased if you could join us. Please let me know if you are interested or need more details.

Best regards,
"
per-035,Dr. Pedro Santos,,,Proposal for Collaborative Research: Security Innovations Post-CyberSec Europe 2024,"Dear Dr. Pedro Santos,

I hope this message finds you well. My name is Dr. Elena Kovacs, currently affiliated with the Institute for Advanced Cybersecurity Studies at the University of Vienna. I had the pleasure of attending your insightful keynote on adaptive threat modeling at the International Symposium on Digital Security, held on May 14, 2024, in Lisbon, Portugal. Your perspectives on integrating machine learning with traditional security frameworks resonated deeply with my ongoing projects.

In light of the stimulating discussions at the symposium, I am reaching out to propose a potential research collaboration between our teams. I believe that by combining our expertise, particularly in the areas highlighted during the event, we could contribute significantly to the evolving landscape of security research. I am particularly interested in exploring joint grant opportunities and co-authoring publications for upcoming conferences such as the Global Cyber Defense Forum 2025 in Berlin.

Please let me know if you would be open to a preliminary discussion. I look forward to the possibility of working together.

Best regards,
Dr. Elena Kovacs
Institute for Advanced Cybersecurity Studies
University of Vienna",Question about your work in ML systems,"I have read your recent paper on scalable machine learning systems. Your approach to improving pipeline efficiency is very relevant to my current project. I am interested in discussing some technical details and possible collaboration. If you are open to a short call or email exchange, please let me know your availability.",Research Collaboration Inquiry,"Dear Dr. Santos,

I am reaching out to see if you might be interested in discussing a possible research collaboration. I believe there could be some shared interests that we could explore together. Please let me know if you would be open to a conversation about this.

Best regards,"
per-015,Dr. Maya Barak,,,Exploring Collaborative Opportunities in Security Research Post-CyberSecCon 2024,"Dear Dr. Maya Barak,

I hope this message finds you well. My name is Jonathan Lee, and I am a faculty member at the Department of Computer Science, University of Edinburgh. I had the pleasure of attending your insightful keynote on ""Adaptive Threat Modeling in Distributed Systems"" at the International Symposium on Digital Security (ISDS) 2024, held on May 14th at the Palais des Congrès de Montréal, Canada. Your perspectives on proactive defense mechanisms resonated deeply with my current research interests.

Given the thematic overlap between your recent work and ongoing projects within my research group, I am reaching out to explore the possibility of a collaborative research initiative. I believe that a partnership could yield significant advancements, particularly in the context of emerging security paradigms. I would be delighted to discuss potential avenues for collaboration, perhaps via a virtual meeting at your convenience.

Thank you for considering this proposal. I look forward to the opportunity to engage with you further.

Best regards,
Jonathan Lee
Department of Computer Science
University of Edinburgh",Question about your work on secure routing,I read your recent paper on secure routing in network defense. Your approach to handling threats in this area is very relevant to my current project. I am interested in how you address specific challenges in your research. Could you share more details or discuss your methods? I believe your experience could help improve my understanding.,Possible Research Collaboration,"Hello, I am reaching out to see if you might be interested in working together on a research project. If you are open to discussing this idea, please let me know. I would appreciate the chance to talk about possible topics and how we could collaborate. Thank you."
per-066,Dr. Jorge Ramirez,Invitation to Present at the 2024 International Symposium on Software Security (ISSS) – Special Session on Automated Vulnerability Detection,"Dear Dr. Jorge Ramirez,

On behalf of the Organizing Committee of the 2024 International Symposium on Software Security (ISSS), to be held at the Massachusetts Institute of Technology (MIT), Cambridge, USA, from September 18-21, 2024, we are honored to extend a formal invitation for you to present your recent work, ""Automated Detection of Buffer Overflow Vulnerabilities Using Static Analysis,"" co-authored with Dr. Lucia Torres. Your pioneering research at the Universidad Nacional Autónoma de México, particularly in the domain of software security and vulnerability analysis, has garnered significant attention within the academic community, especially following your receipt of the prestigious CONACYT Research Grant in March 2023.

We are organizing a special session on ""Advances in Automated Vulnerability Detection,"" chaired by Prof. Michael Chen (Stanford University) and Dr. Priya Nair (University of Oxford). We believe your expertise and recent contributions would greatly enrich the discourse. Kindly confirm your participation by completing the attached registration form by July 10, 2024. For further details, please access the secure portal at https://isss2024-mit.org/registration/ramirez using your institutional credentials.

We look forward to your valuable participation.

Sincerely,
Dr. Emily Foster
Conference Chair, ISSS 2024
Massachusetts Institute of Technology","Invitation to Speak at the 2024 Cybersecurity Innovations Seminar, Santiago","Dear Dr. Jorge Ramirez,

I hope this message finds you well. My name is Elena Morales, and I am the Program Coordinator for the Cybersecurity Innovations Seminar 2024, organized by the Latin American Institute of Digital Security (LAIDS). We are delighted to extend an invitation for you to serve as a distinguished speaker at our upcoming event, which will be held on September 12, 2024, at the Gran Hotel Santiago, Chile.

Given your extensive research on cryptographic protocols and your recent publication in the Journal of Secure Computing, we believe your insights would greatly enrich our seminar. The event will feature keynote addresses from leading experts such as Prof. Ana Castillo (Universidad de Buenos Aires) and Dr. Lucas Pereira (Federal University of Rio de Janeiro), and will be attended by professionals from organizations including the Chilean National Cybersecurity Agency and the Inter-American Development Bank.

We would be honored to discuss further details at your convenience. Thank you for considering our invitation.

Best regards,
Elena Morales
Program Coordinator, LAIDS",Question about your buffer overflow research,I read your recent work on automated detection of buffer overflow issues. I am interested in learning more about your approach and possible applications. Could you share more details or any extra material? I would like to discuss some ideas related to your research. Thank you.,Invitation to Speak at Seminar,"Hello, I am reaching out to see if you would be interested in giving a talk at an upcoming seminar. We would appreciate your participation. Please let me know if you are available or need more details. Thank you for considering this invitation."
per-036,Dr. Tariq Hassan,,,"Invitation to Speak at the 2024 Cybersecurity Innovations Seminar, Toronto Metropolitan University","Dear Dr. Tariq Hassan,

I hope this message finds you well. My name is Priya Desai, and I am the coordinator for the upcoming Cybersecurity Innovations Seminar, scheduled to take place on September 18, 2024, at the Ted Rogers School of Management, Toronto Metropolitan University, Toronto, Ontario. This annual event is organized in collaboration with the Canadian Institute for Cybersecurity and the Ontario Centre for Digital Trust, and it aims to bring together leading experts, researchers, and practitioners in the field of security research.

Given your distinguished contributions to network security and your recent work with the Secure Systems Lab at the University of Calgary, we would be honored to invite you as a featured speaker. Your insights on adaptive threat modeling would greatly enrich our program, which also includes sessions led by Dr. Emily Zhang (McGill University) and Prof. Michael O’Connor (University of Waterloo).

Please let us know your availability and any requirements you may have. We look forward to the possibility of welcoming you to Toronto this September.

Best regards,

Priya Desai
Seminar Coordinator
Cybersecurity Innovations Seminar 2024",Question about your edge computing and ML work,I read your recent paper on distributed machine learning for edge computing. Your approach to optimizing systems in this area is very relevant to my current work. I am interested in your methods and would like to discuss possible collaboration or get your feedback on a related project. Please let me know if you are open to a short conversation.,Invitation to Speak at Upcoming Seminar,"I am reaching out to ask if you would be interested in giving a talk at our seminar. We believe your insights would be valuable for our audience. Please let us know if you are available, and we can discuss further details. Thank you for considering this invitation."
per-092,Dr. Elena Ivanova,Collaboration Opportunity on Privacy Enhancing Technologies Inspired by Your ZKP Research,"Dear Dr. Elena Ivanova,

I hope this message finds you well. I am writing to express my admiration for your recent paper, ""Decentralized Identity Management with Zero-Knowledge Proofs,"" published under the Finnish Academy of Science Research Grant. Your innovative approach to privacy enhancing technologies, particularly in the context of decentralized systems, aligns closely with our ongoing research at the Helsinki Institute for Information Security.

Given your expertise and the groundbreaking nature of your work, I would like to propose a collaborative research initiative aimed at advancing zero-knowledge proof applications in identity management. Our team, including experts from the University of Cambridge, MIT, and the Max Planck Institute, is keen to explore synergies that could lead to impactful advancements in this domain.

Would you be available for a virtual meeting next week to discuss potential collaboration frameworks? Your insights would be invaluable, and I am confident that together we can contribute significantly to the field.

Thank you for considering this opportunity. I look forward to your positive response.

Best regards,

Dr. Michael Andersen
Senior Researcher
Helsinki Institute for Information Security
michael.andersen@hiis.fi",Nomination for the Aurora Security Excellence Award at the 2024 CyberFrontiers Symposium,"Dear Dr. Elena Ivanova,

I hope this message finds you well. My name is Jonathan Lee, and I am writing on behalf of the International Society for Cybersecurity Advancement (ISCA). It is my distinct pleasure to inform you that you have been nominated for the prestigious Aurora Security Excellence Award, which will be presented during the upcoming CyberFrontiers Symposium, scheduled for September 18-20, 2024, at the Grand Baltic Conference Center in Riga, Latvia.

Your extensive contributions to the field of cryptographic protocol analysis and your leadership within the Secure Systems Laboratory at the University of Helsinki have garnered significant recognition among your peers. The ISCA Awards Committee, chaired by Prof. Maria Sanchez, was particularly impressed by your recent work on post-quantum authentication frameworks.

Should you require further information regarding the nomination process or the event itinerary, please do not hesitate to contact me or our event coordinator, Ms. Petra Novak. We look forward to celebrating your achievements at the CyberFrontiers Symposium.

Warm regards,

Jonathan Lee
Awards Liaison, ISCA",Inquiry on Privacy Enhancing Technologies Research,"Dear Dr. Ivanova, I am impressed by your work on decentralized identity management using zero-knowledge proofs. I am exploring related privacy enhancing technologies and would appreciate the opportunity to discuss your insights and potential collaboration. Could we arrange a brief meeting to explore this further? Looking forward to your response.",Award Nomination Notification,I am writing to let you know that you have been nominated for an award by a professional society. Please let me know if you need any further details or have any questions about the process. Congratulations on this recognition. Looking forward to your response.
per-016,Dr. Mariana Costa,,,"Invitation to Speak at the 2024 Cybersecurity Horizons Seminar, Lisbon, 18 September","Dear Dr. Mariana Costa,

I hope this message finds you well. My name is João Pereira, and I am writing on behalf of the organizing committee for the Cybersecurity Horizons Seminar 2024, scheduled to take place at the Fundação Calouste Gulbenkian in Lisbon on 18 September 2024. We have been following your impactful work at the Instituto Superior Técnico, particularly your recent research on adaptive threat intelligence frameworks, which has garnered significant attention in the European cybersecurity community.

It would be a great honor to invite you as a distinguished speaker for our seminar. The event will bring together leading experts from organizations such as INESC-ID, the European Union Agency for Cybersecurity (ENISA), and the University of Porto, aiming to foster dialogue on emerging trends and collaborative strategies in digital security. We believe your insights would greatly enrich our program and inspire both academic and industry participants.

Please let us know if you would be available to join us in Lisbon. We look forward to your positive response.

Kind regards,
João Pereira
Cybersecurity Horizons Seminar 2024 Committee",Question about your work on secure routing,I read your recent paper on secure routing in network systems. Your approach to protecting critical infrastructure is very relevant to my current project. I am interested in how you address threats in large-scale deployments. Would you be open to sharing more details or discussing possible collaboration? Please let me know if you are available.,Invitation to Speak at Seminar,I am reaching out to ask if you would be interested in giving a talk at an upcoming seminar. We would appreciate your participation. Please let me know if you are available or need more details. Thank you for considering this invitation.
per-067,Dr. Elena Ivanova,Invitation to Keynote at the 2024 International Symposium on Privacy Enhancing Technologies – Special Recognition for Recent Contributions,"Dear Dr. Elena Ivanova,

On behalf of the Organizing Committee of the 2024 International Symposium on Privacy Enhancing Technologies (ISPET), to be held at the Massachusetts Institute of Technology, Cambridge, USA, from September 18-21, 2024, I am delighted to extend a formal invitation for you to deliver a keynote address. Your recent publication, ""Decentralized Identity Management with Zero-Knowledge Proofs,"" co-authored with Dr. Mikko Laine and supported by the Finnish Academy of Science Research Grant, has garnered significant attention among our program reviewers and the broader privacy research community.

We are particularly interested in your innovative approaches to privacy-preserving authentication and decentralized identity frameworks, which align closely with the symposium’s central themes. As a distinguished faculty member at the University of Helsinki, your expertise in Privacy Enhancing Technologies would provide invaluable insights to our attendees, including representatives from the European Data Protection Board, NIST, and the World Privacy Forum.

To confirm your participation and receive the official invitation letter, please complete the attached form by July 10, 2024. Should you have any questions, kindly contact our Academic Liaison, Prof. Laura Chen, at laura.chen@ispetsymposium.org.

We look forward to your positive response and to celebrating your outstanding contributions at ISPET 2024.

Sincerely,
Dr. Samuel Rodriguez
Chair, ISPET 2024 Organizing Committee
Massachusetts Institute of Technology",Call for Papers: Special Issue on Emerging Trends in Cybersecurity at the Baltic Security Symposium 2024,"Dear Dr. Elena Ivanova,

I hope this message finds you well. My name is Dr. Samuel Richter, and I am writing on behalf of the editorial committee for the upcoming special issue of the International Journal of Cyber Defense, which will be published in conjunction with the Baltic Security Symposium 2024. The symposium is scheduled to take place from September 12-14, 2024, at the Radisson Blu Hotel in Riga, Latvia.

We are currently seeking high-quality submissions that address innovative methodologies, frameworks, and case studies in the field of cybersecurity, with a particular emphasis on cross-border digital threats and collaborative defense mechanisms. The special issue aims to bring together leading academics, practitioners, and policymakers to foster dialogue and share insights on the latest advancements in the discipline.

We would be honored if you could consider submitting your recent work or encouraging your colleagues at the St. Petersburg Institute of Information Security to participate. Please find the detailed call for papers and submission guidelines attached.

Thank you for your attention, and we look forward to your valuable contribution.

Best regards,
Dr. Samuel Richter
Guest Editor, International Journal of Cyber Defense",Question about your recent work,I read your paper on decentralized identity and zero-knowledge proofs. I am interested in learning more about your approach. Could you share some details or resources? I would like to discuss possible collaboration or get your advice for my own project. Thank you for your time.,Special Issue Paper Submission Opportunity,"I am reaching out to let you know about a call for papers for an upcoming special issue. If you are interested, please consider submitting your work. More details can be provided if needed. Thank you for your attention to this announcement."
per-037,Dr. Robert Kim,,,"Invitation to Submit: Special Issue on Cybersecurity Innovations – PacificSec 2024, Honolulu","Dear Dr. Robert Kim,

I hope this message finds you well. My name is Dr. Elaine Park, and I am serving as a guest editor for the upcoming special issue of the Journal of Advanced Security Studies, in collaboration with the organizing committee of PacificSec 2024. The conference will be held from September 12-15, 2024, at the Hawaii Convention Center in Honolulu, Hawaii.

We are currently inviting submissions for our special issue entitled ""Emerging Paradigms in Cybersecurity: Challenges and Opportunities."" This issue aims to showcase innovative research presented at PacificSec 2024, as well as contributions from leading experts in the field. We are particularly interested in original manuscripts addressing novel approaches to threat detection, secure system architectures, and privacy-preserving technologies.

Should you be interested, please submit your manuscript by August 1, 2024, via the journal’s online portal. For further details regarding submission guidelines and review timelines, kindly refer to the attached call for papers or visit our website.

We look forward to your valuable contribution.

Best regards,
Dr. Elaine Park
Guest Editor, Journal of Advanced Security Studies",Question about your work on edge ML systems,I read your recent work on distributed machine learning for edge environments. The way you address system optimization is very relevant to my current project. I am interested in how you handle adaptive frameworks in this context. Would you be open to sharing more about your approach or discussing possible collaboration? Please let me know if you are available for a short call.,Special Issue Paper Submission Opportunity,"I am writing to let you know about a call for papers for an upcoming special issue. If you are interested, please consider submitting your work. More details can be provided if needed. Thank you for your attention to this announcement."
per-093,Dr. Kwame Mensah,Collaboration Opportunity: Enhancing National Cybersecurity Capacity in Africa,"Dear Dr. Kwame Mensah,

I hope this message finds you well. I recently had the opportunity to study your insightful paper, ""Frameworks for National Cybersecurity Capacity Building in Africa,"" published through the University of Ghana. Your analysis of policy frameworks and governance models resonates deeply with ongoing initiatives supported by the African Development Bank Research Support Program.

Given your expertise in cybersecurity policy and governance, I am reaching out to explore potential collaboration opportunities aimed at advancing national cybersecurity capacity across African nations. Our team at the Cybersecurity Policy Institute, in partnership with the African Union and the International Telecommunication Union, is currently developing a comprehensive framework that aligns with the objectives outlined in your research.

We believe that your contributions could significantly enhance the impact and scalability of this initiative. I would welcome the opportunity to discuss this further and explore how we might work together to strengthen cybersecurity resilience in the region.

Please let me know a convenient time for a virtual meeting.

Best regards,

Dr. Amina Diallo
Senior Research Fellow
Cybersecurity Policy Institute
Email: a.diallo@cpi.org
Phone: +1-202-555-0147","Invitation to Join Editorial Board – International Symposium on Cybersecurity Advances 2024, Accra","Dear Dr. Kwame Mensah,

I hope this message finds you well. My name is Dr. Helena Okafor, and I am writing on behalf of the organizing committee for the International Symposium on Cybersecurity Advances 2024, scheduled to take place from September 12th to 14th at the Movenpick Ambassador Hotel in Accra, Ghana. The symposium is being coordinated in collaboration with the African Network for Information Security (ANIS) and the University of Ghana’s Department of Computer Science.

Given your distinguished contributions to the field of network security and your recent work with the West African Cybersecurity Initiative, we would be honored to invite you to join the editorial board for the symposium’s proceedings. The board will oversee the peer review process and contribute to shaping the academic direction of the event’s published materials.

We believe your expertise would be invaluable to our efforts. Please let us know if you are interested in this opportunity. Further details regarding responsibilities and timelines will be provided upon your confirmation.

Thank you for considering this invitation.

Best regards,
Dr. Helena Okafor
Editorial Coordinator
International Symposium on Cybersecurity Advances 2024",Inquiry on Cybersecurity Capacity Building Research,"Dear Dr. Mensah,

I am impressed by your work on national cybersecurity capacity frameworks. Could you share insights on key challenges faced in policy implementation across diverse regions? Your perspective would greatly aid our ongoing research.

Best regards,

[Your Name]",Editorial Board Invitation,"I am reaching out to let you know about an opportunity to join the editorial board of a publication. If you are interested, please let me know and I can share more details. Thank you for considering this invitation. I look forward to your response."
per-017,Dr. Fatima Al Mazrouei,,,Invitation: Call for Papers – Special Issue on Cybersecurity at the 2024 Abu Dhabi Digital Security Symposium,"Dear Dr. Fatima Al Mazrouei,

I hope this message finds you well. My name is Dr. Samuel Chen, and I am writing on behalf of the editorial committee for the upcoming special issue of the International Journal of Cyber Threat Analysis, in conjunction with the 2024 Abu Dhabi Digital Security Symposium, scheduled for 18–20 November 2024 at the Emirates Palace Conference Centre, Abu Dhabi, United Arab Emirates.

We are currently seeking high-quality submissions that address emerging trends and innovative methodologies in the field of cybersecurity, with a particular emphasis on regional and global threat landscapes. The special issue aims to showcase pioneering research presented at the symposium, as well as invited contributions from distinguished experts such as yourself.

We would be honored if you would consider submitting a manuscript or encouraging your colleagues at Khalifa University to participate. Please find the detailed call for papers and submission guidelines attached. Should you have any questions, do not hesitate to contact me or our editorial coordinator, Ms. Leila Hassan.

Thank you for your attention, and we look forward to your valuable contribution.

Best regards,
Dr. Samuel Chen
Guest Editor, International Journal of Cyber Threat Analysis",Interest in your work on AI and network security,I read your recent paper on adaptive intrusion detection for IoT in smart cities. Your approach to AI-driven threat detection is very relevant to current network security issues. I am interested in discussing possible collaboration on AI and blockchain solutions for urban networks. Would you be open to a short call to share ideas?,Special Issue Paper Submission,"I am writing to let you know about a call for papers for an upcoming special issue. If you are interested, please consider submitting your work. More details can be provided if needed. Thank you for your attention to this opportunity."
per-068,Dr. Kwame Mensah,Invitation to Present at the 2024 Pan-African Cybersecurity Policy Symposium – Special Session on Capacity Building,"Dear Dr. Kwame Mensah,

On behalf of the Organizing Committee of the Pan-African Cybersecurity Policy Symposium 2024, to be held at the Kigali Convention Centre, Rwanda, from 18-21 September 2024, we are honored to extend a formal invitation for you to present your recent work, ""Frameworks for National Cybersecurity Capacity Building in Africa,"" co-authored with Dr. Ama Boateng. Your pioneering research in cybersecurity policy and governance at the University of Ghana, particularly under the auspices of the African Development Bank Research Support Program, has garnered significant attention among our academic partners, including the African Union Commission, ECOWAS Cybersecurity Taskforce, and the International Telecommunication Union.

We are especially interested in your insights on national capacity-building frameworks, which align closely with the symposium’s special session chaired by Prof. Jean-Paul Niyonzima (University of Rwanda) and Dr. Fatima El-Hassan (African Cyber Policy Institute). Kindly confirm your participation by completing the attached registration form and submitting your extended abstract by 30 June 2024. For further details, please access the secure symposium portal via the link below.

We look forward to your valuable contribution.

Sincerely,
Dr. Samuel Okoro
Conference Secretariat
Pan-African Cybersecurity Policy Symposium 2024",Request for Feedback on Manuscript – Insights from the Nairobi Cybersecurity Symposium 2024,"Dear Dr. Kwame Mensah,

I hope this message finds you well. My name is Priya Shah, a doctoral candidate at the University of Cape Town, specializing in network security protocols. I had the pleasure of attending your keynote presentation on ""Emerging Threats in African Digital Infrastructures"" at the Nairobi Cybersecurity Symposium, held on 12 March 2024 at the Kenyatta International Convention Centre. Your insights on adaptive threat modeling were particularly inspiring and have significantly influenced my current research trajectory.

I am reaching out to kindly request your expert feedback on a draft manuscript I am preparing for submission to the Journal of Information Security. The paper, tentatively titled ""Context-Aware Intrusion Detection in Distributed IoT Environments,"" seeks to build upon some of the frameworks you discussed during the symposium. Your perspective would be invaluable in refining the theoretical underpinnings and practical implications of my work.

If you are available, I would be grateful for any comments or suggestions you might have. Thank you very much for considering my request.

Best regards,
Priya Shah
University of Cape Town",Question about your recent cybersecurity paper,I read your paper on national cybersecurity frameworks and found it very interesting. I have some questions about your research and would like to discuss possible collaboration. Please open the attached file for more details and let me know your thoughts. Looking forward to your reply.,Request for Comments on Draft,"Dear Dr. Mensah,

I hope you are well. I am writing to ask if you could take a look at my draft manuscript and share any thoughts or suggestions you might have. Your feedback would be very helpful. Please let me know if you need any details.

Best regards,"
per-038,Dr. Lars Andersson,,,"Request for Feedback on Manuscript Draft – Nordic Cybersecurity Symposium 2024, Oslo","Dear Dr. Lars Andersson,

I hope this message finds you well. My name is Emily Chen, a doctoral candidate at the Department of Computer Science, University of Edinburgh. I am reaching out to kindly request your expert feedback on a draft manuscript I am preparing for submission to the upcoming Nordic Cybersecurity Symposium 2024, scheduled to take place from September 18–20 at the Oslo Congress Centre, Norway.

Given your extensive research on cryptographic protocols and your recent keynote at the Stockholm Secure Systems Workshop, I believe your insights would be invaluable in refining my work. The manuscript, entitled ""Adaptive Threat Modeling in Distributed Ledger Environments,"" explores novel approaches to risk assessment in blockchain-based systems, referencing recent findings from the European Network for Cybersecurity.

If you are available, I would greatly appreciate your comments or suggestions by July 15, 2024, to ensure timely submission. Please let me know if you require any additional information or if there is a preferred format for your review.

Thank you very much for considering my request.

Best regards,
Emily Chen
University of Edinburgh",Question about your work on distributed ML for edge systems,I read your recent paper on optimizing distributed ML for edge computing. Your approach to resource allocation in these systems is very relevant to my current project. I am interested in how you handle deployment challenges in real-world edge environments. Would you be open to a short call to discuss your methods and possible collaboration?,Request for Comments on Draft,"Hello, I am reaching out to ask if you could take a look at my draft manuscript. I would appreciate any thoughts or suggestions you might have. Please let me know if you need any additional information. Thank you for your time and consideration."
per-094,Dr. Isabella Rossi,Collaboration Opportunity on Embedded Systems Security Research under Horizon Europe Grant,"Dear Dr. Isabella Rossi,

I hope this message finds you well. I am writing to express my admiration for your recent paper, ""Securing Automotive Embedded Systems Against Remote Attacks,"" published through Politecnico di Milano. Your innovative approach to mitigating vulnerabilities in automotive embedded systems aligns closely with our ongoing research initiatives.

As part of a consortium funded by the European Union Horizon Europe Grant, we are currently exploring advanced security frameworks for embedded systems within the automotive sector. Given your expertise and significant contributions to embedded systems security, particularly in remote attack prevention, we believe a collaboration could yield impactful results.

We are keen to discuss potential joint research projects, knowledge exchange, and co-authorship opportunities that leverage our combined strengths. Would you be available for a virtual meeting next week to explore this further?

Thank you for considering this opportunity. I look forward to your positive response.

Best regards,

Dr. Michael Thompson
Senior Researcher
Cybersecurity Division
European Institute of Technology
Email: michael.thompson@eit.europa.eu
Phone: +32 2 123 4567",Invitation to the 2024 Global Cybersecurity Innovations Forum in Milan,"Dear Dr. Isabella Rossi,

I hope this message finds you well. My name is Jonathan Lee, and I am reaching out on behalf of the organizing committee for the Global Cybersecurity Innovations Forum 2024. We are delighted to announce that this year’s event will be held at the Palazzo delle Stelline in Milan, Italy, from September 18th to 20th, 2024.

The forum will feature keynote addresses from renowned experts such as Prof. Elena Bianchi (Politecnico di Torino) and Dr. Markus Feldmann (Fraunhofer SIT), as well as panel discussions on emerging trends in threat intelligence, quantum-safe cryptography, and AI-driven security solutions. We are also excited to host interactive workshops led by representatives from the European Union Agency for Cybersecurity (ENISA) and the Cybersecurity Tech Accord.

We would be honored to have your participation at this prestigious gathering. Please find the preliminary agenda and registration details attached. Should you have any questions, feel free to contact our coordinator, Ms. Laura Conti, at laura.conti@gcif2024.org.

Best regards,
Jonathan Lee
Conference Coordinator
Global Cybersecurity Innovations Forum 2024",Inquiry on Embedded Systems Security Research,"Dear Dr. Rossi,

I am impressed by your work on securing automotive embedded systems against remote attacks. I am exploring related security challenges and would appreciate your insights on emerging threats in this domain. Could we discuss potential collaboration opportunities or recent findings?

Best regards,

[Your Name]",Upcoming Conference Event,I am writing to let you know about an upcoming conference that may be of interest. More details will be shared soon. Please let me know if you would like further information or have any questions about the event. Thank you for your attention.
per-018,Dr. Michael Chen,,,"Request for Feedback on Manuscript Draft – CyberSec Innovations Symposium 2024, Toronto","Dear Dr. Michael Chen,

I hope this message finds you well. My name is Emily Park, a doctoral candidate at the University of British Columbia, specializing in network security protocols. I am reaching out to kindly request your expert feedback on a draft manuscript I am preparing for submission to the upcoming CyberSec Innovations Symposium 2024, scheduled for September 18-20 at the Metro Toronto Convention Centre, Toronto, Ontario.

Given your extensive work on intrusion detection systems and your recent keynote at the IEEE SecureCom Conference in Montreal, I believe your insights would be invaluable in refining my analysis and strengthening the theoretical framework. The manuscript, tentatively titled ""Adaptive Threat Modeling in Distributed IoT Environments,"" aims to contribute to ongoing discussions in the field, particularly those highlighted during the recent ACM SIGSAC Workshop in Vancouver.

If you are available, I would greatly appreciate any comments or suggestions you might have. Please let me know if you require any additional information or supporting materials.

Thank you very much for your time and consideration.

Best regards,
Emily Park
University of British Columbia",Question about your work on secure routing protocols,"I have been following your research in secure routing and encrypted communication. Your recent paper in this area was very relevant to my current project. I am interested in discussing possible collaboration or feedback on related work. If you are available, could you reply with your thoughts or suggest a time to connect?",Request for Comments on Draft,"Hello, I am reaching out to ask if you could take a look at my draft manuscript. I would appreciate any thoughts or suggestions you might have. Please let me know if you have time to review it. Thank you for considering my request."
per-069,Dr. Isabella Rossi,"Invitation to Keynote: International Symposium on Automotive Embedded Security – Berlin, September 2024","Dear Dr. Isabella Rossi,

On behalf of the Organizing Committee of the 12th International Symposium on Automotive Embedded Security (IS-AES 2024), to be held at the Fraunhofer Institute for Secure Information Technology, Berlin, from September 18-21, 2024, I am delighted to extend a formal invitation for you to deliver a keynote address. Your recent publication, ""Securing Automotive Embedded Systems Against Remote Attacks,"" co-authored with Dr. Marco Bianchi and funded by the European Union Horizon Europe Grant, has garnered significant attention within the embedded systems security community. We believe your expertise, particularly in the context of advanced vehicular threat mitigation, aligns perfectly with the symposium’s focus this year.

Distinguished speakers such as Prof. Elena Müller (ETH Zurich), Dr. Ahmed El-Sayed (TU Delft), and representatives from the European Network for Cybersecurity will also be presenting. We would be honored to feature your insights during the plenary session on September 19th at the Hauptgebäude Auditorium.

Kindly confirm your participation by completing the attached registration form by July 15, 2024. Should you require further details regarding travel arrangements or honorarium, please contact our administrative coordinator, Ms. Claudia Weber, at symposium.secretariat@fraunhofer-secure.org.

We look forward to your positive response and to welcoming you in Berlin.

Sincerely,

Dr. Hans-Peter Klein
Chair, IS-AES 2024 Organizing Committee
Fraunhofer Institute for Secure Information Technology",Follow-up from the CyberSec Innovations Forum 2024 in Milan,"Dear Dr. Isabella Rossi,

I hope this message finds you well. It was a pleasure briefly meeting you during the CyberSec Innovations Forum 2024, held at the Palazzo delle Stelline in Milan on May 14th. I greatly appreciated your insightful remarks during the ""Emerging Threats in IoT Security"" panel, particularly your references to the recent ENISA guidelines and the collaborative initiatives between Politecnico di Milano and European cybersecurity agencies.

As a fellow attendee, I was impressed by the breadth of expertise present at the event, including the keynote by Prof. Marco Bianchi and the interactive session led by Dr. Elena Greco. The discussions on adaptive authentication frameworks and the networking opportunities at the evening reception were especially valuable.

I am reaching out to express my interest in staying connected and potentially exploring avenues for collaboration in the future. Please let me know if you would be open to a brief call or meeting to discuss shared research interests in the field of security.

Best regards,

[Your Name]",Question about your recent work on embedded systems,I read your paper on securing automotive embedded systems and found it very interesting. I have some questions about your methods and would like to discuss possible collaboration. Please see the attached file for my thoughts and let me know what you think. Looking forward to your reply.,Following up after the conference,"Hello, I am reaching out after attending the recent conference where I learned a lot. I wanted to connect and possibly discuss some topics further. Please let me know if you are available for a brief conversation. Thank you for your time."
per-095,Dr. Tarek Haddad,Collaboration Opportunity on Advanced Privacy Models in Multi-Tenant Cloud Environments,"Dear Dr. Haddad,

I hope this message finds you well. I am reaching out to commend your insightful paper, ""Privacy-Aware Data Sharing Models for Multi-Tenant Cloud Environments,"" published under the auspices of the Lebanese National Council for Scientific Research Award. Your work at the American University of Beirut significantly advances the discourse on cloud security and privacy, particularly in the context of multi-tenant architectures.

Given the increasing complexity of data protection challenges faced by cloud service providers such as Amazon Web Services, Microsoft Azure, and Google Cloud Platform, your research offers valuable frameworks that could be instrumental in enhancing privacy-preserving mechanisms. I am particularly interested in exploring potential collaborations that leverage your models alongside emerging technologies like homomorphic encryption and secure multi-party computation.

Would you be available for a virtual meeting next week to discuss possible joint research initiatives? Your expertise would be invaluable in driving forward innovative solutions in this critical domain.

Looking forward to your positive response.

Best regards,

[Your Full Name]
[Your Position]
[Your Institution]
[Your Contact Information]","Request for Keynote Contribution: Global Seminar on Emerging Threats in Digital Infrastructure, September 2024, Stockholm","Dear Dr. [Last Name],

I hope this message finds you well. My name is Prof. Ingrid Svensson, and I am reaching out on behalf of the Organizing Committee for the Global Seminar on Emerging Threats in Digital Infrastructure, scheduled for September 12-14, 2024, at the Royal Institute of Technology, Stockholm.

We have been following your recent publications on adaptive cryptographic protocols and believe your expertise would greatly enrich our seminar. We are currently finalizing our keynote speaker lineup and would be honored to feature your insights on the evolving landscape of digital infrastructure security.

Should you be available, we kindly request a brief abstract (250-300 words) of your proposed keynote topic by June 28, 2024. Selected speakers will receive a formal invitation letter and complimentary registration. Please submit your abstract and a short professional biography via the secure link below:

[malicious-link]

If you have any questions or require further details regarding the seminar agenda, travel arrangements, or honorarium, please do not hesitate to contact our coordination team at seminar.committee@kth-seminar.org.

We look forward to your positive response and hope to welcome you to Stockholm this September.

Best regards,

Prof. Ingrid Svensson
Chair, Organizing Committee
Global Seminar on Emerging Threats in Digital Infrastructure 2024
Royal Institute of Technology, Stockholm
seminar.committee@kth-seminar.org",Inquiry on Privacy-Aware Data Sharing Models in Cloud Environments,"Dear Dr. Haddad,

I am exploring advancements in cloud security and privacy, particularly in multi-tenant data sharing. Your research on privacy-aware models is highly relevant. Could you share insights on challenges faced in implementing these models effectively? I appreciate your time and expertise.

Best regards,
[Your Name]",Request for Your Input on Manuscript,"Hello, I am reaching out to see if you could look over a manuscript and share your thoughts. Your feedback would be appreciated. Please let me know if you are available and I can send more details. Thank you for considering this request."
per-039,Dr. Chloe Taylor,,,"Follow-up from the Quantum Security Symposium, 12 May 2024, Geneva","Dear Dr. Chloe Taylor,

I hope this message finds you well. It was a pleasure meeting you during the Quantum Security Symposium held on 12 May 2024 at the International Conference Centre Geneva. I greatly appreciated our brief conversation following the keynote address by Professor Lars Meier, particularly regarding the evolving landscape of post-quantum cryptography and its implications for distributed ledger technologies.

The symposium provided a remarkable platform for exchanging ideas with esteemed colleagues such as Dr. Anika Shah from ETH Zurich and Dr. Matteo Rossi from Politecnico di Milano. I was especially intrigued by the panel discussion moderated by Dr. Isabelle Fournier, which highlighted several emerging trends in quantum-resistant protocols.

I am keen to continue our dialogue and explore potential avenues for collaboration, especially in light of the upcoming special issue of the Journal of Secure Computing. Please let me know if you would be open to a virtual meeting in the coming weeks.

Thank you once again for your insights at the event.

Best regards,

[Your Name]
[Your Affiliation]",Question about your work on low-latency ML for IoT,I have been reading your recent paper on low-latency machine learning for IoT devices. Your approach to scalable neural network architectures is very relevant to my current work. I am interested in discussing possible collaboration or sharing ideas. Would you be open to a short call to talk about this further?,Following up from the conference,"Hello, I am reaching out after attending the recent conference where I learned about your work. I am interested in connecting and possibly discussing some ideas further. Please let me know if you are open to a conversation. Thank you for your time."
per-070,Dr. Tarek Haddad,Invitation to Keynote: International Symposium on Cloud Security & Privacy – Recognition of Your Recent Contributions,"Dear Dr. Tarek Haddad,

On behalf of the Organizing Committee of the 12th International Symposium on Cloud Security and Privacy (ISCSP 2024), to be held at the University of Cambridge, UK, from September 18-21, 2024, we are honored to extend a formal invitation for you to deliver a keynote address. Your recent publication, ""Privacy-Aware Data Sharing Models for Multi-Tenant Cloud Environments,"" co-authored with Dr. Rana Saad and presented at the IEEE International Conference on Cloud Computing (ICCC 2023), has garnered significant attention within the academic community. Furthermore, your receipt of the Lebanese National Council for Scientific Research Award underscores your leadership in advancing cloud security and privacy research at the American University of Beirut, Lebanon.

We believe your insights would greatly enrich our program, which features distinguished speakers such as Prof. Michael Stonebraker (MIT), Dr. Aisha Rahman (Oxford), and Dr. Kenji Watanabe (University of Tokyo). Kindly confirm your participation by completing the attached registration form by July 10, 2024. Should you require further details regarding travel arrangements or honorarium, please contact our administrative coordinator, Ms. Emily Carter, at iscsp2024@cambridge-events.org.

We look forward to your esteemed response.

Sincerely,
Dr. Samuel Greene
Chair, ISCSP 2024 Organizing Committee",Distinguished Scholar Recognition: Nomination for the Geneva Academic Laureates Assembly 2024,"Dear Dr. [Recipient’s Last Name],

On behalf of the International Academic Excellence Consortium, it is my distinct pleasure to inform you that you have been nominated for the Outstanding Researcher Award at the forthcoming Geneva Academic Laureates Assembly, scheduled to take place from September 18–20, 2024, at the historic Palais des Nations, Geneva, Switzerland. This prestigious event will convene eminent scholars, including representatives from ETH Zurich, the University of Cambridge, and the Massachusetts Institute of Technology, to celebrate groundbreaking contributions across diverse academic disciplines.

Your recent work in the field of information assurance has garnered significant attention from our selection committee, chaired by Prof. Marie-Claire Dubois of Sorbonne Université. As part of the nomination process, we kindly request you to confirm your acceptance and provide a brief biographical statement via the secure link below. Further details regarding the award ceremony and associated networking sessions will be shared upon confirmation.

We look forward to your valued participation in this distinguished gathering.

Sincerely,

Dr. Stefan Müller
Program Coordinator
Geneva Academic Laureates Assembly 2024",Question about your cloud privacy research,I read your recent work on privacy-aware data sharing in cloud environments. I am interested in learning more about your models and how they handle data privacy for multiple users. Could you share more details or any resources that explain your approach? Thank you for your time.,Notice of Possible Award Nomination,"Hello, I am reaching out to let you know that you may be considered for an award. If you are interested in learning more about this, please reply to this message. Further details will be provided after your response. Thank you for your attention to this matter."
per-019,Dr. Ingrid Bergstrom,,,Follow-up from the CyberSec Innovations Forum 2024 in Zurich,"Dear Dr. Ingrid Bergstrom,

I hope this message finds you well. It was a pleasure meeting you during the CyberSec Innovations Forum 2024, held at the SwissTech Convention Center in Zurich on May 14th. I greatly appreciated our brief conversation following the keynote address by Professor Lars Neumann from ETH Zurich, particularly regarding the evolving landscape of threat intelligence sharing among European research institutions.

The panel discussion featuring Dr. Sofia Müller and Dr. Rajiv Patel provided valuable insights into collaborative frameworks, and I found your perspectives on privacy-preserving analytics especially thought-provoking. I am keen to continue this dialogue and explore potential avenues for future collaboration, perhaps in the context of the upcoming ENISA Security Symposium or similar events.

Please let me know if you would be open to a virtual meeting in the coming weeks. I look forward to the possibility of exchanging further ideas and learning more about your ongoing work at the Nordic Institute for Cybersecurity.

Best regards,

[Your Name]
[Your Affiliation]
[Your Contact Information]",Question about your recent work on AI and network security,I read your recent paper on AI methods for network threat detection. Your approach to decentralized defense is very relevant to my current research. I am interested in how you handle real-time data and adaptive responses. Would you be open to a short discussion about possible collaboration or sharing insights? Please let me know if you are available.,Following up after the conference,"Hello, I am reaching out after attending the recent conference where I learned a lot. I wanted to connect and see if you might be open to further discussion. Please let me know if you are available for a brief conversation. Thank you for your time."
per-040,Dr. Trevor Beauchamp,,,"Request for Keynote Contribution: Global Workshop on Emerging Threat Intelligence, September 2024, Amsterdam","Dear Dr. [Last Name],

I hope this message finds you well. My name is Dr. Ingrid van der Meer, and I am coordinating the upcoming Global Workshop on Emerging Threat Intelligence, scheduled for September 12-14, 2024, at the Amsterdam Science Park. We have been following your recent publications on adaptive security frameworks and believe your expertise would greatly enrich our program.

We are currently finalizing our agenda and would be honored if you could deliver a keynote address on the evolving landscape of threat intelligence. Your insights into proactive defense mechanisms would be invaluable to our international audience of researchers and industry leaders.

If you are available, kindly confirm your interest by replying to this email. Upon confirmation, we will provide further details regarding travel arrangements, honorarium, and workshop logistics. For your convenience, please find the preliminary agenda and speaker guidelines attached.

Should you have any questions or require additional information, do not hesitate to contact me directly. We sincerely hope you will consider this invitation and look forward to your positive response.

Best regards,

Dr. Ingrid van der Meer
Workshop Coordinator
Global Workshop on Emerging Threat Intelligence 2024
Amsterdam Science Park
[Phishing Email Address]
[Fake Phone Number]",Question about your recent work on edge computing,I have been following your research on distributed machine learning for edge devices. Your recent paper on optimizing these systems was very relevant to my current project. I am interested in how you addressed scalability in your experiments. Would you be open to sharing more details or discussing possible collaboration? Please let me know if you are available for a short call.,Upcoming Conference Details,"Hello, I am reaching out to let you know about a conference that will be happening soon. If you are interested in learning more or want to see the schedule, please reply to this message. I can provide additional information if needed. Thank you for your attention."
per-096,Dr. Yuki Nakamura,Collaboration Opportunity on Advancing Device-Independent Quantum Key Distribution,"Dear Dr. Nakamura,

I hope this message finds you well. I am writing to express my admiration for your recent publication, ""Implementing Device-Independent Quantum Key Distribution in Practical Networks,"" which I found profoundly insightful. Your pioneering work at the University of Tokyo, supported by the Japan Society for the Promotion of Science Grant, significantly advances the field of quantum cryptography.

Given the critical importance of secure communication in the era of quantum computing, I believe there is a compelling opportunity for collaboration between our research teams. Our group at the National Institute of Informatics has been developing complementary protocols that could enhance the robustness and scalability of device-independent quantum key distribution systems.

I would be honored to discuss potential joint research initiatives, possibly integrating our methodologies to accelerate practical implementations. Could we schedule a virtual meeting next month to explore this further? Your expertise, alongside contributions from institutions like RIKEN and the Quantum Information Science and Technology Center, would be invaluable.

Thank you for considering this proposal. I look forward to your positive response.

Sincerely,
Dr. Michael Tanaka
Senior Researcher
National Institute of Informatics
m.tanaka@nii.ac.jp",Invitation to Speak at the Kyoto Symposium on Cybersecurity Innovations 2024,"Dear Dr. Yuki Nakamura,

I hope this message finds you well. My name is Prof. Haruto Saito, and I am writing on behalf of the organizing committee for the Kyoto Symposium on Cybersecurity Innovations 2024, which will be held at the Kyoto International Conference Center on September 12th, 2024. The symposium is supported by the Japan Society for Information Security and the Asia-Pacific Cybersecurity Alliance.

We are keenly aware of your distinguished contributions to the field of network intrusion detection and your recent work at the University of Tokyo. It would be a great honor to invite you as a keynote speaker to share your insights with our audience, which will include representatives from NICT, Hitachi, and the National Police Agency.

Should you be available, we would be delighted to discuss further details regarding your participation. Please let us know if you require any additional information about the event or the program.

Thank you for considering our invitation. We look forward to your positive response.

Best regards,
Prof. Haruto Saito
Kyoto Symposium on Cybersecurity Innovations 2024",Inquiry on Device-Independent Quantum Key Distribution Research,"Dear Dr. Nakamura,

I am impressed by your work on device-independent quantum key distribution. Could you share insights on overcoming practical network challenges in your implementation? I am exploring related security aspects and would appreciate your perspective.

Best regards,

[Your Name]",Invitation to Speak at Seminar,I am reaching out to ask if you would be interested in giving a talk at our upcoming seminar. We would appreciate your participation and insights. Please let me know if you are available or need more details. Thank you for considering this invitation.
per-071,Dr. Yuki Nakamura,Invitation to Present at the 2024 International Symposium on Quantum Cryptography – Special Session on Device-Independent QKD,"Dear Dr. Yuki Nakamura,

On behalf of the Scientific Committee of the 2024 International Symposium on Quantum Cryptography (ISQC), to be held at the Massachusetts Institute of Technology, Cambridge, USA, from September 18-22, 2024, we are honored to extend a formal invitation for you to present your recent groundbreaking work, ""Implementing Device-Independent Quantum Key Distribution in Practical Networks,"" co-authored with Dr. Kenji Saito. Your pioneering research, supported by the Japan Society for the Promotion of Science Grant, has been widely recognized by leading institutions such as the Max Planck Institute for Quantum Optics and the National Institute of Standards and Technology.

We are organizing a special session on Device-Independent QKD, chaired by Prof. Maria Fernandez (ETH Zurich) and Dr. Alan Chen (Stanford University), and believe your expertise would greatly enrich the discourse. Kindly confirm your participation by completing the attached registration form and submitting your extended abstract by July 15, 2024, via the secure portal linked below. Should you require a formal letter of invitation for visa purposes or have any queries regarding travel grants, please contact our administrative coordinator, Ms. Laura Kim, at laura.kim@isqc2024.org.

We look forward to your valuable contribution to ISQC 2024.

Sincerely,
Dr. Samuel O’Connor
Conference Chair, ISQC 2024
Massachusetts Institute of Technology",Invitation to Present at the Sakura Security Symposium 2024 in Kyoto,"Dear Dr. Yuki Nakamura,

I hope this message finds you well. My name is Prof. Haruto Saito from the Department of Information Security at Kyoto University. I am writing to cordially invite you to participate as a distinguished speaker at the upcoming Sakura Security Symposium 2024, which will be held on September 12th, 2024, at the Kyoto International Conference Center in Kyoto, Japan.

The symposium aims to bring together leading experts from academia, industry, and government to discuss current research trends in cybersecurity, with a particular focus on emerging threats and innovative defense mechanisms. We are eager to feature your insights alongside those of Prof. Mei Lin (Tsinghua University), Dr. Alexei Petrov (Moscow State University), and Dr. Priya Sharma (IIT Bombay).

We would be honored if you could share your recent work and perspectives during one of our plenary sessions. Please let us know if you are available or require further information regarding the event logistics or program.

Thank you for considering our invitation.

Best regards,
Prof. Haruto Saito
Kyoto University",Question about your recent quantum cryptography work,I read your paper on device-independent quantum key distribution and found it very interesting. I have some questions about your methods and results. Could you please share the full text or any extra data? I would like to learn more about your approach. Thank you.,Workshop Invitation,I am reaching out to let you know about an upcoming workshop that will focus on recent developments in research. Your participation would be appreciated. Please let me know if you are interested or need more details. Thank you for considering this invitation.
per-020,Dr. Ethan Brown,,,Scholarly Contributions Sought for the Alexandria Forum on Digital Trust 2024,"Dear Esteemed Researcher,

We are delighted to extend an invitation to you to submit your latest research manuscripts for consideration at the inaugural Alexandria Forum on Digital Trust and Information Assurance, scheduled to take place from November 18-20, 2024, at the Bibliotheca Alexandrina, Alexandria, Egypt. This prestigious gathering, organized in collaboration with the International Society for Secure Computing and the Egyptian Academy of Scientific Research, aims to foster interdisciplinary dialogue and showcase pioneering advancements in the broad domain of digital trust.

We welcome original papers, case studies, and review articles addressing a wide spectrum of topics, including but not limited to cryptographic protocols, privacy-preserving technologies, and trust management frameworks. Selected contributions will be featured in the conference proceedings, with opportunities for extended publication in affiliated journals.

Please submit your abstracts by August 15, 2024, via our online portal. For further details regarding submission guidelines and keynote speakers, kindly refer to the attached brochure or visit our official website.

We look forward to your valued participation.

Sincerely,

Dr. Leila Mansour
Conference Secretariat
Alexandria Forum on Digital Trust 2024",Question about your IoT security work,I read your recent paper on intrusion detection for IoT networks. Your approach to adaptive methods is very relevant to my current work. I am interested in how you handle evolving threats in connected devices. Would you be open to a short discussion about your techniques and possible collaboration?,Invitation to Submit Your Work,"We are looking for new papers for an upcoming issue. If you have research you would like to share, please consider sending it to us. Details about the process will be given after you reply. We hope you will take part and contribute your findings."
per-041,Dr. Ryo Sato,,,Invitation to Present at the Kyoto Symposium on Security Innovations 2024,"Dear Dr. Ryo Sato,

I hope this message finds you well. My name is Dr. Emily Chen, and I am writing on behalf of the organizing committee for the Kyoto Symposium on Security Innovations 2024, which will be held at the Kyoto International Conference Center on September 12th, 2024. We are reaching out to distinguished researchers such as yourself from institutions including the University of Tokyo, Osaka University, and the National Institute of Informatics, to participate in our upcoming workshop focusing on current research trends in cybersecurity.

The symposium will feature keynote addresses from Prof. Michael Bauer (ETH Zurich) and Dr. Amina El-Sayed (Imperial College London), as well as panel discussions on emerging topics such as quantum-resistant cryptography and AI-driven threat detection. We would be honored if you could join us as an invited speaker to share your insights and recent work with our international audience.

Please let us know if you are available to participate. We look forward to your positive response.

Best regards,
Dr. Emily Chen
Kyoto Symposium Organizing Committee",Question about your distributed ML inference work,I have been following your recent work on scalable neural network training and low-latency inference in distributed systems. Your approach to adaptive protocols for ML workloads is very relevant to my current project. Would you be open to discussing possible collaboration or sharing insights? I believe your experience could help address some challenges I am facing.,Workshop Invitation,I am reaching out to let you know about an upcoming workshop that will focus on recent developments in research. We would be pleased if you could join us for this event. Please let me know if you are interested or need more details. Thank you.
per-097,Dr. Olivia Parker,Collaboration Opportunity: Enhancing Multi-Factor Authentication Usability in ARC-Funded Research,"Dear Dr. Parker,

I hope this message finds you well. I am reaching out to commend your insightful paper, ""Designing Effective User Interfaces for Multi-Factor Authentication,"" published in the Journal of Usable Security. Your work at the University of Sydney, particularly under the Australian Research Council Discovery Grant, significantly advances our understanding of usable security and privacy.

Given your expertise in user-centered design and authentication mechanisms, I would like to explore a potential collaboration focused on developing adaptive multi-factor authentication interfaces that balance security and user experience. Our team at the Cybersecurity Research Institute has been investigating behavioral biometrics integration and would greatly benefit from your perspective.

Would you be available for a virtual meeting next week to discuss possible joint research initiatives? I believe combining our efforts could lead to impactful advancements and further funding opportunities.

Thank you for considering this proposal. I look forward to your positive response.

Best regards,

Dr. Michael Chen
Senior Researcher
Cybersecurity Research Institute
michael.chen@cri.edu.au
+61 2 1234 5678","Call for Papers: Special Issue on Emerging Trends in Cybersecurity – CyberSecCon 2024, September 12-14, Vienna","Dear Dr. Olivia Parker,

I hope this message finds you well. My name is Jonathan Meyers, and I am reaching out on behalf of the editorial committee for the upcoming special issue of the International Journal of Security Innovations, in collaboration with the organizing team of CyberSecCon 2024. This prestigious event will be held from September 12th to 14th, 2024, at the Vienna International Centre, Austria.

We are currently inviting submissions for our special issue entitled ""Emerging Trends in Cybersecurity: Challenges and Opportunities."" The issue aims to showcase pioneering research and novel methodologies from distinguished scholars and practitioners, such as yourself, in the field of information security. Selected papers will be featured in a dedicated session during CyberSecCon 2024, with opportunities for further collaboration with the European Cybersecurity Association and the Vienna Institute of Technology.

We would be honored to consider your recent work for inclusion. Please find the detailed call for papers attached. Should you have any questions, feel free to contact me or our editorial office.

Best regards,
Jonathan Meyers
Special Issue Coordinator
International Journal of Security Innovations",Collaboration Inquiry on Usable Security Interfaces,"Dear Dr. Parker, I am impressed by your work on user interfaces for multi-factor authentication. I am exploring potential collaborations to enhance usable security and privacy solutions. Would you be open to a brief discussion on aligning our research interests and possible joint projects? Looking forward to your thoughts.",Special Issue Paper Submission Opportunity,"I am writing to let you know about a call for papers for an upcoming special issue. If you are interested, please consider submitting your work. More details can be provided if needed. Thank you for your attention to this opportunity."
per-072,Dr. Olivia Parker,"Invitation to Keynote: International Symposium on Usable Security Interfaces – Berlin, September 2024","Dear Dr. Olivia Parker,

On behalf of the Organizing Committee of the 12th International Symposium on Usable Security Interfaces (ISUSI 2024), to be held at the Humboldt University of Berlin from September 18-21, 2024, I am delighted to extend a formal invitation for you to deliver a keynote address. Your recent publication, ""Designing Effective User Interfaces for Multi-Factor Authentication,"" co-authored with Dr. Liam Mitchell and supported by the Australian Research Council Discovery Grant, has garnered significant attention among our program committee, including Prof. Hans Richter (Technical University of Munich) and Dr. Maria Kovacs (ETH Zurich).

Given your pioneering work at the University of Sydney in the field of Usable Security and Privacy, we believe your insights would be invaluable to our attendees, which include representatives from the European Network and Information Security Agency (ENISA), the ACM SIGCHI community, and the IEEE Symposium on Security and Privacy.

To confirm your participation and receive the official invitation letter, please complete the attached form by July 10, 2024. We look forward to your positive response and to welcoming you in Berlin.

Best regards,

Dr. Stefan Weber
Conference Chair, ISUSI 2024
Humboldt University of Berlin","Nomination for the Athena Cybersecurity Excellence Award at the 2024 Global InfoSec Summit, Vienna","Dear Dr. Olivia Parker,

I hope this message finds you well. My name is Jonathan Lee, and I am writing on behalf of the International Society for Cybersecurity Advancement (ISCA). It is my distinct pleasure to inform you that you have been nominated for the prestigious Athena Cybersecurity Excellence Award, which will be presented during the 2024 Global InfoSec Summit, scheduled for September 18-20 at the Vienna International Centre, Austria.

Your pioneering research in threat intelligence and your leadership within the Secure Systems Consortium have garnered significant recognition from peers across the cybersecurity community. The ISCA Awards Committee, chaired by Prof. Elena Schmidt of the Technical University of Munich, was particularly impressed by your recent work on adaptive intrusion detection frameworks.

Should you require further information regarding the nomination process or the summit’s agenda, please do not hesitate to contact our coordinator, Ms. Sofia Müller, at awards@isca-global.org.

Congratulations once again on this well-deserved recognition.

Best regards,
Jonathan Lee
ISCA Secretariat",Question about your recent work,I read your paper on user interfaces for multi-factor authentication and found it very interesting. I have some questions about your research and would like to discuss your findings. Can you please share the full text or any extra materials? Thank you for your time.,Award Nomination Notification,I am writing to let you know that you have been nominated for an award by a professional society. Please let me know if you need any more information about this. Congratulations on the nomination.
per-021,Dr. Ryan MacDonald,,,Distinguished Participation Request: Zurich Digital Resilience Workshop 2024,"Dear Esteemed Professor,

I hope this message finds you well. On behalf of the organizing committee, I am delighted to extend a formal invitation to you for the Zurich Digital Resilience Workshop 2024, scheduled to take place at the Swiss Federal Institute of Technology (ETH Zurich) from September 18th to 20th, 2024. This exclusive event will convene leading academics, industry experts, and policymakers to discuss the evolving landscape of digital resilience and its implications for global security frameworks.

Your expertise in the field would greatly enrich the discourse, and we are eager to facilitate meaningful exchanges among distinguished participants such as yourself. The workshop will feature keynote sessions, interactive panels, and networking opportunities with representatives from organizations including the European Cybersecurity Agency and the Zurich Institute of Technology.

Kindly confirm your interest at your earliest convenience so we may reserve your place and provide further logistical details. We look forward to your valued participation in this prestigious gathering.

Warm regards,

Dr. Claudia Meier
Workshop Coordinator
Zurich Digital Resilience Workshop 2024",Question about your work on secure software,I read your recent paper on secure software methods. Your approach to protecting communication channels is very relevant to my current project. I am interested in how you address new threats in this area. Would you be open to sharing more about your process or discussing possible collaboration? Please let me know if you are available for a short call.,Workshop Participation Request,"Hello, I am reaching out to let you know about a workshop that will be happening soon. We think you might be interested in joining. Please reply if you want more details or if you would like to be included. Looking forward to your response. Thank you."
per-042,Dr. Katri Saar,,,Nomination for the Aurora Security Excellence Award at the Nordic Cyber Symposium 2024,"Dear Dr. Katri Saar,

I hope this message finds you well. On behalf of the Baltic Association for Information Security (BAIS), I am delighted to inform you that you have been nominated for the prestigious Aurora Security Excellence Award. This recognition is part of the upcoming Nordic Cyber Symposium 2024, which will be held from September 18th to 20th at the Helsinki Congress Paasitorni in Helsinki, Finland.

Your pioneering work in cryptographic protocol analysis and your leadership within the Estonian Cyber Defence League have been highly regarded by the selection committee, chaired by Prof. Lars Nyström of KTH Royal Institute of Technology. The award ceremony will take place during the gala dinner on September 19th, with distinguished guests from the European Union Agency for Cybersecurity (ENISA) and the Finnish National Cyber Security Centre in attendance.

Please let us know if you will be able to join us for this special occasion. Should you require any further information, feel free to contact Ms. Liisa Virtanen, our event coordinator.

Warm regards,

Dr. Henrik Madsen
Chair, BAIS Awards Committee",Question about your distributed ML work,I have been following your research on distributed machine learning systems. Your recent work on optimizing these systems for edge environments is very relevant to my current project. I am interested in your approach to scalable deployment. Would you be open to a short call to discuss possible collaboration or share insights? Thank you for considering this.,Award Nomination Information,I am writing to let you know that you have been nominated for an award by a professional society. Please let me know if you need any further details or if there is anything you would like to discuss regarding this. Congratulations on this recognition.
per-098,Dr. Ahmed Hassan,Collaboration Opportunity on Advanced DDoS Mitigation Strategies Inspired by Your Recent Work,"Dear Dr. Ahmed Hassan,

I hope this message finds you well. I am reaching out to commend your insightful paper, ""Mitigating DDoS Attacks using Adaptive Rate Limiting Techniques,"" published under the auspices of King Fahd University of Petroleum and Minerals and supported by the King Abdulaziz City for Science and Technology Grant. Your innovative approach to enhancing network protocol security through adaptive mechanisms is highly relevant to ongoing challenges faced by cybersecurity frameworks globally.

At [Your Institution/Company], we are currently exploring complementary methodologies that could synergize with your adaptive rate limiting techniques to further fortify defenses against volumetric DDoS attacks. Given your expertise and the critical nature of this research, I believe a collaborative effort could yield significant advancements.

Would you be available for a virtual meeting in the coming weeks to discuss potential joint research initiatives? Your insights would be invaluable, and I am eager to explore how we might contribute to this vital field together.

Thank you for considering this opportunity. I look forward to your positive response.

Best regards,

[Your Full Name]
[Your Position]
[Your Institution/Company]
[Your Contact Information]","Request for Feedback on Manuscript Draft – CyberSec Innovations Symposium 2024, 18 July, Dubai","Dear Dr. Ahmed Hassan,

I hope this message finds you well. My name is Emily Zhang, a doctoral candidate at the University of Edinburgh’s School of Informatics. I am reaching out to you following your insightful keynote at the CyberSec Innovations Symposium 2024, held on 18 July at the Dubai World Trade Centre. Your presentation on adaptive threat modeling in distributed systems was particularly inspiring and resonated with several aspects of my current research.

I am currently preparing a manuscript entitled “Dynamic Risk Assessment in IoT-Enabled Smart Cities,” which I intend to submit to the Journal of Information Security. Given your extensive expertise in network security and your recent work with the Middle East Cybersecurity Initiative, I would greatly appreciate your feedback on my draft. Your perspective would be invaluable in refining my arguments and ensuring the robustness of my methodology.

If you are available, I would be grateful for any comments or suggestions you might have. Please let me know if you require any additional information.

Thank you very much for your time and consideration.

Best regards,
Emily Zhang
University of Edinburgh",Inquiry on Adaptive Rate Limiting Techniques in Network Security,"Dear Dr. Hassan, I recently came across your work on mitigating DDoS attacks using adaptive rate limiting. Your approach to enhancing network protocol security is impressive. I am interested in discussing potential collaboration opportunities and learning more about your methodologies. Would you be open to a brief conversation? Best regards.",Request for Comments on Draft,"Dear Dr. Hassan,

I hope you are well. I am writing to ask if you could take a look at my draft manuscript and share your thoughts. Any suggestions or feedback would be appreciated. Please let me know if you need any additional information.

Thank you very much.

Best regards,"
per-022,Dr. Sakura Yamamoto,,,Nomination for the 2024 Pacific Rim Security Excellence Award at the Tokyo Cybersecurity Symposium,"Dear Dr. Sakura Yamamoto,

I hope this message finds you well. On behalf of the International Society for Cybersecurity Advancement (ISCA), I am delighted to inform you that you have been nominated for the 2024 Pacific Rim Security Excellence Award. This prestigious recognition is part of the upcoming Tokyo Cybersecurity Symposium, scheduled to take place on September 18-20, 2024, at the Grand Prince Hotel Takanawa in Tokyo, Japan.

Your extensive contributions to the field of network intrusion detection and your leadership within the Asia-Pacific security research community have been highly regarded by the ISCA Awards Committee, chaired this year by Professor Kenji Nakamura of Kyoto University. The award ceremony will be held during the symposium’s Gala Dinner on September 19th, with distinguished guests from the Japan Information Security Association and the Asia-Pacific CERT Forum in attendance.

Please let us know if you are able to attend, and do not hesitate to reach out with any questions regarding the nomination process or event logistics.

Warm regards,

Mika Tanaka
Awards Coordinator
International Society for Cybersecurity Advancement",Question about your work on secure routing,I have been following your recent paper on secure routing in networked systems. Your approach to protecting IoT devices from new threats is very relevant to my current project. I am interested in discussing possible collaboration or feedback on related topics. Please let me know if you are open to a short conversation.,Award Nomination Notification,I am writing to let you know that you have been nominated for an award by a professional society. Please let me know if you need any further information or have any questions about the process. Congratulations on this recognition.
per-043,Dr. Arjun Mehta,,,"Invitation to Join Editorial Board – International Symposium on Cybersecurity Trends 2024, Singapore","Dear Dr. Arjun Mehta,

I hope this message finds you well. My name is Priya Nair, and I am writing on behalf of the organizing committee for the International Symposium on Cybersecurity Trends 2024, scheduled to take place from September 12th to 14th at the Marina Bay Sands Convention Centre, Singapore. The symposium is being coordinated in collaboration with the Asia-Pacific Cybersecurity Alliance and the National University of Singapore.

Given your esteemed contributions to the field of security research, particularly your recent work with the Indian Institute of Technology Delhi, we would be honored to invite you to join the editorial board for the symposium’s proceedings. The board will oversee the review process for submitted papers and contribute to shaping the academic direction of the event.

We believe your expertise would be invaluable to our efforts. Please let us know if you are interested in this opportunity, or if you require further information regarding the editorial responsibilities or the symposium itself.

Thank you for considering our invitation.

Best regards,
Priya Nair
Editorial Coordinator
International Symposium on Cybersecurity Trends 2024",Question about your edge ML systems work,I read your recent paper on distributed ML for edge computing. The approach to scalable architectures is very relevant to my current project. I am interested in how you handle resource constraints in real deployments. Would you be open to a short discussion or sharing more details? Your experience in this area would be very helpful.,Editorial Board Invitation,"I am reaching out to let you know about an opportunity to join the editorial board of a publication. If you are interested in learning more about this role, please let me know. I can provide additional details if needed. Thank you for considering this invitation."
per-073,Dr. Ahmed Hassan,Invitation to Present at the 2024 International Symposium on Advanced Network Security Protocols (ISANSP) – Special Session on DDoS Mitigation Strategies,"Dear Dr. Ahmed Hassan,

On behalf of the Organizing Committee of the 2024 International Symposium on Advanced Network Security Protocols (ISANSP), to be held at the Massachusetts Institute of Technology (MIT), Cambridge, USA, from September 18-21, 2024, we are honored to extend a formal invitation for you to present your recent work, ""Mitigating DDoS Attacks using Adaptive Rate Limiting Techniques,"" co-authored with Dr. Nour Al-Harbi. Your pioneering research, supported by the prestigious King Abdulaziz City for Science and Technology Grant, has garnered significant attention within the global network security community, particularly for its innovative approach to adaptive rate limiting in high-throughput environments.

We are organizing a special session on ""Emerging Protocol Security Challenges and DDoS Mitigation"" in collaboration with the IEEE Computer Society and the European Network Security Association. Esteemed speakers such as Prof. Elena Rossi (Politecnico di Milano) and Dr. Samuel Lee (Stanford University) will also be presenting.

To confirm your participation and access the secure submission portal, please follow the personalized link below by July 10, 2024. Your timely response will ensure inclusion in the official program and conference proceedings.

We look forward to your valuable contribution.

Sincerely,
Dr. Michael Turner
Conference Chair, ISANSP 2024
Massachusetts Institute of Technology","Invitation to Join Editorial Board – International Symposium on Cybersecurity Advances 2024, Berlin","Dear Dr. Ahmed Hassan,

I hope this message finds you well. My name is Prof. Elena Fischer, and I am writing on behalf of the organizing committee for the International Symposium on Cybersecurity Advances 2024, scheduled to take place from September 12th to 14th at the Berlin Congress Center, Germany. The symposium is being coordinated in collaboration with the European Network for Information Security (ENIS) and the Technical University of Berlin.

Given your distinguished contributions to the field of network security and your recent work with the Cairo Institute of Technology, we would be honored to invite you to join the editorial board for the symposium’s proceedings. The board will oversee the review process for submissions and help shape the academic direction of the event. We believe your expertise, particularly in intrusion detection systems, would be invaluable to our efforts.

Please let us know if you are interested in this opportunity. We look forward to the possibility of your involvement in this prestigious event.

Best regards,
Prof. Elena Fischer
Editorial Chair, ISCA 2024",Question about your recent work on DDoS attacks,I read your paper on stopping DDoS attacks with adaptive rate limiting. I am interested in your approach and would like to know more about how it works in real networks. Can you share more details or results? Looking forward to your reply.,Editorial Board Invitation,"I am reaching out to let you know about an opportunity to join the editorial board of a publication. If you are interested in learning more about this role, please let me know. I look forward to your response and am happy to provide further details if needed."
per-099,Dr. Elena Petrova,Collaboration Opportunity: Advancing Formal Verification in Secure Multi-Party Computation,"Dear Dr. Petrova,

I hope this message finds you well. I am writing to express my admiration for your recent paper, ""Automated Theorem Proving for Secure Multi-Party Computation,"" published under the auspices of the Russian Foundation for Basic Research. Your innovative approach to formal verification in security protocols, particularly within the context of multi-party computation, aligns closely with ongoing projects at the Institute for Cybersecurity Research at MIT.

Given your expertise and the significant contributions of your work at Saint Petersburg State University, I believe a collaborative effort could yield substantial advancements in automated theorem proving techniques. Our team, including Dr. Michael Clarkson and Dr. Anupam Datta, has been exploring complementary methods in protocol verification and would greatly value your insights.

Would you be available for a virtual meeting in the coming weeks to discuss potential joint research initiatives? I am confident that combining our expertise could lead to impactful publications and further funding opportunities.

Thank you for considering this proposal. I look forward to your positive response.

Best regards,

Dr. Sarah Thompson
Senior Researcher
Institute for Cybersecurity Research
Massachusetts Institute of Technology",Follow-up from the Quantum Security Symposium 2024 in Vienna,"Dear Dr. Petrova,

I hope this message finds you well. It was a pleasure meeting you during the Quantum Security Symposium 2024, held at the Vienna International Centre on May 14th. I greatly appreciated our brief conversation following the keynote address by Professor Markus Feldmann regarding post-quantum cryptography. Your insights into the evolving landscape of secure communication protocols, particularly in the context of distributed ledger technologies, were both intriguing and thought-provoking.

I am reaching out to express my interest in continuing our dialogue, especially considering the recent developments presented by the European Cybersecurity Agency at the event. I believe there may be valuable synergies between your work at the Institute for Advanced Cryptographic Studies and some of the ongoing projects within my research group at the University of Edinburgh.

If you are available, I would welcome the opportunity to discuss potential avenues for collaboration or simply to exchange further perspectives on the topics raised during the symposium.

Thank you once again for your time and consideration.

Best regards,

[Your Name]
[Your Affiliation]",Inquiry on Formal Verification Techniques in Security Protocols,"Dear Dr. Petrova,

I am impressed by your work on formal verification in security protocols. Could you share insights on how automated theorem proving advances secure multi-party computation? I am exploring related methods and would appreciate your perspective.

Best regards,

[Your Name]",Following up after the conference,"Hello, I am reaching out after attending the recent conference where I learned a lot. I wanted to connect and possibly discuss some topics further. Please let me know if you are available for a brief conversation. Thank you for your time."
per-023,Dr. Martin Lepik,,,"Invitation to Join Editorial Board: International Symposium on Cybersecurity Trends 2024, Vienna","Dear Dr. Martin Lepik,

I hope this message finds you well. My name is Prof. Elena Kovacs, and I am writing on behalf of the organizing committee for the International Symposium on Cybersecurity Trends 2024, scheduled to take place from September 18-20, 2024, at the Vienna International Centre, Austria. The symposium is being coordinated in collaboration with the European Network for Cybersecurity Research (ENCR) and the Austrian Institute of Technology (AIT).

Given your esteemed contributions to the field of network security and your recent work at Tallinn University of Technology, we would be honored to invite you to join the editorial board for the symposium’s proceedings, which will be published by Springer LNCS. Your expertise would greatly enhance the quality and impact of our publication.

Should you be interested, we would be delighted to provide further details regarding the editorial responsibilities and timelines. Please let us know at your earliest convenience.

Thank you for considering this invitation.

Best regards,
Prof. Elena Kovacs
Editorial Chair, ISCT 2024
Vienna International Centre",Question about your work on secure 5G protocols,I have been reading your recent paper on secure 5G communication. Your approach to protocol design is very relevant to my current project. I am interested in how you address new threats in this area. Would you be open to sharing more about your methods or discussing possible collaboration? Please let me know if you are available for a short call or email exchange.,Editorial Board Invitation,"I am reaching out to let you know about an opportunity to join the editorial board of a publication. If you are interested, please let me know and I can share more details. Thank you for considering this invitation."
per-044,Dr. Siew Mei Chong,,,Invitation to the 2024 Asia-Pacific Cybersecurity Symposium in Kuala Lumpur,"Dear Dr. Siew Mei Chong,

I hope this message finds you well. On behalf of the organizing committee, I am delighted to announce the upcoming Asia-Pacific Cybersecurity Symposium (APCS 2024), scheduled to take place from September 18th to 20th, 2024, at the Kuala Lumpur Convention Centre, Malaysia. This prestigious event is jointly hosted by the Malaysian Institute of Information Security (MIIS) and the Asia-Pacific Network Security Association (APNSA).

The symposium will feature keynote addresses from renowned experts such as Prof. Hiroshi Tanaka (University of Tokyo) and Dr. Priya Nair (Indian Institute of Technology, Bombay), as well as panel discussions, technical workshops, and networking sessions. We anticipate participation from leading institutions including the National University of Singapore, Tsinghua University, and the Australian Cyber Security Centre.

Further details regarding registration, abstract submission, and accommodation options will be circulated soon. We would be honored to have your esteemed presence at APCS 2024. Please do not hesitate to contact me for any preliminary inquiries.

Warm regards,

Alexandra Lim
Conference Coordinator, APCS 2024",Question about your distributed ML systems work,"I read your recent paper on optimizing distributed ML systems for edge computing. Your approach to resource allocation is very relevant to my current project. I am interested in discussing possible collaboration or getting your feedback on related work. If you are open to this, please let me know and I can share more details.",Upcoming Conference Information,I am writing to let you know about an upcoming conference that may be of interest. Details about the event will be shared soon. Please let me know if you would like more information or have any questions. Thank you for your attention to this announcement.
per-074,Dr. Elena Petrova,Invitation to Keynote at the 2024 International Symposium on Formal Security Verification – Special Recognition for Your Recent Work,"Dear Dr. Elena Petrova,

On behalf of the Organizing Committee of the 2024 International Symposium on Formal Security Verification (ISFSV), to be held at the University of Cambridge, United Kingdom, from September 18-21, 2024, I am delighted to extend to you a formal invitation to deliver a keynote address. Your pioneering research in the Formal Verification of Security Protocols, particularly your recent publication, ""Automated Theorem Proving for Secure Multi-Party Computation"" (co-authored with Dr. Alexei Smirnov and supported by the Russian Foundation for Basic Research Grant), has garnered significant attention among our scientific advisory board, including Prof. Michael Clarkson (Cornell University) and Dr. Isabelle Perrin (École Normale Supérieure).

We are especially interested in your insights on automated verification techniques and their implications for secure distributed computation, which align closely with the symposium’s central themes. Kindly confirm your participation by completing the attached registration form by July 10, 2024. Should you require a formal invitation letter for visa purposes or have any logistical queries regarding travel or accommodation at the Churchill College Conference Centre, please contact our administrative coordinator, Ms. Harriet Evans, at isfsv2024@cambridge-symposia.org.

We look forward to your esteemed contribution.

Sincerely,
Dr. Jonathan Meyers
Chair, ISFSV 2024 Organizing Committee
University of Cambridge",Proposal for Joint Research Initiative on Next-Generation Cryptographic Protocols: Collaboration Opportunity with the European Institute for Advanced Security Studies,"Dear Dr. [Last Name],

I hope this message finds you well. My name is Dr. Elena Fischer, and I am a Senior Research Coordinator at the European Institute for Advanced Security Studies (EIASS). We have been closely following your recent publications on adaptive cryptographic frameworks and are highly impressed by your innovative approach to post-quantum security challenges.

As part of our ongoing commitment to fostering international collaboration, EIASS is launching a new joint research initiative focused on the development and evaluation of next-generation cryptographic protocols. Given your expertise and the significant impact of your work, we would be honored to invite you as a principal collaborator for this project.

The initiative aims to bring together leading experts from academia and industry to address emerging threats and develop robust, scalable solutions. Selected collaborators will have access to our state-of-the-art research facilities, dedicated funding opportunities, and the possibility to co-author high-impact publications. We are particularly interested in exploring synergies between your recent work and our ongoing projects in secure multi-party computation and lattice-based cryptography.

If you are interested, please reply to this email at your earliest convenience. We would be delighted to provide further details and discuss potential avenues for collaboration. Kindly find attached a preliminary project outline and a confidential collaboration agreement for your review.

Thank you for considering this opportunity. We look forward to the possibility of working together to advance the field of cryptographic security.

Best regards,

Dr. Elena Fischer
Senior Research Coordinator
European Institute for Advanced Security Studies
elena.fischer@eiass-eu.org
+49 30 1234 5678",Question about your recent work,I read your paper on automated theorem proving for secure multi-party computation and found it very interesting. I have some questions about your approach and would like to discuss possible collaboration. Please see the attached file for more details. Looking forward to your reply.,Request for Your Input on a Manuscript,"Hello, I am reaching out to see if you could look over a manuscript and share your thoughts. Your feedback would be appreciated. If you are available, I can send the document and more details. Please let me know if you are interested. Thank you."
per-100,Dr. Clara Jensen,Collaboration Opportunity: Advancing AI Security in Federated Learning Systems,"Dear Dr. Clara Jensen,

I hope this message finds you well. I am writing to express my admiration for your recent paper, ""Detecting Model Poisoning Attacks in Federated Learning Systems,"" published under the auspices of Aarhus University and supported by the Danish Council for Independent Research Grant. Your innovative approach to enhancing the robustness of federated learning models against adversarial threats significantly advances the field of Artificial Intelligence Security.

Given the increasing prevalence of model poisoning attacks highlighted in your work, I believe a collaborative effort could further strengthen detection mechanisms and develop proactive defense strategies. Our team at the Cybersecurity Research Institute has been focusing on complementary techniques involving anomaly detection and blockchain integration to secure distributed AI systems.

I would be honored to discuss potential joint research initiatives or grant proposals that align with your expertise and ongoing projects. Could we schedule a meeting at your earliest convenience to explore this opportunity?

Thank you for considering this collaboration. I look forward to your positive response.

Best regards,

Dr. Michael Andersen
Senior Researcher, Cybersecurity Research Institute
michael.andersen@cyberinstitute.org
+45 1234 5678","Invitation to Review Manuscript for the 2024 Nordic Cybersecurity Symposium, Helsinki","Dear Dr. Clara Jensen,

I hope this message finds you well. My name is Dr. Samuel Richter, and I am serving as a member of the Program Committee for the upcoming Nordic Cybersecurity Symposium 2024, scheduled to take place from September 12th to 15th at the Finlandia Hall in Helsinki, Finland. The symposium is organized in collaboration with Aalto University and the European Network for Cybersecurity Research (ENCR).

Given your esteemed contributions to the field of network security and your recent work published in the Journal of Applied Cryptography, we would be honored if you could assist us by reviewing a manuscript submitted for consideration at this event. The review process is managed through the EasyChair platform, and we anticipate that your insights would be invaluable to maintaining the high standards of the symposium.

If you are available to participate, please let us know at your earliest convenience. We greatly appreciate your time and expertise.

Best regards,

Dr. Samuel Richter
Program Committee, Nordic Cybersecurity Symposium 2024
Aalto University, Helsinki",Inquiry on AI Security Research Collaboration,"Dear Dr. Jensen,

I am impressed by your work on AI security, particularly in detecting model poisoning in federated learning. I am exploring related research opportunities and would appreciate discussing potential collaboration or insights on advancing defenses in this area.

Best regards,

[Your Name]",Request to Review Manuscript,"Dear Dr. Jensen,

I hope this message finds you well. I am reaching out to ask if you would be willing to review a manuscript for our journal. Please let me know if you are available and interested. Thank you for considering this request.

Best regards,
"
per-024,Dr. Deepa Reddy,,,Invitation to the 2024 Global Symposium on Cybersecurity Innovations in Singapore,"Dear Dr. Deepa Reddy,

I hope this message finds you well. My name is Priya Menon, and I am reaching out on behalf of the Organizing Committee for the 2024 Global Symposium on Cybersecurity Innovations (GSCI 2024), scheduled to take place from September 18th to 20th, 2024, at the Marina Bay Sands Convention Centre in Singapore. This prestigious event is supported by the International Association for Information Security (IAIS) and the Asia-Pacific Cybersecurity Forum (APCF).

GSCI 2024 will feature keynote addresses from renowned experts such as Prof. Kenji Nakamura (University of Tokyo) and Dr. Maria Gonzalez (CERN), as well as panel discussions, technical workshops, and networking sessions. We are delighted to announce that the conference proceedings will be published in collaboration with Springer LNCS.

We would be honored to have your participation at GSCI 2024. Please find the preliminary program and registration details on our official website. Should you have any questions, feel free to contact our Secretariat at info@gsci2024.org.

Warm regards,

Priya Menon
Conference Coordinator, GSCI 2024",Question about your work on encrypted network defense,I read your recent paper on firewall technologies and encrypted communication. Your approach to network defense is very relevant to my current project. I am looking for insights from researchers active in this area. Would you be open to a short discussion or sharing your thoughts? Your experience would be very helpful.,Upcoming Conference Information,I am writing to let you know about an upcoming conference that may be of interest. Details about the event will be shared soon. Please let me know if you would like more information or have any questions. Thank you for your attention to this announcement.
per-075,Dr. Clara Jensen,Invitation to Keynote at the 2024 International Symposium on Secure Federated Learning – Special Recognition for Your Recent Work,"Dear Dr. Clara Jensen,

I am writing on behalf of the Organizing Committee of the 2024 International Symposium on Secure Federated Learning (ISSFL), to be held at the Technical University of Munich, Germany, from September 18-21, 2024. We have been following your outstanding contributions in the field of Artificial Intelligence Security, particularly your recent publication, ""Detecting Model Poisoning Attacks in Federated Learning Systems,"" co-authored with Dr. Lars Nielsen and supported by the Danish Council for Independent Research Grant. Your innovative methodologies and empirical findings have been cited in several keynote sessions at the European Conference on Machine Learning (ECML 2024) and the IEEE Symposium on Security and Privacy (SP 2024).

In recognition of your pioneering research, we are honored to invite you to deliver a keynote address at ISSFL 2024. Kindly confirm your participation by completing the attached secure registration form by July 15, 2024. Should you require further details regarding travel arrangements, honorarium, or the conference agenda, please access the secure portal via the link below.

We look forward to your affirmative response and to welcoming you to Munich.

Best regards,

Prof. Markus Schneider
Chair, ISSFL 2024 Organizing Committee
Technical University of Munich
[Secure Registration Portal Link]",Exploring Collaborative Opportunities in Security Research Post-CyberSec Innovations 2024,"Dear Dr. Clara Jensen,

I hope this message finds you well. My name is Alex Morton, and I am a research fellow at the Institute for Advanced Cybersecurity Studies, University of Edinburgh. I recently had the pleasure of attending your insightful keynote at the Global Digital Defense Symposium, held on May 14, 2024, at the Palais des Congrès in Montreal. Your presentation on adaptive threat modeling in distributed systems was particularly inspiring and resonated deeply with my current research interests.

Given the significant overlap between your work and ongoing projects within my group, I am reaching out to propose a potential research collaboration. I believe that by combining our expertise, especially in the context of emerging security paradigms, we could contribute meaningfully to the field. I would be delighted to discuss possible avenues for joint research, perhaps starting with a virtual meeting at your convenience.

Thank you for considering this proposal. I look forward to the possibility of working together and exchanging ideas.

Best regards,
Alex Morton
Institute for Advanced Cybersecurity Studies
University of Edinburgh",Question about your recent work,I read your paper on detecting attacks in federated learning and found it very interesting. I have some questions about your methods and would like to discuss possible collaboration. Please see the attached file for my thoughts and let me know what you think.,Research Collaboration Inquiry,"Hello, I am reaching out to see if you might be interested in discussing a possible research collaboration. I believe there could be some shared interests. Please let me know if you would like to talk further about this idea. Thank you for your time."
per-045,Dr. Sven Visser,,,Distinguished Participation Opportunity: Zurich Summit on Digital Trust 2024,"Dear Esteemed Colleague,

We are delighted to extend a cordial invitation to you for the inaugural Zurich Summit on Digital Trust and Information Assurance, scheduled to take place from September 18th to 20th, 2024, at the prestigious ETH Zurich Conference Center, Switzerland. This landmark event, organized in collaboration with the European Institute for Secure Technologies and the Swiss Federal Office of Information Security, aims to foster interdisciplinary dialogue and showcase pioneering advancements in the rapidly evolving landscape of digital trust.

The summit will feature keynote addresses from globally recognized thought leaders, interactive panel discussions, and exclusive networking sessions with distinguished academics, industry experts, and policymakers. We believe your expertise and insights would greatly enrich the discourse and contribute to the collective advancement of the field.

Kindly confirm your interest at your earliest convenience to receive further details regarding registration, program highlights, and accommodation arrangements. Should you require any additional information, please do not hesitate to contact our organizing committee.

We look forward to your valued participation in Zurich.

Warm regards,

Dr. Martina Keller
Conference Secretariat
Zurich Summit on Digital Trust 2024",Question about your work on adaptive learning rates,"I read your recent paper on adaptive learning rate algorithms in distributed systems. Your approach to scalable model training is very relevant to my current project. I am interested in discussing possible collaboration or feedback on related methods. If you are open to a short call or email exchange, please let me know.",Upcoming Conference Details,"Hello, I wanted to let you know about a conference that will be happening soon. If you are interested, I can share more information about the event and how to join. Please reply if you would like to receive the details. Thank you for your attention."
per-025,Dr. Wei Jie Ng,,,Exploring Synergistic Research Pathways: Invitation to the Zurich Academic Convergence 2024,"Dear Dr. [Recipient’s Last Name],

I hope this message finds you well. My name is Dr. Elena Fischer, and I am currently coordinating the upcoming Zurich Academic Convergence 2024, scheduled for September 18-20 at the Swiss Federal Institute of Technology (ETH Zurich). This event aims to foster interdisciplinary research collaborations among distinguished scholars from institutions such as the University of Cambridge, Massachusetts Institute of Technology, and the National University of Singapore.

Given your esteemed work in the field of computational methodologies, we believe your insights would greatly enrich our collaborative sessions. We are particularly interested in exploring potential synergies between your recent projects and ongoing initiatives led by Professor Markus Keller and Dr. Sophia Li. The event will feature keynote addresses, roundtable discussions, and networking opportunities with leading academics and industry partners.

If you are interested in discussing possible avenues for joint research or would like further details about the event, please reply at your earliest convenience. We look forward to the possibility of working together.

Best regards,
Dr. Elena Fischer
Zurich Academic Convergence 2024 Coordination Team",Question about your secure edge computing work,"I read your recent paper on secure edge computing and found your approach to encrypted traffic analysis very relevant to my current project. I am exploring similar methods and would like to discuss possible collaboration or exchange of ideas. If you are interested, please let me know and I can share more details.",Possible research work together,"Hello, I am reaching out to see if you might be interested in discussing a research partnership. I think there could be some overlap in our interests. Please let me know if you would like to talk more about this idea. Looking forward to your response. Thank you."
per-046,Dr. Chidi Okonkwo,,,Invitation to Speak at the Lagos Cybersecurity Innovations Seminar 2024,"Dear Dr. Chidi Okonkwo,

I hope this message finds you well. My name is Dr. Amina Yusuf, and I am writing on behalf of the Organizing Committee for the Lagos Cybersecurity Innovations Seminar 2024, which will be held at the Eko Convention Centre, Victoria Island, Lagos, on September 12th, 2024. We are reaching out to distinguished experts in the field of security research, and your extensive work at the University of Nigeria, Nsukka, particularly in the area of cryptographic protocols, has greatly impressed our committee.

We would be honored if you could join us as a keynote speaker to share your insights with our diverse audience, which will include representatives from the Nigerian Communications Commission, the African Union Cybersecurity Taskforce, and several leading technology firms such as MainOne and Interswitch. The seminar aims to foster dialogue on emerging trends and collaborative opportunities in cybersecurity across Africa.

Please let us know your availability at your earliest convenience. We look forward to the possibility of your participation.

Best regards,

Dr. Amina Yusuf
Lagos Cybersecurity Innovations Seminar 2024 Organizing Committee",Interest in your work on federated learning and embedded systems,I have read your recent paper on federated learning for embedded devices. Your approach to energy-efficient neural network deployment is very relevant to my current project. I am seeking contributors with expertise in this area. Would you be interested in sharing your insights or collaborating? Please let me know if you are open to further discussion.,Invitation to Speak at Seminar,I am reaching out to ask if you would be interested in giving a talk at an upcoming seminar. We would appreciate your participation. Please let me know if you are available or need more details. Thank you for considering this invitation.
per-047,Dr. Nasrin Hosseini,,,Invitation to Submit: Special Issue on Cybersecurity at the 2024 Vienna Symposium,"Dear Dr. Nasrin Hosseini,

I hope this message finds you well. My name is Dr. Markus Feldmann, and I am serving as the guest editor for the upcoming special issue of the International Journal of Information Security, which will be published in conjunction with the Vienna Symposium on Advanced Cybersecurity Research, scheduled for September 18-20, 2024, at the Vienna International Centre, Austria.

We are currently seeking high-quality submissions that address emerging trends and challenges in the field of cybersecurity, with a particular emphasis on innovative methodologies and interdisciplinary approaches. Given your esteemed work at the University of Tehran and your recent contributions to privacy-preserving protocols, we believe your insights would greatly enrich this special issue.

The deadline for manuscript submissions is July 15, 2024. Detailed submission guidelines can be found on the symposium’s official website. Should you have any questions or require further information, please do not hesitate to contact me or the editorial office.

We look forward to your valuable contribution.

Best regards,

Dr. Markus Feldmann
Guest Editor, IJIS Special Issue
Vienna Symposium on Advanced Cybersecurity Research",Interest in your distributed ML systems work,"I read your recent paper on distributed machine learning for edge computing. The approach you used for optimizing system performance is very relevant to my current work. I am interested in discussing possible collaboration or sharing ideas about scalable AI systems. If you are available, could we arrange a short call to talk further?",Special Issue Paper Submission Opportunity,"I am writing to let you know about a call for papers for an upcoming special issue. If you are interested, you may consider submitting your work. Please let me know if you have any questions or need more information about the process. Thank you."
per-048,Dr. Antoine Moreau,,,"Request for Feedback on Manuscript Draft – CyberSec Innovations Symposium 2024, Geneva","Dear Dr. Antoine Moreau,

I hope this message finds you well. My name is Julia Reinhardt, a doctoral candidate at the École Polytechnique Fédérale de Lausanne, specializing in applied cryptography and network security. I am reaching out to kindly request your expert feedback on a draft manuscript I am preparing for submission to the upcoming CyberSec Innovations Symposium 2024, scheduled to take place on September 18–20 at the Palexpo Convention Center in Geneva, Switzerland.

Given your extensive contributions to the field, particularly your recent work on secure multi-party computation frameworks, I believe your insights would be invaluable in refining the theoretical underpinnings and practical implications of my research. The manuscript, tentatively titled ""Adaptive Protocols for Secure Data Aggregation in Distributed Systems,"" aims to address emerging challenges in privacy-preserving computation.

If you are available, I would greatly appreciate your thoughts on the draft. Please let me know if you require any additional information or if there is a preferred format for your review.

Thank you very much for considering my request.

Best regards,
Julia Reinhardt",Question about your work on efficient ML in networks,I read your recent paper on energy-efficient machine learning in distributed systems. Your approach to optimizing models for limited network resources is very relevant to my current project. I am interested in how you handle deployment challenges in real-world settings. Would you be open to a short call to discuss your methods and possible collaboration?,Request for Comments on Draft,"Hello, I am reaching out to ask if you could take a look at my draft manuscript. I would appreciate any thoughts or suggestions you might have. Please let me know if you need any additional information. Thank you for your time and consideration."
per-049,Dr. Min-Jun Kang,,,"Follow-up from the 2024 International Symposium on Cybersecurity Innovations, Zurich","Dear Dr. Min-Jun Kang,

I hope this message finds you well. It was a pleasure meeting you during the 2024 International Symposium on Cybersecurity Innovations, held at ETH Zurich from May 14th to 16th. I greatly appreciated the opportunity to attend your insightful panel discussion on emerging trends in cryptographic protocols, which was both thought-provoking and highly relevant to current developments in the field.

The symposium provided an excellent platform for exchanging ideas with esteemed colleagues from institutions such as the Swiss Federal Institute of Technology, the University of Cambridge, and the National University of Singapore. I particularly enjoyed the keynote address by Prof. Elena Rossi and the subsequent roundtable on post-quantum security challenges.

I am keen to continue our conversation regarding collaborative research opportunities and would be delighted to connect further. Please let me know if you are available for a brief virtual meeting in the coming weeks.

Thank you once again for your time and insights at the conference.

Best regards,

[Your Name]
[Your Institution]",Question about your edge computing work,"I read your recent paper on distributed ML systems for edge computing. Your approach to optimizing resource use is very relevant to my current project. I am interested in discussing possible collaboration or feedback on related methods. If you are open to a short call or email exchange, please let me know.",Following up from the conference,"Hello, I am reaching out after attending the recent conference where I learned about your work. I am interested in connecting and possibly discussing some ideas in the future. Please let me know if you are open to a brief conversation. Thank you for your time."
per-050,Dr. Emma Radcliffe,,,Request for Expert Review: Manuscript Submission for the Zurich Academic Colloquium 2024,"Dear Dr. [Recipient’s Last Name],

I hope this message finds you well. My name is Prof. Elena Fischer, and I am reaching out on behalf of the Editorial Board for the Zurich Academic Colloquium on Advanced Computational Sciences, scheduled to take place from September 18-20, 2024, at ETH Zurich, Switzerland. We are currently in the process of finalizing the peer review for a selection of high-impact manuscripts submitted to our proceedings.

Given your esteemed research contributions and expertise in the field, we would be honored if you could assist us by reviewing the attached manuscript entitled “Innovative Approaches in Distributed Systems Security.” Your insights would be invaluable in ensuring the academic rigor and quality of our publication. Kindly confirm your availability to complete the review by July 15, 2024. Should you require any additional information or have questions regarding the process, please do not hesitate to contact us.

Thank you for considering this request. We look forward to your positive response.

Best regards,
Prof. Elena Fischer
Editorial Board Coordinator
Zurich Academic Colloquium 2024",Question about your work on energy-efficient ML,I have been following your research on energy-efficient machine learning systems. Your recent work on adaptive resource allocation in ML clusters is very relevant to my current project. I am interested in discussing possible collaboration or sharing ideas. Would you be open to a short call to talk about this?,Request for Your Input on Manuscript,"Hello, I am reaching out to see if you could look over a manuscript and share your thoughts. Your feedback would be appreciated. If you are available, I can send the document and more details. Please let me know if you are interested. Thank you."
