target_id,persona_name,S+C+_subject,S+C+_body,S+C-_subject,S+C-_body,S-C+_subject,S-C+_body,S-C-_subject,S-C-_body
per-001,Dr. Jack O'Brien,Invitation: Keynote & Special Issue on Advanced Encrypted Traffic Analysis (IEEE CNS 2024),"Dear Dr. Jack O'Brien,

I am reaching out as the Program Chair for the IEEE Conference on Communications and Network Security (CNS 2024), to be held at the International Convention Centre Sydney from 16–19 September 2024. Your pioneering work on encrypted traffic analysis, particularly your joint publication with Dr. Liam Nguyen (University of Queensland) in IEEE Transactions on Information Forensics and Security (Vol. 19, Issue 2, Feb 2024), has been highly influential in shaping current research directions. I was also impressed by your keynote at the 2023 Australasian Cybersecurity Conference in Melbourne and your recent ARC Discovery Grant (DP230101234) on anomaly detection in encrypted networks.

We are curating a special issue on ""Emerging Techniques in Encrypted Traffic Analysis and Secure Routing"" for the IEEE CNS 2024 proceedings. We would be honored if you could submit an extended abstract (1,000–1,500 words) by 15 July 2024, or alternatively serve as a guest reviewer. Please confirm your interest by replying to this email, and I will provide submission guidelines and reviewer access credentials.

Best regards,
Dr. Emily Carter
Program Chair, IEEE CNS 2024",Invitation: International Workshop on Emerging Computer Science Trends (IWECST 2024),"Dear Esteemed Colleague,

On behalf of the Organizing Committee, we are pleased to invite you to participate in the International Workshop on Emerging Computer Science Trends (IWECST 2024), scheduled for September 18-20, 2024, at the Grand Academic Conference Center, hosted by the Institute of Advanced Computational Studies, in collaboration with the Journal of Modern Informatics and the Global Association for Digital Innovation.

The workshop will feature keynote addresses by Prof. Linda K. Morrison (University of Northwood), Dr. Samuel T. Lee (Pacific Technical Institute), and Dr. Priya Nand (European Center for Computing Research). Sessions will cover a broad range of current topics in computer science, with opportunities for networking and knowledge exchange.

We encourage you to submit an abstract or register as a participant by July 31, 2024. For further details, please visit our official website: www.iwecst2024-conference.org.

We look forward to your valued participation in this significant academic event.

Sincerely,
Dr. Michael J. Evans
Workshop Coordinator, IWECST 2024",Question about your encrypted traffic analysis work,"I read your recent paper on encrypted traffic analysis. Your approach to secure routing and network anomaly detection is very relevant to my current project. I am interested in discussing possible collaboration or feedback on related methods. If you are open to sharing insights or suggestions, please let me know.",Invitation to Workshop on Computer Science Trends,You are invited to join a workshop about new trends in computer science. The event will cover general topics and updates. Please see the attached file for more details. Let us know if you are interested in attending. Thank you for your time.
per-002,Dr. Heather Campbell,"Panel Invitation: IEEE CNS 2024 – Advances in IoT Intrusion Detection (Oct 17, Toronto)","Dear Dr. Campbell,

I am reaching out as the Program Chair for the IEEE Conference on Communications and Network Security (CNS 2024), scheduled for October 15–18, 2024, at the Metro Toronto Convention Centre. Your recent publication, “Adaptive Intrusion Detection Systems for IoT Networks,” co-authored with Dr. Michael Chen (BC Research University) in the April 2024 issue of IEEE Transactions on Network and Service Management, has garnered significant attention among our technical committee, particularly for its innovative approach to resilient network architectures. We also noted your successful NSERC Discovery Grant (2023–2028) and your ongoing collaboration with Dr. Amina Patel on secure routing protocols.

Given your expertise, we would be honored to invite you as a panelist for the session ""Emerging Threats and Defenses in IoT Security,"" alongside Prof. Rajiv Menon (University of Waterloo) and Dr. Lisa Huang (McGill). Kindly confirm your availability by July 12, 2024, via the secure RSVP link below to facilitate travel arrangements and inclusion in the official program.

We look forward to your valuable insights.

Best regards,

Dr. Samuel Wright
Program Chair, IEEE CNS 2024",Invitation to Review Manuscript for International Journal of Advanced Research Studies,"Dear Esteemed Colleague,

On behalf of the Editorial Board of the International Journal of Advanced Research Studies (IJARS), we are pleased to invite you to serve as a reviewer for a recently submitted manuscript. The manuscript, authored by Dr. Michael T. Reynolds and colleagues from the Center for Interdisciplinary Innovation, University of North Midlands, has been provisionally accepted for consideration in our upcoming Special Issue on Emerging Perspectives, scheduled for publication in September 2024.

Your expertise and experience are highly valued by our editorial team, and we believe your insights would greatly contribute to the quality of this publication. The review process is coordinated by Prof. Linda S. Choi, Conference Chair of the 2024 Global Academic Forum, to be held at the Grandview Convention Center, Geneva, from 12-15 October 2024.

If you are available to review this manuscript, kindly confirm your willingness by replying to this email at your earliest convenience. Further instructions and access to the manuscript will be provided upon confirmation.

Thank you for considering this request.

Sincerely,
Editorial Office
International Journal of Advanced Research Studies",Question about your IoT security research,I read your recent work on intrusion detection in IoT networks. Your approach to adaptive systems is very relevant to my current project. I am interested in how you handle new attack patterns in your models. Would you be open to a short discussion or sharing more details? Your insights would be very helpful for my research.,Request to Review Manuscript,"Hello, we are looking for someone to review a manuscript. The topic is general and does not require special knowledge. Please let us know if you are available. Your feedback would be helpful. Reply to this email if you are interested. Thank you for your time."
per-003,Dr. Kenji Takahashi,"Invitation: Joint Proposal for JST CREST Grant on IoT Security (Submission Deadline: July 15, 2024)","Dear Dr. Kenji Takahashi,

I am reaching out after attending your insightful session on ""Resilient 5G-Enabled IoT Architectures"" at the 2024 Asia-Pacific Cybersecurity Conference in Osaka. Your recent publication in IEEE Transactions on Information Forensics and Security, co-authored with Dr. Yuki Saito and Prof. Haruka Mori, on ""Context-Aware Anomaly Detection in Large-Scale IoT Deployments"" was particularly relevant to my ongoing work at the National Institute of Informatics. Given your leadership at the Tohoku Science Academy’s Network Security Lab and your successful supervision of the JSPS KAKENHI-funded project on adaptive IDS, I believe a collaboration would be mutually beneficial.

I am currently assembling a consortium to submit a proposal for the JST CREST grant (Theme: ""Next-Generation IoT Security Frameworks""; budget: ¥120M; deadline: July 15, 2024). Would you be available for a 30-minute Zoom call on June 18 or 19 to discuss potential joint research objectives and your possible role as co-PI? Please confirm your availability via the attached scheduling link.

Best regards,
Dr. Akira Nakamura
National Institute of Informatics","Invitation to Participate: 12th International Academic Forum 2024, Vienna","Dear Esteemed Colleague,

On behalf of the Organizing Committee, we are pleased to invite you to participate in the 12th International Academic Forum (IAF 2024), scheduled to take place from September 18-21, 2024, at the Grand Vienna Convention Center, Austria. This prestigious event is jointly hosted by the European Society for Interdisciplinary Research (ESIR) and the Global Academic Exchange Network (GAEN).

The conference will feature keynote addresses from distinguished scholars such as Prof. Linda M. Harrington (University of New London) and Dr. Samuel T. Becker (International Institute of Advanced Studies). Participants will have the opportunity to engage in panel discussions, workshops, and networking sessions. Selected papers will be considered for publication in the Journal of Contemporary Academic Studies (JCAS).

We encourage you to submit your abstract by July 15, 2024, via our online portal. For further details, please contact the Secretariat at info@iaf2024vienna.org or visit our website.

We look forward to your valued participation.

Sincerely,
Dr. Elena V. Petrov
Conference Chair, IAF 2024",Question about your IoT security work,I read your recent paper on intrusion detection for IoT networks. Your approach to adaptive methods in this area is very relevant to my current work. I am interested in how you handle new types of network threats. Would you be open to a short discussion about your methods and possible collaboration?,Invitation to Join Conference,"Hello,

You are invited to take part in an upcoming conference. We welcome your participation. Please reply if you are interested. More details will be shared soon.

Thank you."
per-004,Dr. Anya Petrova,Invitation: Co-Chair AI-Enhanced 5G Security Panel at Baltic Cybersecurity Forum 2024,"Dear Dr. Petrova,

I am reaching out following your outstanding keynote, ""Decentralized Authentication Protocols for 5G Networks,"" at the 2023 Nordic Network Security Symposium in Helsinki. Your recent publication in IEEE Transactions on Information Forensics and Security (Vol. 19, Issue 2, Feb 2024) has been widely cited in our research group at the University of Latvia, particularly your innovative approach to AI-driven anomaly detection in 5G core networks. Congratulations as well on your Estonian Research Council grant (PUTJD1234) and your new leadership role at Tallinn Digital University’s Cybersecurity Lab.

Given your expertise, we would be honored if you would co-chair the ""AI-Enhanced Threat Detection in 5G Infrastructures"" panel at the Baltic Cybersecurity Forum 2024, to be held at the Radisson Blu, Riga, on 17-18 September. We are finalizing the program by June 30th and would appreciate your confirmation by June 14th. Please review the attached agenda draft and submit your brief bio via the secure link below.

Looking forward to your response.

Best regards,
Marek Laan
Department of Computer Science, University of Latvia",Invitation to Join the Editorial Board of the International Journal of Advanced Interdisciplinary Studies,"Dear Esteemed Colleague,

On behalf of the Organizing Committee of the International Journal of Advanced Interdisciplinary Studies (IJAIS), we are pleased to extend to you an invitation to join our distinguished Editorial Board. IJAIS is published by the Global Academic Research Consortium (GARC) in collaboration with the Center for Scholarly Excellence (CSE), and is indexed in the Universal Academic Database (UAD).

Our journal is committed to promoting high-quality research and fostering academic collaboration. As we prepare for our upcoming 2024 Special Issue, to be launched at the World Academic Symposium in Geneva (September 18-21, 2024), we are seeking accomplished professionals to contribute to our editorial processes. Editorial Board members will be acknowledged at the Annual Editorial Summit, hosted by the European Institute of Academic Leadership (EIAL).

If you are interested in this opportunity, kindly reply to Dr. Michael T. Anderson, Editorial Coordinator, by June 30, 2024. We look forward to your valued participation in advancing scholarly excellence.

Sincerely,
Editorial Office
International Journal of Advanced Interdisciplinary Studies",Question about your work on AI and 5G security,"I have been following your recent paper on AI methods for 5G network protection. Your approach to decentralized authentication is very relevant to my current project. I am interested in discussing possible collaboration or sharing ideas, as your research aligns closely with my focus. Would you be open to a short call to talk further?",Invitation to Join Editorial Board,"We are looking for new members to join our journal editorial board. Your background may be a good fit. If you are interested, please reply to this email. We can share more details about the process. Thank you for considering this opportunity."
per-005,Dr. Raj Kumar,"Invitation: Keynote Panel on AI-Enhanced Network Security at IEEE CNS 2024, Singapore","Dear Dr. Raj Kumar,

I am reaching out on behalf of the IEEE Communications and Network Security (CNS) 2024 Organizing Committee. We have been following your pioneering work, particularly your DST-funded project on next-generation firewall technologies and your recent publication, ""Adaptive Intrusion Detection Systems for IoT Networks"" in the Journal of Network Security (Vol. 18, Issue 4, May 2024). Your leadership in mentoring graduate researchers at Delhi College of Engineering has also been widely recognized.

Given your expertise in AI-driven network security, we are honored to invite you as a keynote panelist for the ""AI-Enhanced Threat Detection in Heterogeneous IoT Environments"" session at IEEE CNS 2024, to be held at the Suntec Singapore Convention Centre, 14–17 October 2024. The panel will feature Prof. Li Wei (Tsinghua University) and Dr. Elena Petrova (ETH Zurich), with an expected audience of over 500 attendees.

To confirm your participation and receive the official invitation letter, please complete the attached speaker information form by June 21, 2024.

We look forward to your valuable contribution.

Best regards,
Dr. Priya Sharma
IEEE CNS 2024 Program Chair",Invitation for Collaborative Research Opportunity – International Academic Consortium 2024,"Dear Esteemed Colleague,

On behalf of the Organizing Committee of the Global Academic Advancement Forum (GAAF) and the International Consortium for Scholarly Exchange (ICSE), we are pleased to extend an invitation to explore potential collaborative research initiatives. Our upcoming event, the 12th Annual Summit on Interdisciplinary Scholarship, will be held at the Grand Meridian Conference Center, Geneva, Switzerland, from September 18-21, 2024.

We are reaching out to distinguished academics from renowned institutions such as the European Institute of Higher Learning and the Pacific Research Foundation. Our editorial partners, including the Journal of Universal Studies and the World Academic Review, are also keen to support joint projects.

We believe your expertise would be a valuable addition to our collaborative network. Dr. Helena Voss (Chair, GAAF) and Prof. Samuel Lin (Director, ICSE) are available for preliminary discussions at your convenience.

Please let us know if you are interested in learning more about this opportunity. We look forward to your positive response.

Sincerely,

Dr. Martin Ellery
International Academic Consortium Coordinator",Question about your work on network security,I read your recent paper on intrusion detection for IoT. Your approach to adaptive methods in network security is very relevant to my current project. I am interested in how you handle real-time threats using AI. Would you be open to a short discussion about possible collaboration or sharing insights? Please let me know if you are available.,Possible Collaboration Opportunity,"Hello,

I am reaching out to see if you are interested in a possible collaboration. I think we could work together on something in the future. Please let me know if you want to discuss this more. Looking forward to your reply.

Thank you."
per-006,Dr. Jun Wei Lim,,,Nomination Request: International Academic Excellence Award 2024,"Dear Esteemed Colleague,

On behalf of the Selection Committee of the Global Institute for Scholarly Advancement (GISA), we are pleased to inform you that you have been preliminarily nominated for the International Academic Excellence Award 2024. This recognition is presented annually at the World Congress on Interdisciplinary Research (WCIR), scheduled for 14-17 September 2024 at the Grand Meridian Conference Center, Geneva, Switzerland.

Your nomination was recommended by members of the Academic Review Board, including Dr. Helena Voss (University of New Europa) and Prof. Samuel Lin (Pacific Research Consortium). The award is supported by the Journal of Universal Scholarship and the European Academic Network.

To proceed with your nomination, please confirm your interest by replying to this email with your updated contact details and a brief professional summary by 30 June 2024. Further instructions regarding the nomination process will be provided upon receipt.

We look forward to your response and potential participation in this distinguished event.

Sincerely,

Dr. Martin E. Rowe
Chair, GISA Selection Committee
Global Institute for Scholarly Advancement",Interest in Your Work on Network Security,I have read your recent paper on secure protocols in smart city networks. Your approach to encrypted traffic analysis is very relevant to current challenges in this area. I am organizing a discussion on new directions in network security for urban systems. Would you be interested in joining or sharing your insights? Please reply if you would like more information.,Award Nomination Request,You have been selected for a possible award. We are reaching out to confirm your interest. Please reply to this email if you would like to be considered. More details will be shared after your response. Thank you for your attention.
per-007,Dr. Emma van den Berg,,,Invitation: Global Academic Seminar Series 2024 at International Research Forum,"Dear Esteemed Colleague,

On behalf of the Organizing Committee of the Global Academic Seminar Series 2024, we are pleased to extend an invitation to you to participate in our upcoming event. The seminar series is hosted by the International Research Forum in collaboration with the Center for Advanced Academic Studies and the Journal of Contemporary Scholarship. The sessions will be held at the Grand Conference Hall, University of Metropolitan Studies, London, from September 12th to 15th, 2024.

Distinguished speakers, including Dr. Samuel T. Hargrove (Chair, Academic Council), Prof. Linda M. Chen (Editor-in-Chief, Modern Knowledge Review), and Dr. Peter J. Novak (Director, Institute of Scholarly Exchange), will be presenting. The seminar series aims to foster interdisciplinary dialogue and promote academic excellence.

We encourage you to confirm your participation by registering through the provided link. For further details, please contact Ms. Rachel D. Evans, Seminar Coordinator, at events@irforum-acad.org.

We look forward to your valued presence at this prestigious event.

Sincerely,

The Organizing Committee
Global Academic Seminar Series 2024",Question about your recent work on AI and network security,"I read your recent paper on AI methods for network anomaly detection. Your approach to identifying threats in modern network systems is very relevant to my own research. I am interested in how you apply these techniques, especially in complex environments. Would you be open to a short discussion about your findings and possible future directions?",Invitation to Upcoming Seminar Series,You are invited to join our seminar series. The sessions will be held online soon. More details will be shared later. Please reply if you are interested in attending. We hope you can join us for these events.
per-008,Dr. Oluwaseun Adeyemi,,,Request for Feedback: Research Proposal Review – International Symposium on Advanced Studies 2024,"Dear Esteemed Colleague,

On behalf of the Organizing Committee of the International Symposium on Advanced Studies 2024, to be held at the Grand Meridian Conference Center, Geneva, from September 12-15, we are reaching out to select members of the academic community for their valued insights. As part of our ongoing collaboration with the Global Institute for Scholarly Excellence and the Journal of Contemporary Research Initiatives, we are currently reviewing a number of research proposals submitted for consideration.

We would greatly appreciate your feedback on a proposal recently received by our committee. The proposal, authored by Dr. Samuel T. Hargrove (Midlands University), is under preliminary review for potential inclusion in the upcoming symposium proceedings. Your expertise and perspective would be highly beneficial to our assessment process.

Please find the proposal attached for your confidential review. We kindly request your comments by July 18, 2024. Should you have any questions, please contact Ms. Lila Chen, Symposium Coordinator, at lchen@isas2024.org.

Thank you for your time and consideration.

Sincerely,
Dr. Martin E. Voss
Review Panel Chair
International Symposium on Advanced Studies 2024",Question about your work on cryptography for mobile networks,"I read your recent paper on cryptographic methods for mobile networks. Your approach to intrusion detection in IoT environments is very relevant to my current research. I am interested in discussing possible collaboration or sharing ideas, especially around secure mobile communications. If you are open to this, please let me know how best to connect.",Request for Feedback on Proposal,"Hello, I am working on a research proposal and would like your feedback. Please let me know your thoughts when you have time. Your input would be helpful. If you need more details, I can share them. Thank you for considering this request."
per-009,Dr. Zahra Mohammadi,,,Call for Papers: International Symposium on Advanced Academic Research 2024,"Dear Esteemed Colleague,

We are pleased to announce the Call for Papers for the 7th International Symposium on Advanced Academic Research (ISAAR 2024), organized by the Global Institute for Scholarly Exchange (GISE) in collaboration with the Journal of Universal Studies (JUS). The symposium will be held at the Grand Convention Center, City of New Horizons, from September 18-21, 2024. 

We cordially invite submissions from scholars, researchers, and practitioners worldwide. All accepted papers will be published in the Proceedings of ISAAR 2024, with selected works considered for special issues in JUS. The conference will feature keynote addresses by Prof. Linda M. Carter (University of Metropolitan Excellence) and Dr. Samuel T. Nguyen (Continental Research Academy).

Important Dates:
- Submission Deadline: July 15, 2024
- Notification of Acceptance: August 10, 2024
- Early Registration: August 25, 2024

For submission guidelines and further information, please visit our website or contact the Organizing Committee at isaar2024@conference-mail.org.

Sincerely,
Dr. Elena V. Brooks
ISAAR 2024 Organizing Chair",Question about your IoT security research,I read your recent work on intrusion detection in IoT networks. Your approach to adaptive methods is very relevant to current security challenges. I am interested in how your techniques could be applied to new types of network threats. Would you be open to sharing more about your methods or discussing possible collaboration? Please let me know if you are available to talk further.,Call for Papers - Submit Your Work,"We invite you to submit your papers for our upcoming publication. All topics are welcome. Please send your work by the deadline. For more details, reply to this email. We look forward to your submission. Thank you for your interest."
per-010,Dr. Nicolas Leroy,,,Invitation: Global Academic Networking Symposium 2024 – Connect with Leading Scholars,"Dear Esteemed Researcher,

On behalf of the Organizing Committee of the International Consortium for Academic Collaboration (ICAC), we are pleased to invite you to participate in the upcoming Global Academic Networking Symposium 2024. The event will be held at the Grand Meridian Conference Center, hosted by the Institute for Advanced Interdisciplinary Studies, from September 12-14, 2024, in partnership with the Journal of Innovative Research and the European Academic Exchange Forum.

This symposium will feature keynote addresses from distinguished figures such as Prof. Linda M. Carroway (University of Northbridge) and Dr. Samuel T. Hargrove (Pacific Research Institute). Attendees will have the opportunity to engage in dynamic networking sessions, collaborative workshops, and panel discussions on emerging trends in academia.

We encourage you to confirm your participation by registering through the official event portal. For further details, please contact the Event Secretariat at events@icac-global.org.

We look forward to welcoming you to this unique gathering of scholars.

Sincerely,
Dr. Fiona L. Wexler
Chair, Organizing Committee
Global Academic Networking Symposium 2024",Interest in your work on secure network protocols,I read your recent paper on adaptive intrusion detection for IoT networks. Your approach to secure routing and encrypted traffic analysis is very relevant to ongoing work in this area. I am looking for input from researchers with your background. Would you be open to sharing your perspective or discussing possible collaboration? Please reply if interested.,Invitation to Networking Event,You are invited to a networking event for researchers. This is a good chance to meet others and share ideas. The event will be online. More details will be sent soon. Please reply if you are interested in joining.
per-011,Dr. Do-Yun Choi,,,Invitation: International Workshop on Emerging Computer Science Trends (IWECST 2024),"Dear Esteemed Colleague,

On behalf of the Organizing Committee, we are pleased to invite you to participate in the International Workshop on Emerging Computer Science Trends (IWECST 2024), scheduled for September 18-20, 2024, at the Grand Academic Conference Center, hosted by the Institute of Advanced Computational Studies, in collaboration with the Journal of Modern Informatics and the Global Association for Digital Innovation.

The workshop will feature keynote addresses by Prof. Linda K. Morrison (University of Northwood), Dr. Samuel T. Lee (Pacific Technical Institute), and Dr. Priya Nand (European Center for Computing Research). Sessions will cover a broad range of current topics in computer science, with opportunities for networking and knowledge exchange.

We encourage you to submit an abstract or register as a participant by July 31, 2024. For further details, please visit our official website: www.iwecst2024-conference.org.

We look forward to your valued participation in this significant academic event.

Sincerely,
Dr. Michael J. Evans
Workshop Coordinator, IWECST 2024",Question about your recent work on 5G security,I read your recent paper on intrusion detection in 5G networks. Your approach to adaptive threat response is very relevant to my current project. I am exploring similar methods in network security and would value your perspective. Would you be open to a short call to discuss your findings and possible collaboration?,Invitation to Workshop on Computer Science Trends,You are invited to join a workshop about new trends in computer science. The event will cover general topics and updates. Please see the attached file for more details. Let us know if you are interested in attending. Thank you for your time.
per-012,Dr. Charlotte Graves,,,Invitation to Review Manuscript for International Journal of Advanced Research Studies,"Dear Esteemed Colleague,

On behalf of the Editorial Board of the International Journal of Advanced Research Studies (IJARS), we are pleased to invite you to serve as a reviewer for a recently submitted manuscript. The manuscript, authored by Dr. Michael T. Reynolds and colleagues from the Center for Interdisciplinary Innovation, University of North Midlands, has been provisionally accepted for consideration in our upcoming Special Issue on Emerging Perspectives, scheduled for publication in September 2024.

Your expertise and experience are highly valued by our editorial team, and we believe your insights would greatly contribute to the quality of this publication. The review process is coordinated by Prof. Linda S. Choi, Conference Chair of the 2024 Global Academic Forum, to be held at the Grandview Convention Center, Geneva, from 12-15 October 2024.

If you are available to review this manuscript, kindly confirm your willingness by replying to this email at your earliest convenience. Further instructions and access to the manuscript will be provided upon confirmation.

Thank you for considering this request.

Sincerely,
Editorial Office
International Journal of Advanced Research Studies",Question about your recent work on AI and threat detection,I read your recent paper on adaptive intrusion detection for IoT. I am working on similar AI-based methods for network security. Your approach to encrypted traffic analysis is very relevant to my project. Would you be open to a short discussion or sharing more about your methods? I believe your insights could help address some challenges I am facing.,Request to Review Manuscript,"Hello, we are looking for someone to review a manuscript. The topic is general and does not require special knowledge. Please let us know if you are available. Your feedback would be helpful. Reply to this email if you are interested. Thank you for your time."
per-013,Dr. Thomas Peeters,,,"Invitation to Participate: 12th International Academic Forum 2024, Vienna","Dear Esteemed Colleague,

On behalf of the Organizing Committee, we are pleased to invite you to participate in the 12th International Academic Forum (IAF 2024), scheduled to take place from September 18-21, 2024, at the Grand Vienna Convention Center, Austria. This prestigious event is jointly hosted by the European Society for Interdisciplinary Research (ESIR) and the Global Academic Exchange Network (GAEN).

The conference will feature keynote addresses from distinguished scholars such as Prof. Linda M. Harrington (University of New London) and Dr. Samuel T. Becker (International Institute of Advanced Studies). Participants will have the opportunity to engage in panel discussions, workshops, and networking sessions. Selected papers will be considered for publication in the Journal of Contemporary Academic Studies (JCAS).

We encourage you to submit your abstract by July 15, 2024, via our online portal. For further details, please contact the Secretariat at info@iaf2024vienna.org or visit our website.

We look forward to your valued participation.

Sincerely,
Dr. Elena V. Petrov
Conference Chair, IAF 2024",Question about your work on secure network protocols,"I have been following your research on secure routing and intrusion detection in networked systems. Your recent work on adaptive methods for IoT security is especially relevant to my current project. I would appreciate your thoughts on practical challenges in this area. If you are open to a brief exchange, please let me know how best to connect.",Invitation to Join Conference,"Hello,

You are invited to take part in an upcoming conference. We welcome your participation. Please reply if you are interested. More details will be shared soon.

Thank you."
per-014,Dr. Anna Schmidt,,,Invitation to Join the Editorial Board of the International Journal of Advanced Interdisciplinary Studies,"Dear Esteemed Colleague,

On behalf of the Organizing Committee of the International Journal of Advanced Interdisciplinary Studies (IJAIS), we are pleased to extend to you an invitation to join our distinguished Editorial Board. IJAIS is published by the Global Academic Research Consortium (GARC) in collaboration with the Center for Scholarly Excellence (CSE), and is indexed in the Universal Academic Database (UAD).

Our journal is committed to promoting high-quality research and fostering academic collaboration. As we prepare for our upcoming 2024 Special Issue, to be launched at the World Academic Symposium in Geneva (September 18-21, 2024), we are seeking accomplished professionals to contribute to our editorial processes. Editorial Board members will be acknowledged at the Annual Editorial Summit, hosted by the European Institute of Academic Leadership (EIAL).

If you are interested in this opportunity, kindly reply to Dr. Michael T. Anderson, Editorial Coordinator, by June 30, 2024. We look forward to your valued participation in advancing scholarly excellence.

Sincerely,
Editorial Office
International Journal of Advanced Interdisciplinary Studies",Question about your IoT security research,"I read your recent work on intrusion detection for IoT networks. Your approach to adaptive systems is very relevant to ongoing projects in this area. I am interested in discussing possible collaboration or sharing ideas, especially around secure protocols and encrypted communication. If you are open to a short call, please let me know your availability.",Invitation to Join Editorial Board,"We are looking for new members to join our journal editorial board. Your background may be a good fit. If you are interested, please reply to this email. We can share more details about the process. Thank you for considering this opportunity."
per-015,Dr. Maya Barak,,,Invitation for Collaborative Research Opportunity – International Academic Consortium 2024,"Dear Esteemed Colleague,

On behalf of the Organizing Committee of the Global Academic Advancement Forum (GAAF) and the International Consortium for Scholarly Exchange (ICSE), we are pleased to extend an invitation to explore potential collaborative research initiatives. Our upcoming event, the 12th Annual Summit on Interdisciplinary Scholarship, will be held at the Grand Meridian Conference Center, Geneva, Switzerland, from September 18-21, 2024.

We are reaching out to distinguished academics from renowned institutions such as the European Institute of Higher Learning and the Pacific Research Foundation. Our editorial partners, including the Journal of Universal Studies and the World Academic Review, are also keen to support joint projects.

We believe your expertise would be a valuable addition to our collaborative network. Dr. Helena Voss (Chair, GAAF) and Prof. Samuel Lin (Director, ICSE) are available for preliminary discussions at your convenience.

Please let us know if you are interested in learning more about this opportunity. We look forward to your positive response.

Sincerely,

Dr. Martin Ellery
International Academic Consortium Coordinator",Question about your work on secure routing,I read your recent paper on secure routing in network defense. Your approach to handling threats in this area is very relevant to my current project. I am interested in how you address specific challenges in your research. Could you share more details or discuss your methods? I believe your experience could help improve my understanding.,Possible Collaboration Opportunity,"Hello,

I am reaching out to see if you are interested in a possible collaboration. I think we could work together on something in the future. Please let me know if you want to discuss this more. Looking forward to your reply.

Thank you."
per-016,Dr. Mariana Costa,,,Nomination Request: International Academic Excellence Award 2024,"Dear Esteemed Colleague,

On behalf of the Selection Committee of the Global Institute for Scholarly Advancement (GISA), we are pleased to inform you that you have been preliminarily nominated for the International Academic Excellence Award 2024. This recognition is presented annually at the World Congress on Interdisciplinary Research (WCIR), scheduled for 14-17 September 2024 at the Grand Meridian Conference Center, Geneva, Switzerland.

Your nomination was recommended by members of the Academic Review Board, including Dr. Helena Voss (University of New Europa) and Prof. Samuel Lin (Pacific Research Consortium). The award is supported by the Journal of Universal Scholarship and the European Academic Network.

To proceed with your nomination, please confirm your interest by replying to this email with your updated contact details and a brief professional summary by 30 June 2024. Further instructions regarding the nomination process will be provided upon receipt.

We look forward to your response and potential participation in this distinguished event.

Sincerely,

Dr. Martin E. Rowe
Chair, GISA Selection Committee
Global Institute for Scholarly Advancement",Question about your work on secure routing,I read your recent paper on secure routing in network systems. Your approach to protecting critical infrastructure is very relevant to my current project. I am interested in how you address threats in large-scale deployments. Would you be open to sharing more details or discussing possible collaboration? Please let me know if you are available.,Award Nomination Request,You have been selected for a possible award. We are reaching out to confirm your interest. Please reply to this email if you would like to be considered. More details will be shared after your response. Thank you for your attention.
per-017,Dr. Fatima Al Mazrouei,,,Invitation: Global Academic Seminar Series 2024 at International Research Forum,"Dear Esteemed Colleague,

On behalf of the Organizing Committee of the Global Academic Seminar Series 2024, we are pleased to extend an invitation to you to participate in our upcoming event. The seminar series is hosted by the International Research Forum in collaboration with the Center for Advanced Academic Studies and the Journal of Contemporary Scholarship. The sessions will be held at the Grand Conference Hall, University of Metropolitan Studies, London, from September 12th to 15th, 2024.

Distinguished speakers, including Dr. Samuel T. Hargrove (Chair, Academic Council), Prof. Linda M. Chen (Editor-in-Chief, Modern Knowledge Review), and Dr. Peter J. Novak (Director, Institute of Scholarly Exchange), will be presenting. The seminar series aims to foster interdisciplinary dialogue and promote academic excellence.

We encourage you to confirm your participation by registering through the provided link. For further details, please contact Ms. Rachel D. Evans, Seminar Coordinator, at events@irforum-acad.org.

We look forward to your valued presence at this prestigious event.

Sincerely,

The Organizing Committee
Global Academic Seminar Series 2024",Interest in your work on AI and network security,I read your recent paper on adaptive intrusion detection for IoT in smart cities. Your approach to AI-driven threat detection is very relevant to current network security issues. I am interested in discussing possible collaboration on AI and blockchain solutions for urban networks. Would you be open to a short call to share ideas?,Invitation to Upcoming Seminar Series,You are invited to join our seminar series. The sessions will be held online soon. More details will be shared later. Please reply if you are interested in attending. We hope you can join us for these events.
per-018,Dr. Michael Chen,,,Request for Feedback: Research Proposal Review – International Symposium on Advanced Studies 2024,"Dear Esteemed Colleague,

On behalf of the Organizing Committee of the International Symposium on Advanced Studies 2024, to be held at the Grand Meridian Conference Center, Geneva, from September 12-15, we are reaching out to select members of the academic community for their valued insights. As part of our ongoing collaboration with the Global Institute for Scholarly Excellence and the Journal of Contemporary Research Initiatives, we are currently reviewing a number of research proposals submitted for consideration.

We would greatly appreciate your feedback on a proposal recently received by our committee. The proposal, authored by Dr. Samuel T. Hargrove (Midlands University), is under preliminary review for potential inclusion in the upcoming symposium proceedings. Your expertise and perspective would be highly beneficial to our assessment process.

Please find the proposal attached for your confidential review. We kindly request your comments by July 18, 2024. Should you have any questions, please contact Ms. Lila Chen, Symposium Coordinator, at lchen@isas2024.org.

Thank you for your time and consideration.

Sincerely,
Dr. Martin E. Voss
Review Panel Chair
International Symposium on Advanced Studies 2024",Question about your work on secure routing protocols,"I have been following your research in secure routing and encrypted communication. Your recent paper in this area was very relevant to my current project. I am interested in discussing possible collaboration or feedback on related work. If you are available, could you reply with your thoughts or suggest a time to connect?",Request for Feedback on Proposal,"Hello, I am working on a research proposal and would like your feedback. Please let me know your thoughts when you have time. Your input would be helpful. If you need more details, I can share them. Thank you for considering this request."
per-019,Dr. Ingrid Bergstrom,,,Call for Papers: International Symposium on Advanced Academic Research 2024,"Dear Esteemed Colleague,

We are pleased to announce the Call for Papers for the 7th International Symposium on Advanced Academic Research (ISAAR 2024), organized by the Global Institute for Scholarly Exchange (GISE) in collaboration with the Journal of Universal Studies (JUS). The symposium will be held at the Grand Convention Center, City of New Horizons, from September 18-21, 2024. 

We cordially invite submissions from scholars, researchers, and practitioners worldwide. All accepted papers will be published in the Proceedings of ISAAR 2024, with selected works considered for special issues in JUS. The conference will feature keynote addresses by Prof. Linda M. Carter (University of Metropolitan Excellence) and Dr. Samuel T. Nguyen (Continental Research Academy).

Important Dates:
- Submission Deadline: July 15, 2024
- Notification of Acceptance: August 10, 2024
- Early Registration: August 25, 2024

For submission guidelines and further information, please visit our website or contact the Organizing Committee at isaar2024@conference-mail.org.

Sincerely,
Dr. Elena V. Brooks
ISAAR 2024 Organizing Chair",Question about your recent work on AI and network security,I read your recent paper on AI methods for network threat detection. Your approach to decentralized defense is very relevant to my current research. I am interested in how you handle real-time data and adaptive responses. Would you be open to a short discussion about possible collaboration or sharing insights? Please let me know if you are available.,Call for Papers - Submit Your Work,"We invite you to submit your papers for our upcoming publication. All topics are welcome. Please send your work by the deadline. For more details, reply to this email. We look forward to your submission. Thank you for your interest."
per-020,Dr. Ethan Brown,,,Invitation: Global Academic Networking Symposium 2024 – Connect with Leading Scholars,"Dear Esteemed Researcher,

On behalf of the Organizing Committee of the International Consortium for Academic Collaboration (ICAC), we are pleased to invite you to participate in the upcoming Global Academic Networking Symposium 2024. The event will be held at the Grand Meridian Conference Center, hosted by the Institute for Advanced Interdisciplinary Studies, from September 12-14, 2024, in partnership with the Journal of Innovative Research and the European Academic Exchange Forum.

This symposium will feature keynote addresses from distinguished figures such as Prof. Linda M. Carroway (University of Northbridge) and Dr. Samuel T. Hargrove (Pacific Research Institute). Attendees will have the opportunity to engage in dynamic networking sessions, collaborative workshops, and panel discussions on emerging trends in academia.

We encourage you to confirm your participation by registering through the official event portal. For further details, please contact the Event Secretariat at events@icac-global.org.

We look forward to welcoming you to this unique gathering of scholars.

Sincerely,
Dr. Fiona L. Wexler
Chair, Organizing Committee
Global Academic Networking Symposium 2024",Question about your IoT security work,I read your recent paper on intrusion detection for IoT networks. Your approach to adaptive methods is very relevant to my current work. I am interested in how you handle evolving threats in connected devices. Would you be open to a short discussion about your techniques and possible collaboration?,Invitation to Networking Event,You are invited to a networking event for researchers. This is a good chance to meet others and share ideas. The event will be online. More details will be sent soon. Please reply if you are interested in joining.
per-021,Dr. Ryan MacDonald,,,Invitation: International Workshop on Emerging Computer Science Trends (IWECST 2024),"Dear Esteemed Colleague,

On behalf of the Organizing Committee, we are pleased to invite you to participate in the International Workshop on Emerging Computer Science Trends (IWECST 2024), scheduled for September 18-20, 2024, at the Grand Academic Conference Center, hosted by the Institute of Advanced Computational Studies, in collaboration with the Journal of Modern Informatics and the Global Association for Digital Innovation.

The workshop will feature keynote addresses by Prof. Linda K. Morrison (University of Northwood), Dr. Samuel T. Lee (Pacific Technical Institute), and Dr. Priya Nand (European Center for Computing Research). Sessions will cover a broad range of current topics in computer science, with opportunities for networking and knowledge exchange.

We encourage you to submit an abstract or register as a participant by July 31, 2024. For further details, please visit our official website: www.iwecst2024-conference.org.

We look forward to your valued participation in this significant academic event.

Sincerely,
Dr. Michael J. Evans
Workshop Coordinator, IWECST 2024",Question about your work on secure software,I read your recent paper on secure software methods. Your approach to protecting communication channels is very relevant to my current project. I am interested in how you address new threats in this area. Would you be open to sharing more about your process or discussing possible collaboration? Please let me know if you are available for a short call.,Invitation to Workshop on Computer Science Trends,You are invited to join a workshop about new trends in computer science. The event will cover general topics and updates. Please see the attached file for more details. Let us know if you are interested in attending. Thank you for your time.
per-022,Dr. Sakura Yamamoto,,,Invitation to Review Manuscript for International Journal of Advanced Research Studies,"Dear Esteemed Colleague,

On behalf of the Editorial Board of the International Journal of Advanced Research Studies (IJARS), we are pleased to invite you to serve as a reviewer for a recently submitted manuscript. The manuscript, authored by Dr. Michael T. Reynolds and colleagues from the Center for Interdisciplinary Innovation, University of North Midlands, has been provisionally accepted for consideration in our upcoming Special Issue on Emerging Perspectives, scheduled for publication in September 2024.

Your expertise and experience are highly valued by our editorial team, and we believe your insights would greatly contribute to the quality of this publication. The review process is coordinated by Prof. Linda S. Choi, Conference Chair of the 2024 Global Academic Forum, to be held at the Grandview Convention Center, Geneva, from 12-15 October 2024.

If you are available to review this manuscript, kindly confirm your willingness by replying to this email at your earliest convenience. Further instructions and access to the manuscript will be provided upon confirmation.

Thank you for considering this request.

Sincerely,
Editorial Office
International Journal of Advanced Research Studies",Question about your work on secure routing,I have been following your recent paper on secure routing in networked systems. Your approach to protecting IoT devices from new threats is very relevant to my current project. I am interested in discussing possible collaboration or feedback on related topics. Please let me know if you are open to a short conversation.,Request to Review Manuscript,"Hello, we are looking for someone to review a manuscript. The topic is general and does not require special knowledge. Please let us know if you are available. Your feedback would be helpful. Reply to this email if you are interested. Thank you for your time."
per-023,Dr. Martin Lepik,,,"Invitation to Participate: 12th International Academic Forum 2024, Vienna","Dear Esteemed Colleague,

On behalf of the Organizing Committee, we are pleased to invite you to participate in the 12th International Academic Forum (IAF 2024), scheduled to take place from September 18-21, 2024, at the Grand Vienna Convention Center, Austria. This prestigious event is jointly hosted by the European Society for Interdisciplinary Research (ESIR) and the Global Academic Exchange Network (GAEN).

The conference will feature keynote addresses from distinguished scholars such as Prof. Linda M. Harrington (University of New London) and Dr. Samuel T. Becker (International Institute of Advanced Studies). Participants will have the opportunity to engage in panel discussions, workshops, and networking sessions. Selected papers will be considered for publication in the Journal of Contemporary Academic Studies (JCAS).

We encourage you to submit your abstract by July 15, 2024, via our online portal. For further details, please contact the Secretariat at info@iaf2024vienna.org or visit our website.

We look forward to your valued participation.

Sincerely,
Dr. Elena V. Petrov
Conference Chair, IAF 2024",Question about your work on secure 5G protocols,I have been reading your recent paper on secure 5G communication. Your approach to protocol design is very relevant to my current project. I am interested in how you address new threats in this area. Would you be open to sharing more about your methods or discussing possible collaboration? Please let me know if you are available for a short call or email exchange.,Invitation to Join Conference,"Hello,

You are invited to take part in an upcoming conference. We welcome your participation. Please reply if you are interested. More details will be shared soon.

Thank you."
per-024,Dr. Deepa Reddy,,,Invitation to Join the Editorial Board of the International Journal of Advanced Interdisciplinary Studies,"Dear Esteemed Colleague,

On behalf of the Organizing Committee of the International Journal of Advanced Interdisciplinary Studies (IJAIS), we are pleased to extend to you an invitation to join our distinguished Editorial Board. IJAIS is published by the Global Academic Research Consortium (GARC) in collaboration with the Center for Scholarly Excellence (CSE), and is indexed in the Universal Academic Database (UAD).

Our journal is committed to promoting high-quality research and fostering academic collaboration. As we prepare for our upcoming 2024 Special Issue, to be launched at the World Academic Symposium in Geneva (September 18-21, 2024), we are seeking accomplished professionals to contribute to our editorial processes. Editorial Board members will be acknowledged at the Annual Editorial Summit, hosted by the European Institute of Academic Leadership (EIAL).

If you are interested in this opportunity, kindly reply to Dr. Michael T. Anderson, Editorial Coordinator, by June 30, 2024. We look forward to your valued participation in advancing scholarly excellence.

Sincerely,
Editorial Office
International Journal of Advanced Interdisciplinary Studies",Question about your work on encrypted network defense,I read your recent paper on firewall technologies and encrypted communication. Your approach to network defense is very relevant to my current project. I am looking for insights from researchers active in this area. Would you be open to a short discussion or sharing your thoughts? Your experience would be very helpful.,Invitation to Join Editorial Board,"We are looking for new members to join our journal editorial board. Your background may be a good fit. If you are interested, please reply to this email. We can share more details about the process. Thank you for considering this opportunity."
per-025,Dr. Wei Jie Ng,,,Invitation for Collaborative Research Opportunity – International Academic Consortium 2024,"Dear Esteemed Colleague,

On behalf of the Organizing Committee of the Global Academic Advancement Forum (GAAF) and the International Consortium for Scholarly Exchange (ICSE), we are pleased to extend an invitation to explore potential collaborative research initiatives. Our upcoming event, the 12th Annual Summit on Interdisciplinary Scholarship, will be held at the Grand Meridian Conference Center, Geneva, Switzerland, from September 18-21, 2024.

We are reaching out to distinguished academics from renowned institutions such as the European Institute of Higher Learning and the Pacific Research Foundation. Our editorial partners, including the Journal of Universal Studies and the World Academic Review, are also keen to support joint projects.

We believe your expertise would be a valuable addition to our collaborative network. Dr. Helena Voss (Chair, GAAF) and Prof. Samuel Lin (Director, ICSE) are available for preliminary discussions at your convenience.

Please let us know if you are interested in learning more about this opportunity. We look forward to your positive response.

Sincerely,

Dr. Martin Ellery
International Academic Consortium Coordinator",Question about your secure edge computing work,"I read your recent paper on secure edge computing and found your approach to encrypted traffic analysis very relevant to my current project. I am exploring similar methods and would like to discuss possible collaboration or exchange of ideas. If you are interested, please let me know and I can share more details.",Possible Collaboration Opportunity,"Hello,

I am reaching out to see if you are interested in a possible collaboration. I think we could work together on something in the future. Please let me know if you want to discuss this more. Looking forward to your reply.

Thank you."
per-026,Dr. Daan de Vries,,,Nomination Request: International Academic Excellence Award 2024,"Dear Esteemed Colleague,

On behalf of the Selection Committee of the Global Institute for Scholarly Advancement (GISA), we are pleased to inform you that you have been preliminarily nominated for the International Academic Excellence Award 2024. This recognition is presented annually at the World Congress on Interdisciplinary Research (WCIR), scheduled for 14-17 September 2024 at the Grand Meridian Conference Center, Geneva, Switzerland.

Your nomination was recommended by members of the Academic Review Board, including Dr. Helena Voss (University of New Europa) and Prof. Samuel Lin (Pacific Research Consortium). The award is supported by the Journal of Universal Scholarship and the European Academic Network.

To proceed with your nomination, please confirm your interest by replying to this email with your updated contact details and a brief professional summary by 30 June 2024. Further instructions regarding the nomination process will be provided upon receipt.

We look forward to your response and potential participation in this distinguished event.

Sincerely,

Dr. Martin E. Rowe
Chair, GISA Selection Committee
Global Institute for Scholarly Advancement",Question about your federated learning work,I read your recent paper on federated learning for edge devices. Your approach to scalable architectures is very relevant to my current work. I am interested in how you handle heterogeneous environments and low-latency inference. Would you be open to sharing more details or discussing possible collaboration? Please let me know if you are available for a short call.,Award Nomination Request,You have been selected for a possible award. We are reaching out to confirm your interest. Please reply to this email if you would like to be considered. More details will be shared after your response. Thank you for your attention.
per-027,Dr. Ngozi Adebayo,,,Invitation: Global Academic Seminar Series 2024 at International Research Forum,"Dear Esteemed Colleague,

On behalf of the Organizing Committee of the Global Academic Seminar Series 2024, we are pleased to extend an invitation to you to participate in our upcoming event. The seminar series is hosted by the International Research Forum in collaboration with the Center for Advanced Academic Studies and the Journal of Contemporary Scholarship. The sessions will be held at the Grand Conference Hall, University of Metropolitan Studies, London, from September 12th to 15th, 2024.

Distinguished speakers, including Dr. Samuel T. Hargrove (Chair, Academic Council), Prof. Linda M. Chen (Editor-in-Chief, Modern Knowledge Review), and Dr. Peter J. Novak (Director, Institute of Scholarly Exchange), will be presenting. The seminar series aims to foster interdisciplinary dialogue and promote academic excellence.

We encourage you to confirm your participation by registering through the provided link. For further details, please contact Ms. Rachel D. Evans, Seminar Coordinator, at events@irforum-acad.org.

We look forward to your valued presence at this prestigious event.

Sincerely,

The Organizing Committee
Global Academic Seminar Series 2024",Panel on ML for Low-Bandwidth Networks,I read your recent work on adaptive federated learning for low-bandwidth networks. Your focus on edge computing for resource-limited settings is very relevant to current challenges in ML systems. We are organizing a panel on scalable ML in similar environments. Would you be interested in joining a short call to discuss your possible participation?,Invitation to Upcoming Seminar Series,You are invited to join our seminar series. The sessions will be held online soon. More details will be shared later. Please reply if you are interested in attending. We hope you can join us for these events.
per-028,Dr. Amir Hashemi,,,Request for Feedback: Research Proposal Review – International Symposium on Advanced Studies 2024,"Dear Esteemed Colleague,

On behalf of the Organizing Committee of the International Symposium on Advanced Studies 2024, to be held at the Grand Meridian Conference Center, Geneva, from September 12-15, we are reaching out to select members of the academic community for their valued insights. As part of our ongoing collaboration with the Global Institute for Scholarly Excellence and the Journal of Contemporary Research Initiatives, we are currently reviewing a number of research proposals submitted for consideration.

We would greatly appreciate your feedback on a proposal recently received by our committee. The proposal, authored by Dr. Samuel T. Hargrove (Midlands University), is under preliminary review for potential inclusion in the upcoming symposium proceedings. Your expertise and perspective would be highly beneficial to our assessment process.

Please find the proposal attached for your confidential review. We kindly request your comments by July 18, 2024. Should you have any questions, please contact Ms. Lila Chen, Symposium Coordinator, at lchen@isas2024.org.

Thank you for your time and consideration.

Sincerely,
Dr. Martin E. Voss
Review Panel Chair
International Symposium on Advanced Studies 2024",Question about your edge ML systems work,I have been following your research on distributed ML for edge computing. Your recent paper on optimizing these systems was very helpful for my own work in this area. I am interested in your approach to scalable deployment. Would you be open to a short discussion about possible collaboration or sharing ideas?,Request for Feedback on Proposal,"Hello, I am working on a research proposal and would like your feedback. Please let me know your thoughts when you have time. Your input would be helpful. If you need more details, I can share them. Thank you for considering this request."
per-029,Dr. Julie Petit,,,Call for Papers: International Symposium on Advanced Academic Research 2024,"Dear Esteemed Colleague,

We are pleased to announce the Call for Papers for the 7th International Symposium on Advanced Academic Research (ISAAR 2024), organized by the Global Institute for Scholarly Exchange (GISE) in collaboration with the Journal of Universal Studies (JUS). The symposium will be held at the Grand Convention Center, City of New Horizons, from September 18-21, 2024. 

We cordially invite submissions from scholars, researchers, and practitioners worldwide. All accepted papers will be published in the Proceedings of ISAAR 2024, with selected works considered for special issues in JUS. The conference will feature keynote addresses by Prof. Linda M. Carter (University of Metropolitan Excellence) and Dr. Samuel T. Nguyen (Continental Research Academy).

Important Dates:
- Submission Deadline: July 15, 2024
- Notification of Acceptance: August 10, 2024
- Early Registration: August 25, 2024

For submission guidelines and further information, please visit our website or contact the Organizing Committee at isaar2024@conference-mail.org.

Sincerely,
Dr. Elena V. Brooks
ISAAR 2024 Organizing Chair",Interest in Your Work on Robust Distributed ML,I read your recent paper on optimizing distributed ML systems for edge computing. Your approach to improving robustness in these systems is very relevant to my current work. I am organizing a small online discussion focused on robust distributed ML. Would you be interested in joining or sharing your insights? Please reply if you would like more information.,Call for Papers - Submit Your Work,"We invite you to submit your papers for our upcoming publication. All topics are welcome. Please send your work by the deadline. For more details, reply to this email. We look forward to your submission. Thank you for your interest."
per-030,Dr. Ye-Jun Jung,,,Invitation: Global Academic Networking Symposium 2024 – Connect with Leading Scholars,"Dear Esteemed Researcher,

On behalf of the Organizing Committee of the International Consortium for Academic Collaboration (ICAC), we are pleased to invite you to participate in the upcoming Global Academic Networking Symposium 2024. The event will be held at the Grand Meridian Conference Center, hosted by the Institute for Advanced Interdisciplinary Studies, from September 12-14, 2024, in partnership with the Journal of Innovative Research and the European Academic Exchange Forum.

This symposium will feature keynote addresses from distinguished figures such as Prof. Linda M. Carroway (University of Northbridge) and Dr. Samuel T. Hargrove (Pacific Research Institute). Attendees will have the opportunity to engage in dynamic networking sessions, collaborative workshops, and panel discussions on emerging trends in academia.

We encourage you to confirm your participation by registering through the official event portal. For further details, please contact the Event Secretariat at events@icac-global.org.

We look forward to welcoming you to this unique gathering of scholars.

Sincerely,
Dr. Fiona L. Wexler
Chair, Organizing Committee
Global Academic Networking Symposium 2024",Question about your edge computing work,I read your recent paper on distributed machine learning for edge computing. Your approach to optimizing these systems is very relevant to my current project. I am interested in how you handled resource constraints in your experiments. Would you be open to a short discussion about your methods?,Invitation to Networking Event,You are invited to a networking event for researchers. This is a good chance to meet others and share ideas. The event will be online. More details will be sent soon. Please reply if you are interested in joining.
per-031,Dr. Oliver Cromwell,,,Invitation: International Workshop on Emerging Computer Science Trends (IWECST 2024),"Dear Esteemed Colleague,

On behalf of the Organizing Committee, we are pleased to invite you to participate in the International Workshop on Emerging Computer Science Trends (IWECST 2024), scheduled for September 18-20, 2024, at the Grand Academic Conference Center, hosted by the Institute of Advanced Computational Studies, in collaboration with the Journal of Modern Informatics and the Global Association for Digital Innovation.

The workshop will feature keynote addresses by Prof. Linda K. Morrison (University of Northwood), Dr. Samuel T. Lee (Pacific Technical Institute), and Dr. Priya Nand (European Center for Computing Research). Sessions will cover a broad range of current topics in computer science, with opportunities for networking and knowledge exchange.

We encourage you to submit an abstract or register as a participant by July 31, 2024. For further details, please visit our official website: www.iwecst2024-conference.org.

We look forward to your valued participation in this significant academic event.

Sincerely,
Dr. Michael J. Evans
Workshop Coordinator, IWECST 2024",Question about your work on ML system optimization,"I have been following your research on improving machine learning system performance. Your recent work on robust pipelines and resource allocation is very relevant to my current project. I am interested in discussing possible collaboration or feedback. If you are open to this, please let me know how best to connect.",Invitation to Workshop on Computer Science Trends,You are invited to join a workshop about new trends in computer science. The event will cover general topics and updates. Please see the attached file for more details. Let us know if you are interested in attending. Thank you for your time.
per-032,Dr. Sophie Dupont,,,Invitation to Review Manuscript for International Journal of Advanced Research Studies,"Dear Esteemed Colleague,

On behalf of the Editorial Board of the International Journal of Advanced Research Studies (IJARS), we are pleased to invite you to serve as a reviewer for a recently submitted manuscript. The manuscript, authored by Dr. Michael T. Reynolds and colleagues from the Center for Interdisciplinary Innovation, University of North Midlands, has been provisionally accepted for consideration in our upcoming Special Issue on Emerging Perspectives, scheduled for publication in September 2024.

Your expertise and experience are highly valued by our editorial team, and we believe your insights would greatly contribute to the quality of this publication. The review process is coordinated by Prof. Linda S. Choi, Conference Chair of the 2024 Global Academic Forum, to be held at the Grandview Convention Center, Geneva, from 12-15 October 2024.

If you are available to review this manuscript, kindly confirm your willingness by replying to this email at your earliest convenience. Further instructions and access to the manuscript will be provided upon confirmation.

Thank you for considering this request.

Sincerely,
Editorial Office
International Journal of Advanced Research Studies",Question about your work on energy-efficient ML hardware,I read your recent paper on energy-efficient ML hardware. Your approach to improving system performance while reducing power use is very relevant to my current project. I am interested in how you handle trade-offs in hardware design for machine learning. Would you be open to a short discussion or sharing more details? I believe your insights could help guide my work.,Request to Review Manuscript,"Hello, we are looking for someone to review a manuscript. The topic is general and does not require special knowledge. Please let us know if you are available. Your feedback would be helpful. Reply to this email if you are interested. Thank you for your time."
per-033,Dr. Thomas Weber,,,"Invitation to Participate: 12th International Academic Forum 2024, Vienna","Dear Esteemed Colleague,

On behalf of the Organizing Committee, we are pleased to invite you to participate in the 12th International Academic Forum (IAF 2024), scheduled to take place from September 18-21, 2024, at the Grand Vienna Convention Center, Austria. This prestigious event is jointly hosted by the European Society for Interdisciplinary Research (ESIR) and the Global Academic Exchange Network (GAEN).

The conference will feature keynote addresses from distinguished scholars such as Prof. Linda M. Harrington (University of New London) and Dr. Samuel T. Becker (International Institute of Advanced Studies). Participants will have the opportunity to engage in panel discussions, workshops, and networking sessions. Selected papers will be considered for publication in the Journal of Contemporary Academic Studies (JCAS).

We encourage you to submit your abstract by July 15, 2024, via our online portal. For further details, please contact the Secretariat at info@iaf2024vienna.org or visit our website.

We look forward to your valued participation.

Sincerely,
Dr. Elena V. Petrov
Conference Chair, IAF 2024",Interest in your work on energy-efficient machine learning,"I have been following your research on making machine learning more energy-efficient, especially for mobile and real-time systems. Your recent paper in this area was very relevant to my current project. I am organizing a small group discussion on these topics and would value your input. Please reply if you are interested in joining or learning more.",Invitation to Join Conference,"Hello,

You are invited to take part in an upcoming conference. We welcome your participation. Please reply if you are interested. More details will be shared soon.

Thank you."
per-034,Dr. Tal Avraham,,,Invitation to Join the Editorial Board of the International Journal of Advanced Interdisciplinary Studies,"Dear Esteemed Colleague,

On behalf of the Organizing Committee of the International Journal of Advanced Interdisciplinary Studies (IJAIS), we are pleased to extend to you an invitation to join our distinguished Editorial Board. IJAIS is published by the Global Academic Research Consortium (GARC) in collaboration with the Center for Scholarly Excellence (CSE), and is indexed in the Universal Academic Database (UAD).

Our journal is committed to promoting high-quality research and fostering academic collaboration. As we prepare for our upcoming 2024 Special Issue, to be launched at the World Academic Symposium in Geneva (September 18-21, 2024), we are seeking accomplished professionals to contribute to our editorial processes. Editorial Board members will be acknowledged at the Annual Editorial Summit, hosted by the European Institute of Academic Leadership (EIAL).

If you are interested in this opportunity, kindly reply to Dr. Michael T. Anderson, Editorial Coordinator, by June 30, 2024. We look forward to your valued participation in advancing scholarly excellence.

Sincerely,
Editorial Office
International Journal of Advanced Interdisciplinary Studies",Question about your work on adaptive scheduling,I read your recent paper on adaptive scheduling in distributed machine learning. The approach you used for optimizing workloads is very relevant to my current research. I am interested in how you handled resource allocation in large-scale systems. Could you share more details or discuss your methods? I believe your insights could help with a similar problem I am facing.,Invitation to Join Editorial Board,"We are looking for new members to join our journal editorial board. Your background may be a good fit. If you are interested, please reply to this email. We can share more details about the process. Thank you for considering this opportunity."
per-035,Dr. Pedro Santos,,,Invitation for Collaborative Research Opportunity – International Academic Consortium 2024,"Dear Esteemed Colleague,

On behalf of the Organizing Committee of the Global Academic Advancement Forum (GAAF) and the International Consortium for Scholarly Exchange (ICSE), we are pleased to extend an invitation to explore potential collaborative research initiatives. Our upcoming event, the 12th Annual Summit on Interdisciplinary Scholarship, will be held at the Grand Meridian Conference Center, Geneva, Switzerland, from September 18-21, 2024.

We are reaching out to distinguished academics from renowned institutions such as the European Institute of Higher Learning and the Pacific Research Foundation. Our editorial partners, including the Journal of Universal Studies and the World Academic Review, are also keen to support joint projects.

We believe your expertise would be a valuable addition to our collaborative network. Dr. Helena Voss (Chair, GAAF) and Prof. Samuel Lin (Director, ICSE) are available for preliminary discussions at your convenience.

Please let us know if you are interested in learning more about this opportunity. We look forward to your positive response.

Sincerely,

Dr. Martin Ellery
International Academic Consortium Coordinator",Question about your work in ML systems,"I have read your recent paper on scalable machine learning systems. Your approach to improving pipeline efficiency is very relevant to my current project. I am interested in discussing some technical details and possible collaboration. If you are open to a short call or email exchange, please let me know your availability.",Possible Collaboration Opportunity,"Hello,

I am reaching out to see if you are interested in a possible collaboration. I think we could work together on something in the future. Please let me know if you want to discuss this more. Looking forward to your reply.

Thank you."
per-036,Dr. Tariq Hassan,,,Nomination Request: International Academic Excellence Award 2024,"Dear Esteemed Colleague,

On behalf of the Selection Committee of the Global Institute for Scholarly Advancement (GISA), we are pleased to inform you that you have been preliminarily nominated for the International Academic Excellence Award 2024. This recognition is presented annually at the World Congress on Interdisciplinary Research (WCIR), scheduled for 14-17 September 2024 at the Grand Meridian Conference Center, Geneva, Switzerland.

Your nomination was recommended by members of the Academic Review Board, including Dr. Helena Voss (University of New Europa) and Prof. Samuel Lin (Pacific Research Consortium). The award is supported by the Journal of Universal Scholarship and the European Academic Network.

To proceed with your nomination, please confirm your interest by replying to this email with your updated contact details and a brief professional summary by 30 June 2024. Further instructions regarding the nomination process will be provided upon receipt.

We look forward to your response and potential participation in this distinguished event.

Sincerely,

Dr. Martin E. Rowe
Chair, GISA Selection Committee
Global Institute for Scholarly Advancement",Question about your edge computing and ML work,I read your recent paper on distributed machine learning for edge computing. Your approach to optimizing systems in this area is very relevant to my current work. I am interested in your methods and would like to discuss possible collaboration or get your feedback on a related project. Please let me know if you are open to a short conversation.,Award Nomination Request,You have been selected for a possible award. We are reaching out to confirm your interest. Please reply to this email if you would like to be considered. More details will be shared after your response. Thank you for your attention.
per-037,Dr. Robert Kim,,,Invitation: Global Academic Seminar Series 2024 at International Research Forum,"Dear Esteemed Colleague,

On behalf of the Organizing Committee of the Global Academic Seminar Series 2024, we are pleased to extend an invitation to you to participate in our upcoming event. The seminar series is hosted by the International Research Forum in collaboration with the Center for Advanced Academic Studies and the Journal of Contemporary Scholarship. The sessions will be held at the Grand Conference Hall, University of Metropolitan Studies, London, from September 12th to 15th, 2024.

Distinguished speakers, including Dr. Samuel T. Hargrove (Chair, Academic Council), Prof. Linda M. Chen (Editor-in-Chief, Modern Knowledge Review), and Dr. Peter J. Novak (Director, Institute of Scholarly Exchange), will be presenting. The seminar series aims to foster interdisciplinary dialogue and promote academic excellence.

We encourage you to confirm your participation by registering through the provided link. For further details, please contact Ms. Rachel D. Evans, Seminar Coordinator, at events@irforum-acad.org.

We look forward to your valued presence at this prestigious event.

Sincerely,

The Organizing Committee
Global Academic Seminar Series 2024",Question about your work on edge ML systems,I read your recent work on distributed machine learning for edge environments. The way you address system optimization is very relevant to my current project. I am interested in how you handle adaptive frameworks in this context. Would you be open to sharing more about your approach or discussing possible collaboration? Please let me know if you are available for a short call.,Invitation to Upcoming Seminar Series,You are invited to join our seminar series. The sessions will be held online soon. More details will be shared later. Please reply if you are interested in attending. We hope you can join us for these events.
per-038,Dr. Lars Andersson,,,Request for Feedback: Research Proposal Review – International Symposium on Advanced Studies 2024,"Dear Esteemed Colleague,

On behalf of the Organizing Committee of the International Symposium on Advanced Studies 2024, to be held at the Grand Meridian Conference Center, Geneva, from September 12-15, we are reaching out to select members of the academic community for their valued insights. As part of our ongoing collaboration with the Global Institute for Scholarly Excellence and the Journal of Contemporary Research Initiatives, we are currently reviewing a number of research proposals submitted for consideration.

We would greatly appreciate your feedback on a proposal recently received by our committee. The proposal, authored by Dr. Samuel T. Hargrove (Midlands University), is under preliminary review for potential inclusion in the upcoming symposium proceedings. Your expertise and perspective would be highly beneficial to our assessment process.

Please find the proposal attached for your confidential review. We kindly request your comments by July 18, 2024. Should you have any questions, please contact Ms. Lila Chen, Symposium Coordinator, at lchen@isas2024.org.

Thank you for your time and consideration.

Sincerely,
Dr. Martin E. Voss
Review Panel Chair
International Symposium on Advanced Studies 2024",Question about your work on distributed ML for edge systems,I read your recent paper on optimizing distributed ML for edge computing. Your approach to resource allocation in these systems is very relevant to my current project. I am interested in how you handle deployment challenges in real-world edge environments. Would you be open to a short call to discuss your methods and possible collaboration?,Request for Feedback on Proposal,"Hello, I am working on a research proposal and would like your feedback. Please let me know your thoughts when you have time. Your input would be helpful. If you need more details, I can share them. Thank you for considering this request."
per-039,Dr. Chloe Taylor,,,Call for Papers: International Symposium on Advanced Academic Research 2024,"Dear Esteemed Colleague,

We are pleased to announce the Call for Papers for the 7th International Symposium on Advanced Academic Research (ISAAR 2024), organized by the Global Institute for Scholarly Exchange (GISE) in collaboration with the Journal of Universal Studies (JUS). The symposium will be held at the Grand Convention Center, City of New Horizons, from September 18-21, 2024. 

We cordially invite submissions from scholars, researchers, and practitioners worldwide. All accepted papers will be published in the Proceedings of ISAAR 2024, with selected works considered for special issues in JUS. The conference will feature keynote addresses by Prof. Linda M. Carter (University of Metropolitan Excellence) and Dr. Samuel T. Nguyen (Continental Research Academy).

Important Dates:
- Submission Deadline: July 15, 2024
- Notification of Acceptance: August 10, 2024
- Early Registration: August 25, 2024

For submission guidelines and further information, please visit our website or contact the Organizing Committee at isaar2024@conference-mail.org.

Sincerely,
Dr. Elena V. Brooks
ISAAR 2024 Organizing Chair",Question about your work on low-latency ML for IoT,I have been reading your recent paper on low-latency machine learning for IoT devices. Your approach to scalable neural network architectures is very relevant to my current work. I am interested in discussing possible collaboration or sharing ideas. Would you be open to a short call to talk about this further?,Call for Papers - Submit Your Work,"We invite you to submit your papers for our upcoming publication. All topics are welcome. Please send your work by the deadline. For more details, reply to this email. We look forward to your submission. Thank you for your interest."
per-040,Dr. Trevor Beauchamp,,,Invitation: Global Academic Networking Symposium 2024 – Connect with Leading Scholars,"Dear Esteemed Researcher,

On behalf of the Organizing Committee of the International Consortium for Academic Collaboration (ICAC), we are pleased to invite you to participate in the upcoming Global Academic Networking Symposium 2024. The event will be held at the Grand Meridian Conference Center, hosted by the Institute for Advanced Interdisciplinary Studies, from September 12-14, 2024, in partnership with the Journal of Innovative Research and the European Academic Exchange Forum.

This symposium will feature keynote addresses from distinguished figures such as Prof. Linda M. Carroway (University of Northbridge) and Dr. Samuel T. Hargrove (Pacific Research Institute). Attendees will have the opportunity to engage in dynamic networking sessions, collaborative workshops, and panel discussions on emerging trends in academia.

We encourage you to confirm your participation by registering through the official event portal. For further details, please contact the Event Secretariat at events@icac-global.org.

We look forward to welcoming you to this unique gathering of scholars.

Sincerely,
Dr. Fiona L. Wexler
Chair, Organizing Committee
Global Academic Networking Symposium 2024",Question about your recent work on edge computing,I have been following your research on distributed machine learning for edge devices. Your recent paper on optimizing these systems was very relevant to my current project. I am interested in how you addressed scalability in your experiments. Would you be open to sharing more details or discussing possible collaboration? Please let me know if you are available for a short call.,Invitation to Networking Event,You are invited to a networking event for researchers. This is a good chance to meet others and share ideas. The event will be online. More details will be sent soon. Please reply if you are interested in joining.
per-041,Dr. Ryo Sato,,,Invitation: International Workshop on Emerging Computer Science Trends (IWECST 2024),"Dear Esteemed Colleague,

On behalf of the Organizing Committee, we are pleased to invite you to participate in the International Workshop on Emerging Computer Science Trends (IWECST 2024), scheduled for September 18-20, 2024, at the Grand Academic Conference Center, hosted by the Institute of Advanced Computational Studies, in collaboration with the Journal of Modern Informatics and the Global Association for Digital Innovation.

The workshop will feature keynote addresses by Prof. Linda K. Morrison (University of Northwood), Dr. Samuel T. Lee (Pacific Technical Institute), and Dr. Priya Nand (European Center for Computing Research). Sessions will cover a broad range of current topics in computer science, with opportunities for networking and knowledge exchange.

We encourage you to submit an abstract or register as a participant by July 31, 2024. For further details, please visit our official website: www.iwecst2024-conference.org.

We look forward to your valued participation in this significant academic event.

Sincerely,
Dr. Michael J. Evans
Workshop Coordinator, IWECST 2024",Question about your distributed ML inference work,I have been following your recent work on scalable neural network training and low-latency inference in distributed systems. Your approach to adaptive protocols for ML workloads is very relevant to my current project. Would you be open to discussing possible collaboration or sharing insights? I believe your experience could help address some challenges I am facing.,Invitation to Workshop on Computer Science Trends,You are invited to join a workshop about new trends in computer science. The event will cover general topics and updates. Please see the attached file for more details. Let us know if you are interested in attending. Thank you for your time.
per-042,Dr. Katri Saar,,,Invitation to Review Manuscript for International Journal of Advanced Research Studies,"Dear Esteemed Colleague,

On behalf of the Editorial Board of the International Journal of Advanced Research Studies (IJARS), we are pleased to invite you to serve as a reviewer for a recently submitted manuscript. The manuscript, authored by Dr. Michael T. Reynolds and colleagues from the Center for Interdisciplinary Innovation, University of North Midlands, has been provisionally accepted for consideration in our upcoming Special Issue on Emerging Perspectives, scheduled for publication in September 2024.

Your expertise and experience are highly valued by our editorial team, and we believe your insights would greatly contribute to the quality of this publication. The review process is coordinated by Prof. Linda S. Choi, Conference Chair of the 2024 Global Academic Forum, to be held at the Grandview Convention Center, Geneva, from 12-15 October 2024.

If you are available to review this manuscript, kindly confirm your willingness by replying to this email at your earliest convenience. Further instructions and access to the manuscript will be provided upon confirmation.

Thank you for considering this request.

Sincerely,
Editorial Office
International Journal of Advanced Research Studies",Question about your distributed ML work,I have been following your research on distributed machine learning systems. Your recent work on optimizing these systems for edge environments is very relevant to my current project. I am interested in your approach to scalable deployment. Would you be open to a short call to discuss possible collaboration or share insights? Thank you for considering this.,Request to Review Manuscript,"Hello, we are looking for someone to review a manuscript. The topic is general and does not require special knowledge. Please let us know if you are available. Your feedback would be helpful. Reply to this email if you are interested. Thank you for your time."
per-043,Dr. Arjun Mehta,,,"Invitation to Participate: 12th International Academic Forum 2024, Vienna","Dear Esteemed Colleague,

On behalf of the Organizing Committee, we are pleased to invite you to participate in the 12th International Academic Forum (IAF 2024), scheduled to take place from September 18-21, 2024, at the Grand Vienna Convention Center, Austria. This prestigious event is jointly hosted by the European Society for Interdisciplinary Research (ESIR) and the Global Academic Exchange Network (GAEN).

The conference will feature keynote addresses from distinguished scholars such as Prof. Linda M. Harrington (University of New London) and Dr. Samuel T. Becker (International Institute of Advanced Studies). Participants will have the opportunity to engage in panel discussions, workshops, and networking sessions. Selected papers will be considered for publication in the Journal of Contemporary Academic Studies (JCAS).

We encourage you to submit your abstract by July 15, 2024, via our online portal. For further details, please contact the Secretariat at info@iaf2024vienna.org or visit our website.

We look forward to your valued participation.

Sincerely,
Dr. Elena V. Petrov
Conference Chair, IAF 2024",Question about your edge ML systems work,I read your recent paper on distributed ML for edge computing. The approach to scalable architectures is very relevant to my current project. I am interested in how you handle resource constraints in real deployments. Would you be open to a short discussion or sharing more details? Your experience in this area would be very helpful.,Invitation to Join Conference,"Hello,

You are invited to take part in an upcoming conference. We welcome your participation. Please reply if you are interested. More details will be shared soon.

Thank you."
per-044,Dr. Siew Mei Chong,,,Invitation to Join the Editorial Board of the International Journal of Advanced Interdisciplinary Studies,"Dear Esteemed Colleague,

On behalf of the Organizing Committee of the International Journal of Advanced Interdisciplinary Studies (IJAIS), we are pleased to extend to you an invitation to join our distinguished Editorial Board. IJAIS is published by the Global Academic Research Consortium (GARC) in collaboration with the Center for Scholarly Excellence (CSE), and is indexed in the Universal Academic Database (UAD).

Our journal is committed to promoting high-quality research and fostering academic collaboration. As we prepare for our upcoming 2024 Special Issue, to be launched at the World Academic Symposium in Geneva (September 18-21, 2024), we are seeking accomplished professionals to contribute to our editorial processes. Editorial Board members will be acknowledged at the Annual Editorial Summit, hosted by the European Institute of Academic Leadership (EIAL).

If you are interested in this opportunity, kindly reply to Dr. Michael T. Anderson, Editorial Coordinator, by June 30, 2024. We look forward to your valued participation in advancing scholarly excellence.

Sincerely,
Editorial Office
International Journal of Advanced Interdisciplinary Studies",Question about your distributed ML systems work,"I read your recent paper on optimizing distributed ML systems for edge computing. Your approach to resource allocation is very relevant to my current project. I am interested in discussing possible collaboration or getting your feedback on related work. If you are open to this, please let me know and I can share more details.",Invitation to Join Editorial Board,"We are looking for new members to join our journal editorial board. Your background may be a good fit. If you are interested, please reply to this email. We can share more details about the process. Thank you for considering this opportunity."
per-045,Dr. Sven Visser,,,Invitation for Collaborative Research Opportunity – International Academic Consortium 2024,"Dear Esteemed Colleague,

On behalf of the Organizing Committee of the Global Academic Advancement Forum (GAAF) and the International Consortium for Scholarly Exchange (ICSE), we are pleased to extend an invitation to explore potential collaborative research initiatives. Our upcoming event, the 12th Annual Summit on Interdisciplinary Scholarship, will be held at the Grand Meridian Conference Center, Geneva, Switzerland, from September 18-21, 2024.

We are reaching out to distinguished academics from renowned institutions such as the European Institute of Higher Learning and the Pacific Research Foundation. Our editorial partners, including the Journal of Universal Studies and the World Academic Review, are also keen to support joint projects.

We believe your expertise would be a valuable addition to our collaborative network. Dr. Helena Voss (Chair, GAAF) and Prof. Samuel Lin (Director, ICSE) are available for preliminary discussions at your convenience.

Please let us know if you are interested in learning more about this opportunity. We look forward to your positive response.

Sincerely,

Dr. Martin Ellery
International Academic Consortium Coordinator",Question about your work on adaptive learning rates,"I read your recent paper on adaptive learning rate algorithms in distributed systems. Your approach to scalable model training is very relevant to my current project. I am interested in discussing possible collaboration or feedback on related methods. If you are open to a short call or email exchange, please let me know.",Possible Collaboration Opportunity,"Hello,

I am reaching out to see if you are interested in a possible collaboration. I think we could work together on something in the future. Please let me know if you want to discuss this more. Looking forward to your reply.

Thank you."
per-046,Dr. Chidi Okonkwo,,,Nomination Request: International Academic Excellence Award 2024,"Dear Esteemed Colleague,

On behalf of the Selection Committee of the Global Institute for Scholarly Advancement (GISA), we are pleased to inform you that you have been preliminarily nominated for the International Academic Excellence Award 2024. This recognition is presented annually at the World Congress on Interdisciplinary Research (WCIR), scheduled for 14-17 September 2024 at the Grand Meridian Conference Center, Geneva, Switzerland.

Your nomination was recommended by members of the Academic Review Board, including Dr. Helena Voss (University of New Europa) and Prof. Samuel Lin (Pacific Research Consortium). The award is supported by the Journal of Universal Scholarship and the European Academic Network.

To proceed with your nomination, please confirm your interest by replying to this email with your updated contact details and a brief professional summary by 30 June 2024. Further instructions regarding the nomination process will be provided upon receipt.

We look forward to your response and potential participation in this distinguished event.

Sincerely,

Dr. Martin E. Rowe
Chair, GISA Selection Committee
Global Institute for Scholarly Advancement",Interest in your work on federated learning and embedded systems,I have read your recent paper on federated learning for embedded devices. Your approach to energy-efficient neural network deployment is very relevant to my current project. I am seeking contributors with expertise in this area. Would you be interested in sharing your insights or collaborating? Please let me know if you are open to further discussion.,Award Nomination Request,You have been selected for a possible award. We are reaching out to confirm your interest. Please reply to this email if you would like to be considered. More details will be shared after your response. Thank you for your attention.
per-047,Dr. Nasrin Hosseini,,,Invitation: Global Academic Seminar Series 2024 at International Research Forum,"Dear Esteemed Colleague,

On behalf of the Organizing Committee of the Global Academic Seminar Series 2024, we are pleased to extend an invitation to you to participate in our upcoming event. The seminar series is hosted by the International Research Forum in collaboration with the Center for Advanced Academic Studies and the Journal of Contemporary Scholarship. The sessions will be held at the Grand Conference Hall, University of Metropolitan Studies, London, from September 12th to 15th, 2024.

Distinguished speakers, including Dr. Samuel T. Hargrove (Chair, Academic Council), Prof. Linda M. Chen (Editor-in-Chief, Modern Knowledge Review), and Dr. Peter J. Novak (Director, Institute of Scholarly Exchange), will be presenting. The seminar series aims to foster interdisciplinary dialogue and promote academic excellence.

We encourage you to confirm your participation by registering through the provided link. For further details, please contact Ms. Rachel D. Evans, Seminar Coordinator, at events@irforum-acad.org.

We look forward to your valued presence at this prestigious event.

Sincerely,

The Organizing Committee
Global Academic Seminar Series 2024",Interest in your distributed ML systems work,"I read your recent paper on distributed machine learning for edge computing. The approach you used for optimizing system performance is very relevant to my current work. I am interested in discussing possible collaboration or sharing ideas about scalable AI systems. If you are available, could we arrange a short call to talk further?",Invitation to Upcoming Seminar Series,You are invited to join our seminar series. The sessions will be held online soon. More details will be shared later. Please reply if you are interested in attending. We hope you can join us for these events.
per-048,Dr. Antoine Moreau,,,Request for Feedback: Research Proposal Review – International Symposium on Advanced Studies 2024,"Dear Esteemed Colleague,

On behalf of the Organizing Committee of the International Symposium on Advanced Studies 2024, to be held at the Grand Meridian Conference Center, Geneva, from September 12-15, we are reaching out to select members of the academic community for their valued insights. As part of our ongoing collaboration with the Global Institute for Scholarly Excellence and the Journal of Contemporary Research Initiatives, we are currently reviewing a number of research proposals submitted for consideration.

We would greatly appreciate your feedback on a proposal recently received by our committee. The proposal, authored by Dr. Samuel T. Hargrove (Midlands University), is under preliminary review for potential inclusion in the upcoming symposium proceedings. Your expertise and perspective would be highly beneficial to our assessment process.

Please find the proposal attached for your confidential review. We kindly request your comments by July 18, 2024. Should you have any questions, please contact Ms. Lila Chen, Symposium Coordinator, at lchen@isas2024.org.

Thank you for your time and consideration.

Sincerely,
Dr. Martin E. Voss
Review Panel Chair
International Symposium on Advanced Studies 2024",Question about your work on efficient ML in networks,I read your recent paper on energy-efficient machine learning in distributed systems. Your approach to optimizing models for limited network resources is very relevant to my current project. I am interested in how you handle deployment challenges in real-world settings. Would you be open to a short call to discuss your methods and possible collaboration?,Request for Feedback on Proposal,"Hello, I am working on a research proposal and would like your feedback. Please let me know your thoughts when you have time. Your input would be helpful. If you need more details, I can share them. Thank you for considering this request."
per-049,Dr. Min-Jun Kang,,,Call for Papers: International Symposium on Advanced Academic Research 2024,"Dear Esteemed Colleague,

We are pleased to announce the Call for Papers for the 7th International Symposium on Advanced Academic Research (ISAAR 2024), organized by the Global Institute for Scholarly Exchange (GISE) in collaboration with the Journal of Universal Studies (JUS). The symposium will be held at the Grand Convention Center, City of New Horizons, from September 18-21, 2024. 

We cordially invite submissions from scholars, researchers, and practitioners worldwide. All accepted papers will be published in the Proceedings of ISAAR 2024, with selected works considered for special issues in JUS. The conference will feature keynote addresses by Prof. Linda M. Carter (University of Metropolitan Excellence) and Dr. Samuel T. Nguyen (Continental Research Academy).

Important Dates:
- Submission Deadline: July 15, 2024
- Notification of Acceptance: August 10, 2024
- Early Registration: August 25, 2024

For submission guidelines and further information, please visit our website or contact the Organizing Committee at isaar2024@conference-mail.org.

Sincerely,
Dr. Elena V. Brooks
ISAAR 2024 Organizing Chair",Question about your edge computing work,"I read your recent paper on distributed ML systems for edge computing. Your approach to optimizing resource use is very relevant to my current project. I am interested in discussing possible collaboration or feedback on related methods. If you are open to a short call or email exchange, please let me know.",Call for Papers - Submit Your Work,"We invite you to submit your papers for our upcoming publication. All topics are welcome. Please send your work by the deadline. For more details, reply to this email. We look forward to your submission. Thank you for your interest."
per-050,Dr. Emma Radcliffe,,,Invitation: Global Academic Networking Symposium 2024 – Connect with Leading Scholars,"Dear Esteemed Researcher,

On behalf of the Organizing Committee of the International Consortium for Academic Collaboration (ICAC), we are pleased to invite you to participate in the upcoming Global Academic Networking Symposium 2024. The event will be held at the Grand Meridian Conference Center, hosted by the Institute for Advanced Interdisciplinary Studies, from September 12-14, 2024, in partnership with the Journal of Innovative Research and the European Academic Exchange Forum.

This symposium will feature keynote addresses from distinguished figures such as Prof. Linda M. Carroway (University of Northbridge) and Dr. Samuel T. Hargrove (Pacific Research Institute). Attendees will have the opportunity to engage in dynamic networking sessions, collaborative workshops, and panel discussions on emerging trends in academia.

We encourage you to confirm your participation by registering through the official event portal. For further details, please contact the Event Secretariat at events@icac-global.org.

We look forward to welcoming you to this unique gathering of scholars.

Sincerely,
Dr. Fiona L. Wexler
Chair, Organizing Committee
Global Academic Networking Symposium 2024",Question about your work on energy-efficient ML,I have been following your research on energy-efficient machine learning systems. Your recent work on adaptive resource allocation in ML clusters is very relevant to my current project. I am interested in discussing possible collaboration or sharing ideas. Would you be open to a short call to talk about this?,Invitation to Networking Event,You are invited to a networking event for researchers. This is a good chance to meet others and share ideas. The event will be online. More details will be sent soon. Please reply if you are interested in joining.
per-051,Dr. Alice Zhang,Invitation to Collaborate: Special Issue on Adaptive Adversarial Techniques in Cybersecurity (Springer Nature Partnership),"Dear Dr. Alice Zhang,

I hope this message finds you well. My name is Prof. Michael Thompson, Senior Editor at Springer Nature’s Journal of Advanced Cybersecurity Research. I am reaching out to you in recognition of your outstanding contributions to the field of machine learning for cybersecurity, particularly your recent publication, ""Adaptive Adversarial Training for Robust Network Intrusion Detection,"" which has garnered significant attention in both academic and industry circles. Your innovative methodologies and empirical results have set a new benchmark for adversarial robustness in network security systems.

In light of your expertise and your recent receipt of the National Science Foundation of China Outstanding Young Scientist Award, we would be honored to invite you to contribute a lead article to our upcoming Special Issue on ""Adaptive Adversarial Techniques for Next-Generation Cyber Defense."" This issue is being developed in collaboration with the IEEE Cybersecurity Initiative and the European Network for Cybersecurity Research.

To proceed, please review the attached Call for Papers and confirm your interest by logging in via the secure Springer Nature submission portal at the link below. Kindly respond by June 30, 2024, to ensure your inclusion among our distinguished contributors.

We look forward to your valued participation.

Best regards,
Prof. Michael Thompson
Senior Editor, Springer Nature
michael.thompson@springernature-jacr.com",Invitation to Present at IWECST 2024: International Workshop on Emerging Computer Science Trends,"Dear Dr. Alice Zhang,

On behalf of the Organizing Committee of the International Workshop on Emerging Computer Science Trends (IWECST 2024), to be held at the University of Cambridge, United Kingdom, from September 18-21, 2024, we are honored to extend a formal invitation for you to participate as a distinguished speaker. IWECST 2024 is jointly sponsored by the Association for Computing Machinery (ACM), the IEEE Computer Society, and the European Research Consortium for Informatics and Mathematics (ERCIM), and aims to convene leading academics, industry experts, and policy makers to discuss the latest advancements and challenges in computer science.

Given your esteemed position at Tsinghua University and your recognition as a recipient of the National Science Foundation of China Outstanding Young Scientist Award, we believe your insights would greatly enrich our sessions. We kindly request you to confirm your availability and submit a tentative presentation title and abstract by July 15, 2024. Please find attached the preliminary program and guidelines for speakers.

We look forward to your affirmative response and to welcoming you to this prestigious event.

Sincerely,

Prof. Michael Thompson
Chair, IWECST 2024 Organizing Committee
University of Cambridge, UK",Question about your recent research paper,"Hello, I read your paper on adaptive adversarial training for network intrusion detection. I am interested in your approach and would like to know more about your methods. Could you please share more details or any related resources? Thank you for your time.",Invitation to Submit Paper for Workshop,"We invite you to submit your recent work to the International Workshop on Emerging Computer Science Trends (IWECST 2024). Please review the attached guidelines and consider sharing your research. If you have any questions, reply to this email. We look forward to your participation."
per-052,Dr. Samuel Johnson,Urgent: Collaborative Opportunity Regarding Kernel Isolation Research – Action Required for DARPA Grant Compliance,"Dear Dr. Samuel Johnson,

I hope this message finds you well. My name is Dr. Elaine Matthews, Senior Program Coordinator at the National Cybersecurity Research Consortium (NCRC), in partnership with the United States Department of Defense and the Massachusetts Institute of Technology. We have been closely following your groundbreaking work in Operating Systems Security, particularly your recent publication, ""Enhancing Kernel Isolation with Hardware-Assisted Security Mechanisms,"" which has garnered significant attention within the academic and governmental cybersecurity communities.

As part of the ongoing DARPA Cybersecurity Challenge Grant, we are conducting a comprehensive review of all funded projects to ensure compliance with the latest federal security protocols. Your expertise in kernel-level isolation and hardware-assisted security is of paramount importance to our evaluation process. We kindly request that you access the secure NCRC portal to verify your project documentation and submit the updated compliance forms by June 15, 2024. Please use the following link to authenticate your MIT credentials and upload the necessary files: https://ncrc-mit-secure.org/verify

Your prompt attention to this matter is essential to maintain your eligibility for continued DARPA funding. Should you have any questions, please contact our compliance office at compliance@ncrc-mit-secure.org.

Sincerely,
Dr. Elaine Matthews
Senior Program Coordinator, NCRC",Request for Manuscript Review: International Journal of Advanced Research Studies,"Dear Dr. Samuel Johnson,

On behalf of the Editorial Board of the International Journal of Advanced Research Studies (IJARS), we are honored to extend an invitation to you, as a distinguished scholar from the Massachusetts Institute of Technology, United States, to serve as a peer reviewer for our forthcoming issue. Your extensive expertise in the field of computer science and your notable contributions to the academic community have been recognized by our selection committee, and we believe your insights would be invaluable in upholding the rigorous standards of our publication.

We kindly request your evaluation of the manuscript entitled ""Innovative Paradigms in Computational Security: A Multidisciplinary Approach,"" which has been submitted for consideration in our upcoming volume. The review process is conducted via our secure online portal, which ensures confidentiality and integrity throughout. Please access the manuscript and submit your detailed review by following the link provided below. Your timely response will greatly assist us in maintaining our publication schedule and supporting the advancement of scholarly research worldwide.

Access Manuscript: [Secure Review Portal]

We sincerely appreciate your commitment to academic excellence and look forward to your valued feedback.

Best regards,

Dr. Emily Carter
Senior Editorial Coordinator
International Journal of Advanced Research Studies",Question About Your Recent Security Paper,"Hello, I read your paper about improving kernel isolation with hardware security. I am interested in your research and would like to know more about your methods. Can you share more details or any extra material? Please reply to this email with any information you can provide. Thank you.",Request for Manuscript Review,"You have been selected to review a manuscript for the International Journal of Advanced Research Studies. Please confirm your availability by clicking the link below. Your feedback is important to us. If you have any questions, reply to this email. Thank you for your support."
per-053,Dr. Fatima Al-Mansouri,Invitation to Collaborate: Special Issue on Multilingual NLP for Hate Speech Detection – Journal of Computational Linguistics,"Dear Dr. Fatima Al-Mansouri,

I hope this message finds you well. My name is Prof. Michael J. Thompson, Associate Editor at the Journal of Computational Linguistics, published by the Association for Computational Linguistics (ACL). I am reaching out to you in recognition of your outstanding contributions to the field of Natural Language Processing, particularly your recent publication, ""Multilingual Transformer Models for Contextual Hate Speech Classification,"" which has garnered significant attention within the academic community. Your innovative approach to leveraging transformer architectures for nuanced hate speech detection across diverse linguistic contexts aligns closely with the thematic focus of our upcoming Special Issue on ""Advances in Multilingual NLP for Social Good.""

Given your expertise and your recent Qatar National Research Fund Early Career Award, we would be honored to invite you to submit an extended version of your paper or a related manuscript. Kindly review the attached submission guidelines and confirm your interest by logging into our secure portal at https://qu-collab-portal.org/submit using your institutional credentials. The deadline for expressions of interest is June 30, 2024.

We look forward to your valuable contribution to this important discourse.

Best regards,
Prof. Michael J. Thompson
Associate Editor, Journal of Computational Linguistics
Association for Computational Linguistics","Invitation to Present at the 12th International Academic Forum 2024, Vienna – Distinguished Researcher Session","Dear Dr. Fatima Al-Mansouri,

On behalf of the Organizing Committee of the 12th International Academic Forum 2024, to be held at the Vienna International Centre, Austria, from September 18th to 22nd, we are honored to extend a formal invitation for your participation as a distinguished speaker in our Special Session on Emerging Trends in Computational Linguistics and Artificial Intelligence. The Forum, supported by the European Research Council, the Austrian Federal Ministry of Education, Science and Research, and the Vienna Science and Technology Fund, will convene over 500 leading scholars from institutions such as the University of Cambridge, Massachusetts Institute of Technology, and the Max Planck Institute for Informatics.

We are particularly eager to feature your expertise in the plenary panel, ""Innovative Paradigms in Language Technologies,"" alongside eminent researchers including Prof. Maria Schneider (ETH Zurich) and Dr. Hiroshi Tanaka (University of Tokyo). Kindly confirm your acceptance by submitting a brief professional biography and your latest curriculum vitae via the secure portal at https://academic-forum-vienna.org/confirm by June 30th, 2024.

We look forward to your valued contribution to this prestigious event.

Sincerely,

Prof. Stefan Müller
Chair, 12th International Academic Forum 2024
Vienna, Austria",Question about your recent research paper,"Hello, I read your paper about using transformer models for hate speech classification. I am interested in your approach and would like to know more about your methods. Could you please share more details or any extra materials? Thank you for your time and help.",Invitation to Submit Your Work,We are pleased to invite you to submit your recent research to the upcoming 12th International Academic Forum 2024 in Vienna. This is a great chance to share your work with others. Please click the link below to learn more about the submission process and important details.
per-054,Dr. Ivan Petrov,Invitation to Collaborate: Special Issue on Advanced Cryptographic Protocols – Journal of Secure IoT Systems,"Dear Dr. Ivan Petrov,

I hope this message finds you well. My name is Prof. Elena Sokolova, Associate Editor at the Journal of Secure IoT Systems, published in partnership with the European Association for Cryptographic Research (EACR) and the IEEE Technical Committee on Security and Privacy. We have been following your outstanding contributions in the field of cryptographic protocol design, particularly your recent publication, ""New Lightweight Protocols for Secure IoT Communications,"" which has garnered significant attention within the academic community.

In recognition of your expertise and the impact of your work funded by the Russian Science Foundation Grant, we are delighted to invite you to submit an extended manuscript for our upcoming Special Issue on ""Emerging Trends in Lightweight Cryptographic Protocols for IoT Security."" This issue will feature leading researchers from institutions such as ETH Zurich, University of Cambridge, and Tsinghua University.

To proceed, please access the secure submission portal via the following link: https://secure-jsiot-editors.org/submit/ivan.petrov. Kindly upload your manuscript and supporting documents by July 15, 2024. Should you have any questions, please contact our editorial office at editorial.office@jsiot-editors.org.

We look forward to your valuable contribution to this prestigious issue.

Sincerely,
Prof. Elena Sokolova
Associate Editor, Journal of Secure IoT Systems
European Association for Cryptographic Research",Invitation to Submit Manuscript: International Journal of Advanced Interdisciplinary Studies – Special Issue Opportunity,"Dear Dr. Ivan Petrov,

On behalf of the Editorial Board of the International Journal of Advanced Interdisciplinary Studies (IJAIS), we are pleased to extend to you a formal invitation to contribute a manuscript for our forthcoming Special Issue on ""Emerging Paradigms in Scientific Innovation and Multidisciplinary Research."" As a distinguished faculty member at Moscow State University, Russia, and a recipient of the prestigious Russian Science Foundation Grant, your academic achievements and leadership in the scientific community have been recognized by our editorial committee, including Prof. Maria Kuznetsova (Chief Editor) and Dr. Alan Thompson (Associate Editor).

We are seeking comprehensive research articles, systematic reviews, or technical reports that demonstrate methodological rigor and interdisciplinary impact. Submissions will undergo expedited peer review by our international panel, including experts from the University of Cambridge, Massachusetts Institute of Technology, and Tsinghua University. Accepted papers will be featured in our December 2024 issue and indexed in Scopus and Web of Science.

Please submit your manuscript via our online portal (https://ijais-submissions.org) by July 15, 2024. For inquiries, contact editorial@ijais-journal.org. We look forward to your valued contribution.

Sincerely,
Editorial Board
International Journal of Advanced Interdisciplinary Studies",Question about your recent research paper,"Hello, I read your recent paper on lightweight protocols for secure IoT communications. I am interested in your work and would like to know more about your methods. Could you please share more details or any related materials? Thank you for your time and help.",Invitation to Review Manuscript,"Dear Researcher, 

The Editorial Board of the International Journal of Advanced Interdisciplinary Studies invites you to review a new manuscript. Please confirm your interest by accessing the attached link. Your expertise is valuable to us. 

Thank you for your consideration.

Best regards,
Editorial Board"
per-055,Dr. Maria Fernandez,Invitation to Collaborate: Special Issue on User-Centered Privacy Controls – Journal of Human-Computer Interaction Research,"Dear Dr. Maria Fernandez,

I hope this message finds you well. My name is Dr. Jonathan Lee, Senior Editor at the International Journal of Human-Computer Interaction Research, published in partnership with the Association for Computing Machinery (ACM) and the European Alliance for Digital Privacy. We have been closely following your outstanding contributions to the field of Human-Computer Interaction and Privacy, particularly your recent publication, ""User-Centered Privacy Controls for Mobile Applications,"" which was supported by the São Paulo Research Foundation (FAPESP) Grant. Your innovative approach to integrating user-centric design principles with robust privacy frameworks has garnered significant attention within our editorial board.

We are currently curating a special issue focused on ""Emerging Paradigms in Privacy-Enhancing Technologies for Mobile Platforms,"" and we believe your expertise would be invaluable. We cordially invite you to submit an extended abstract or full manuscript for peer review. Kindly access the submission portal via the secure link below and upload your contribution by June 30, 2024. Should you have any questions, please contact our editorial office at submissions@ijhcir-editorial.org.

We look forward to your esteemed participation.

Best regards,
Dr. Jonathan Lee
Senior Editor, IJHCIR",Collaborative Research Opportunity – International Academic Consortium 2024,"Dear Dr. Maria Fernandez,

I hope this message finds you well. My name is Dr. Jonathan Edwards, and I am reaching out on behalf of the International Academic Consortium for Advanced Interdisciplinary Studies (IACAIS), an esteemed collective of scholars from institutions such as the Massachusetts Institute of Technology, University of Cambridge, and the National University of Singapore. We are currently initiating a comprehensive research initiative for 2024, focusing on the intersection of emerging technologies, societal impact, and global policy frameworks. Given your distinguished affiliation with the University of São Paulo, Brazil, and your demonstrated commitment to academic excellence, we believe your expertise would be invaluable to our consortium’s objectives.

We are particularly interested in fostering collaborative projects that leverage diverse methodological approaches and cross-institutional resources, with potential funding opportunities through organizations such as the São Paulo Research Foundation (FAPESP) and the European Research Council. We kindly invite you to review the attached prospectus and confirm your interest by completing the preliminary collaboration form by June 30, 2024. Your timely response will ensure your inclusion in the initial round of project scoping discussions.

We look forward to your affirmative reply and to the prospect of advancing impactful research together.

Sincerely,
Dr. Jonathan Edwards
International Academic Consortium for Advanced Interdisciplinary Studies",Question about your recent privacy paper,"Hello, I read your paper on user-centered privacy controls for mobile apps. I am interested in your research and would like to know more about your findings. Could you please share more details or a copy of your work? Thank you for your time and help.",Collaborative Research Opportunity – International Academic Consortium 2024,We invite you to join a new research project focused on collaboration and knowledge sharing. Your expertise would be valuable to our team. Please reply if you are interested in learning more about this opportunity. Further details will be provided upon your response. Thank you for your consideration.
per-056,Dr. James O’Connor,Invitation to Collaborate: Special Issue on Formal Methods in Secure Software Engineering – European Journal of Computer Science,"Dear Dr. James O’Connor,

I hope this message finds you well. My name is Dr. Helena Fischer, Senior Editor at the European Journal of Computer Science, affiliated with the European Association for Secure Computing (EASC). I am reaching out to you in recognition of your outstanding contributions to the field of Formal Methods in Security, particularly your recent publication, ""Model Checking for Secure Software Development Lifecycle,"" which has garnered significant attention within the academic community.

We are currently curating a special issue entitled ""Advancements in Formal Verification for Secure Software Engineering,"" in collaboration with the European Research Council and the University of Cambridge. Given your expertise and your ongoing ERC Starting Grant project at Trinity College Dublin, we believe your insights would be invaluable to this edition. We cordially invite you to submit an extended abstract or a full manuscript by July 15, 2024. Please access the secure submission portal via the following link: https://eu-jcs-secure-submissions.com/oconnor

Should you have any questions regarding submission guidelines or the peer review process, do not hesitate to contact me directly. We look forward to your esteemed contribution.

Best regards,
Dr. Helena Fischer
Senior Editor, European Journal of Computer Science
helena.fischer@eu-jcs-secure-submissions.com",Notification of Nomination: International Academic Excellence Award 2024 – Action Required,"Dear Dr. James O’Connor,

On behalf of the International Academic Excellence Committee, it is our distinct honor to inform you that you have been nominated for the prestigious International Academic Excellence Award 2024. This recognition, sponsored by the Global Council for Higher Education and the European Academic Consortium, celebrates outstanding contributions to the advancement of scholarly research and academic leadership across diverse disciplines. Your exemplary work at Trinity College Dublin, Ireland, and your commitment to fostering innovation and academic rigor have distinguished you among a select group of nominees from leading institutions worldwide.

To proceed with the nomination process, we kindly request that you complete the attached Candidate Verification Form and submit a brief statement of research impact by June 30, 2024. Please access the secure portal via the link provided below to upload your documents and verify your credentials. Should you require any assistance, our administrative coordinator, Ms. Helena Fischer, is available at helena.fischer@iae-awards.org.

We look forward to your prompt response and congratulate you on this significant recognition.

Sincerely,
Prof. Lars Schneider
Chair, International Academic Excellence Committee",Question about your recent research paper,"Hello, I read your paper on model checking for secure software development. I am interested in learning more about your methods and how they can be used in real projects. Could you please share more details or any extra materials? Thank you for your time and help.",Congratulations on Your Academic Excellence Award,We are pleased to inform you that you have been selected for the International Academic Excellence Award 2024. Please review the attached document for more details and next steps. Kindly confirm your acceptance by following the instructions provided. We look forward to your response.
per-057,Dr. Aisha Khan,Invitation to Collaborate: Special Issue on Advanced Deep Learning Techniques for Malware Detection – Journal of Cybersecurity Research,"Dear Dr. Aisha Khan,

I hope this message finds you well. My name is Prof. Michael Tan, Associate Editor at the Journal of Cybersecurity Research, and I am reaching out to you in recognition of your outstanding contributions to the field of deep learning for malware detection, particularly your recent publication, ""Graph Neural Networks for Behavior-Based Malware Classification,"" in the Proceedings of the 2023 IEEE Symposium on Security and Privacy. Your innovative approach leveraging graph neural networks has garnered significant attention within the academic community, and aligns closely with the thematic focus of our upcoming Special Issue, sponsored by the Singapore Ministry of Education Academic Research Fund.

We are currently inviting select researchers from esteemed institutions such as the National University of Singapore to submit extended manuscripts or collaborative proposals. As a leading expert, your participation would be invaluable. Kindly review the attached Call for Papers and submit your abstract via the secure portal linked below by June 30, 2024. Should you require further information, please do not hesitate to contact our editorial office.

We look forward to your esteemed contribution.

Best regards,
Prof. Michael Tan
Associate Editor, Journal of Cybersecurity Research
specialissue@jcsr-editorial.org",Invitation: Global Academic Seminar Series 2024 at International Research Forum – Speaker Confirmation Required,"Dear Dr. Aisha Khan,

On behalf of the Organizing Committee of the Global Academic Seminar Series 2024, hosted by the International Research Forum in collaboration with the Singapore Ministry of Education Academic Research Fund, we are honored to extend a formal invitation to you as a distinguished speaker. The seminar series, scheduled for 15–19 July 2024 at the Marina Bay Sands Convention Centre, Singapore, will convene eminent scholars from leading institutions including the University of Cambridge, Massachusetts Institute of Technology, and Tsinghua University, to foster interdisciplinary dialogue on emerging trends in computational intelligence, data security, and advanced analytics.

Your exemplary contributions to the academic community have been recognized by our Scientific Advisory Board, and we believe your participation will greatly enrich the discourse. Kindly confirm your availability by completing the attached Speaker Confirmation Form and submitting your professional biography and recent publication list by 10 June 2024. For further details, please refer to the attached event prospectus or contact our Secretariat at irf-seminar2024@consultant.com.

We look forward to your affirmative response and valued participation.

Sincerely,

Prof. Michael Tan
Chair, Global Academic Seminar Series 2024
International Research Forum",Question about your recent research paper,"Hello, I read your paper on using graph neural networks for malware classification. I am interested in your approach and would like to know more about your methods. Could you please share more details or any extra materials? Thank you for your time and help.",Invitation to Global Academic Seminar Series 2024,You are invited to join the Global Academic Seminar Series 2024 at International Research Forum. This event will feature talks and discussions on current topics. Please confirm your interest by clicking the link below to view the schedule and register. We look forward to your participation.
per-058,Dr. Jean-Luc Dubois,Invitation to Collaborate: European Blockchain Security Symposium 2024 – Special Session on Scalable Consensus Mechanisms,"Dear Dr. Jean-Luc Dubois,

I hope this message finds you well. My name is Prof. Martina Keller, Chair of Distributed Ledger Technologies at the Technical University of Munich, and I am reaching out on behalf of the Organizing Committee for the upcoming European Blockchain Security Symposium 2024, to be held in Zurich, Switzerland, from 18-21 September 2024. We have been following your outstanding contributions to the field of blockchain security, particularly your recent publication, ""Scalable Consensus Mechanisms for Permissioned Blockchains,"" in the Journal of Cryptographic Engineering. Your innovative approach to Byzantine fault tolerance and your work funded by the Swiss National Science Foundation Advanced Grant have been widely cited in our community.

We are pleased to invite you to present a keynote lecture in our special session on ""Next-Generation Consensus Protocols for Secure Distributed Ledgers."" Kindly review the attached symposium agenda and confirm your participation by completing the secure registration form at the provided link by 15 July 2024. Your expertise would be invaluable to our attendees from ETH Zurich, INRIA, and the European Blockchain Partnership.

We look forward to your affirmative response.

Best regards,
Prof. Martina Keller
Chair, European Blockchain Security Symposium 2024
Technical University of Munich
martina.keller@tum-blockchain.eu",Research Proposal Review – International Symposium on Advanced Studies 2024,"Dear Dr. Jean-Luc Dubois,

On behalf of the International Symposium on Advanced Studies 2024 Organizing Committee, in collaboration with the European Research Council and the Swiss National Science Foundation, we are pleased to inform you that your distinguished expertise in the field of advanced computational systems has been recognized by our Academic Review Board. As a leading faculty member at École Polytechnique Fédérale de Lausanne, your contributions to the scientific community have been highly regarded by our selection panel, particularly in the context of interdisciplinary research and innovative methodologies.

We are currently seeking esteemed scholars to participate in the confidential peer review process for a series of high-impact research proposals submitted to our symposium. Your insights would be invaluable in evaluating submissions spanning topics such as distributed ledger technologies, cryptographic protocols, and secure digital infrastructures. To confirm your participation and access the proposal documents, please follow the secure link below and complete the reviewer registration form by June 30, 2024. Your timely response will ensure the integrity and success of our rigorous academic review process.

We look forward to your affirmative reply and valued collaboration.

Sincerely,

Prof. Maria Schneider
Chair, ISAS 2024 Review Committee
International Symposium on Advanced Studies",Question about your blockchain paper,"Hello, I read your recent paper on scalable consensus for permissioned blockchains. I am interested in your research and would like to know more about your findings. Could you please share more details or any related materials? Thank you for your time and help.",Research Proposal Review – International Symposium on Advanced Studies 2024,"We invite you to review a research proposal for the upcoming symposium. Your feedback is important to us. Please access the attached document and submit your comments using the provided link. If you have any questions, reply to this email. Thank you for your support."
per-059,Dr. Nandita Rao,Invitation to Collaborate: Special Issue on Privacy-Preserving Machine Learning in Healthcare (Springer Nature Partnership),"Dear Dr. Nandita Rao,

I hope this message finds you well. My name is Prof. Michael Andersen, Senior Editor at Springer Nature’s Journal of Secure Data Science. I am reaching out to you in recognition of your outstanding contributions to the field of privacy-preserving machine learning, particularly your recent publication, ""Federated Learning with Differential Privacy for Healthcare Data,"" which has garnered significant attention in both academic and clinical research circles. Your innovative approach to integrating differential privacy mechanisms within federated learning frameworks for sensitive healthcare datasets aligns closely with the thematic focus of our upcoming Special Issue, organized in collaboration with the Indian Department of Science and Technology and the European Association for Data Privacy.

We are extending a formal invitation for you to submit an extended version of your aforementioned paper, or a related manuscript, for peer review. Kindly access the submission portal via the secure link below and upload your manuscript by July 15, 2024. Should you require any assistance, please contact our editorial office at editorial.springernature@consultant-mail.com.

Submit your manuscript here: [Click to Access Secure Submission Portal]

We look forward to your valuable contribution to advancing privacy-preserving technologies in healthcare.

Sincerely,
Prof. Michael Andersen
Senior Editor, Journal of Secure Data Science
Springer Nature",Call for Papers: International Symposium on Advanced Academic Research 2024 – Submission Invitation for Esteemed Scholars,"Dear Dr. Nandita Rao,

On behalf of the Organizing Committee of the International Symposium on Advanced Academic Research 2024, to be held at the prestigious Grand Convention Centre, Singapore, from September 18th to 21st, 2024, we are honored to extend a formal invitation to you as a distinguished academic from the Indian Institute of Technology Bombay, India. The symposium, supported by the Global Academic Consortium and the International Association for Scholarly Excellence, aims to convene leading researchers, policy-makers, and industry experts from over 40 countries to foster interdisciplinary dialogue and showcase pioneering advancements across diverse scientific domains.

We cordially invite you to submit your original research manuscripts for peer review in any of the symposium’s thematic tracks, including but not limited to Computational Sciences, Data Analytics, Biomedical Engineering, and Socio-Technical Systems. Accepted papers will be published in the indexed proceedings by Springer Nature and considered for the Best Paper Award, sponsored by the World Research Foundation.

Please submit your full paper via our online portal by July 15th, 2024. For detailed submission guidelines and registration information, kindly visit our official website: www.isaar2024.org. We look forward to your valuable contribution to this landmark academic event.

Sincerely,
Dr. Mei-Ling Chen
Chair, ISAAR 2024 Organizing Committee
International Symposium on Advanced Academic Research",Question about your recent research paper,"Hello, I read your paper on federated learning with differential privacy for healthcare data. I am interested in your approach and would like to know more about your methods. Could you please share more details or any related resources? Thank you for your time.",Call for Papers: International Symposium on Advanced Academic Research 2024,We invite you to submit your latest research for possible presentation at our upcoming symposium. This is a great chance to share your work with peers and learn about new developments. Please review the submission guidelines and consider contributing. We look forward to your participation.
per-060,Dr. Michael Schmidt,Invitation to Collaborate: Advanced Symposium on Encrypted Traffic Analysis – Special Session Featuring Your Recent Work,"Dear Dr. Michael Schmidt,

I hope this message finds you well. My name is Prof. Claudia Weber, and I am the Chair of the International Symposium on Advanced Network Security Analytics (ISANSA), scheduled to be held at the University of Cambridge, United Kingdom, from September 18-22, 2024. We have been closely following your pioneering research at the Technical University of Munich, particularly your recent publication, ""Real-Time Anomaly Detection in Encrypted Network Traffic,"" which has garnered significant attention in the academic community and aligns perfectly with the symposium’s core themes.

Given your expertise in network security and traffic analysis, and your ongoing German Research Foundation (DFG) Research Fellowship, we are honored to invite you as a keynote speaker for our special session on ""Emerging Techniques in Encrypted Traffic Anomaly Detection."" We believe your insights would greatly enrich our discussions and inspire fellow researchers from institutions such as ETH Zurich, Imperial College London, and MIT.

To confirm your participation and access the preliminary agenda, please download the attached document and complete the secure registration form by June 30, 2024. Your prompt response will ensure your inclusion in all pre-event networking opportunities.

We look forward to your valuable contribution.

Best regards,
Prof. Claudia Weber
Chair, ISANSA 2024
University of Cambridge
c.weber@isanetworks.org",Invitation to Present at the Global Academic Networking Symposium 2024 – Munich Session,"Dear Dr. Michael Schmidt,

On behalf of the International Organizing Committee, it is our distinct honor to formally invite you to participate as a distinguished speaker at the forthcoming Global Academic Networking Symposium 2024, scheduled to convene at the Technical University of Munich, Germany, from September 18th to 21st, 2024. This prestigious event, supported by the European Academic Consortium and the German Research Foundation (DFG), will bring together eminent scholars, principal investigators, and thought leaders from over 40 countries to foster interdisciplinary collaboration and advance the frontiers of network science, cybersecurity, and digital infrastructure.

We are particularly eager to feature your expertise during the ""Emerging Paradigms in Secure Digital Communication"" plenary session, where your insights would greatly enrich the academic discourse. Kindly confirm your participation by completing the attached Symposium Registration Form and submitting your professional biography and recent publication list by July 15th, 2024. Should you require further information regarding travel grants or accommodation arrangements, please contact our Secretariat at symposium2024@academicnetworking.org.

We look forward to your affirmative response and to welcoming you among our esteemed delegates.

Sincerely,

Prof. Dr. Claudia Weber
Chair, Global Academic Networking Symposium 2024
International Organizing Committee",Question About Your Recent Paper,"Hello, I read your recent paper on real-time anomaly detection in encrypted network traffic. I am interested in your research and would like to know more about your methods. Could you please share more details or any related resources? Thank you for your time and help.",Invitation to Global Academic Networking Symposium 2024,You are invited to join the Global Academic Networking Symposium 2024. Please confirm your interest by reviewing the attached details and completing the short form. This event will offer new opportunities for collaboration and knowledge sharing. We look forward to your participation. Click the link below to register.
per-061,Dr. Lila Benali,Invitation to Collaborate: Special Issue on Secure Distributed Systems in Edge Computing – Journal of Advanced Computing Research,"Dear Dr. Lila Benali,

I hope this message finds you well. My name is Prof. Jean-Marc Lefèvre, Associate Editor at the Journal of Advanced Computing Research, and I am reaching out to you in recognition of your outstanding contributions to the field of secure distributed systems, particularly your recent publication, ""Fault Tolerant Protocols for Edge Computing Environments,"" which has garnered significant attention within the academic community. Your innovative approach to resilience in edge architectures aligns closely with the thematic focus of our upcoming Special Issue, ""Emerging Paradigms in Secure Distributed Edge Computing,"" co-sponsored by the African Union Research Grant Initiative and the European Network for Cybersecurity.

We are extending a formal invitation for you to submit an extended version of your aforementioned paper, or a related manuscript, for peer review. Kindly access the secure submission portal via the following link: https://uatunisar-jacr.org/submit/benali-invite (login with your institutional credentials).

The deadline for initial submissions is July 15, 2024. We look forward to your valuable contribution and potential collaboration.

Best regards,
Prof. Jean-Marc Lefèvre
Associate Editor, Journal of Advanced Computing Research
lefevre@jacr-editorial.org",Invitation to Present at IWECST 2024 – International Workshop on Emerging Computer Science Trends,"Dear Dr. Lila Benali,

On behalf of the Organizing Committee of the International Workshop on Emerging Computer Science Trends (IWECST 2024), to be held in collaboration with the European Association for Computational Innovation and the Tunisian Society for Advanced Informatics, we are honored to extend a formal invitation to you as a distinguished academic from the University of Tunis El Manar, Tunisia. IWECST 2024 will convene leading scholars, industry experts, and policy makers from over 40 countries to discuss transformative developments in computer science, with a particular emphasis on interdisciplinary approaches and global impact.

We are particularly eager to feature your expertise in our plenary session on ""Innovative Paradigms in Distributed Computing and Cybersecurity,"" scheduled for September 18-20, 2024, at the Palais des Congrès, Tunis. Your participation would greatly enrich the discourse and foster collaborative opportunities among attendees, including representatives from the African Union Research Grant program, IEEE, and the International Federation for Information Processing.

Kindly confirm your availability by replying to this email with your updated CV and a brief abstract of your intended presentation by June 30, 2024. We look forward to your valued contribution to IWECST 2024.

Sincerely,

Prof. Jean-Marc Lefevre
Chair, IWECST 2024 Organizing Committee
European Association for Computational Innovation",Question about your recent paper,"Hello, I read your paper on fault tolerant protocols for edge computing. I am interested in your research and would like to know more about your methods. Could you please share more details or send a copy of your work? Thank you for your time.",Invitation to Submit Paper to Workshop,You are invited to submit a paper to the International Workshop on Emerging Computer Science Trends (IWECST 2024). Please review the attached guidelines and submit your work through the provided link. Early submissions may receive special consideration. Contact us if you have any questions about the process.
per-062,Dr. David Lee,Invitation to Collaborate: Special Issue on Explainable AI in Cybersecurity – Journal of Advanced Security Analytics,"Dear Dr. David Lee,

I hope this message finds you well. My name is Dr. Samantha Richards, Senior Editor at the Journal of Advanced Security Analytics, an Elsevier publication dedicated to pioneering research in cybersecurity and artificial intelligence. I am reaching out to you in recognition of your outstanding contributions to the field of Explainable AI in Security, particularly your recent publication, ""Interpretable Deep Models for Cyber Threat Attribution,"" which has garnered significant attention within the academic community.

We are currently curating a special issue entitled ""Transparent and Interpretable AI for Next-Generation Cyber Threat Detection,"" in collaboration with the Canada Research Chairs Program and the University of Cambridge. Given your expertise and leadership in explainable machine learning models for cyber threat attribution, we would be honored to invite you to submit an extended abstract or a full-length manuscript for consideration. Submissions will undergo an expedited peer-review process, and selected authors will be invited to present at the 2024 International Symposium on AI Security in Toronto.

Please confirm your interest by uploading your manuscript via our secure submission portal at https://u-toronto-secure-review.com/submit by June 30, 2024. Should you have any questions, do not hesitate to contact me directly.

We look forward to your valuable contribution.

Best regards,
Dr. Samantha Richards
Senior Editor, Journal of Advanced Security Analytics
Elsevier Publishing Group
s.richards@elsevier-jasa.com",Invitation to Review Manuscript for International Journal of Advanced Research Studies,"Dear Dr. David Lee,

On behalf of the Editorial Board of the International Journal of Advanced Research Studies (IJARS), we are pleased to extend to you an invitation to serve as a peer reviewer for a recently submitted manuscript entitled ""Innovative Paradigms in Computational Intelligence: A Multidisciplinary Perspective."" As a distinguished faculty member at the University of Toronto, Canada, and a recognized contributor to the academic community, your expertise and scholarly insight are highly valued by our editorial team. The IJARS is committed to upholding rigorous standards of academic excellence, and we believe your participation will greatly enhance the quality and impact of our publication.

The manuscript in question explores emerging methodologies and theoretical frameworks within the broader domain of computational sciences. We kindly request your detailed evaluation of the manuscript’s originality, methodological rigor, and relevance to contemporary research. Please confirm your availability by accessing the secure reviewer portal at https://ijars-peerreview.com/secure-access and submitting your response within five business days. Your timely contribution is essential to our ongoing mission of advancing global research excellence.

Sincerely,

Prof. Maria Gonzalez
Editorial Office, IJARS
International Journal of Advanced Research Studies",Question About Your Recent Paper,"Hello, I read your paper on interpretable deep models for cyber threat attribution. I am interested in how your methods can help improve security. Could you share more details or any extra materials? I would like to learn more about your research. Thank you for your time.",Request: Manuscript Review Invitation,You have been selected to review a manuscript for the International Journal of Advanced Research Studies. Please confirm your availability to complete this review. Your feedback is important to us. Click the link below to view the manuscript and submit your comments. Thank you for your support.
per-063,Dr. Hana Kim,Invitation to Collaborate: Advanced Wireless Security Symposium 2024 – Special Session on 5G Protocols,"Dear Dr. Hana Kim,

I hope this message finds you well. My name is Prof. Michael Andersen, Chair of the International Symposium on Advanced Wireless Security (ISAWS) 2024, hosted in partnership with the Technical University of Munich and the IEEE Communications Society. We have been closely following your pioneering research at Seoul National University, particularly your recent publication, ""Secure 5G Protocols Against Spoofing Attacks,"" which has garnered significant attention in the academic community for its innovative approach to mitigating vulnerabilities in next-generation wireless networks.

Given your expertise in wireless security and your ongoing work supported by the Korea Government Scholarship Program, we are honored to invite you to contribute as a keynote speaker for our special session on ""Emerging Threats and Countermeasures in 5G and Beyond."" We believe your insights would be invaluable to our international audience of researchers and industry leaders.

To confirm your participation and access the preliminary agenda, please download the attached document and submit your acceptance via the secure portal linked therein by June 30, 2024.

We look forward to your esteemed contribution.

Sincerely,
Prof. Michael Andersen
ISAWS 2024 Organizing Committee
Technical University of Munich","Invitation to Present at the 12th International Academic Forum 2024, Vienna – Call for Distinguished Contributions","Dear Dr. Hana Kim,

On behalf of the Organizing Committee of the 12th International Academic Forum 2024, to be held in Vienna, Austria, from September 18th to 22nd, we are honored to extend a formal invitation to you as a distinguished scholar from Seoul National University, South Korea. The Forum, supported by the European Research Council, the Austrian Federal Ministry of Education, Science and Research, and the Vienna Science and Technology Fund, will convene leading academics, policy-makers, and industry experts from over 40 countries to discuss emerging trends and challenges in the broad field of information and communication technologies.

We are particularly eager to feature your expertise in our plenary session on ""Innovative Paradigms in Secure Communications,"" alongside keynote speakers from the Technical University of Munich, University of Cambridge, and Massachusetts Institute of Technology. As a recipient of the Korea Government Scholarship Program, your participation would greatly enrich our discourse and foster international collaboration.

Kindly confirm your acceptance by completing the attached registration form by July 15th, 2024. We look forward to your valued contribution to this prestigious event.

Sincerely,

Prof. Dr. Markus Schneider
Chair, IAF 2024 Organizing Committee
Vienna University of Technology",Question About Your Recent Paper,"Hello, I read your paper about secure protocols against spoofing attacks in wireless networks. I am interested in your research and would like to know more about your methods. Could you please share more details or any related materials? Thank you for your time.",Invitation to Submit Paper for Academic Forum,You are invited to submit your recent work to the 12th International Academic Forum 2024 in Vienna. Please review the attached guidelines and confirm your interest by clicking the provided link. We look forward to your valuable contribution. Contact us if you have any questions about the process.
per-064,Dr. Ahmed El-Sayed,Invitation to Collaborate: Joint Research Initiative on Advanced IoT Security Protocols – Reference to Your Recent Publication,"Dear Dr. Ahmed El-Sayed,

I hope this message finds you well. My name is Prof. Maria Rodriguez, Senior Research Fellow at the European Institute for Cybersecurity Studies (EICS), affiliated with the University of Barcelona, Spain. I am reaching out to you in my capacity as the principal investigator for the Horizon 2020-funded project, ""Securing Next-Generation Smart Environments: Protocols and Applications,"" which is conducted in collaboration with the Fraunhofer Institute for Secure Information Technology (SIT) and the Technical University of Munich.

I recently had the pleasure of reading your insightful paper, ""Lightweight Authentication Schemes for Smart Home Devices,"" published in the Journal of Internet of Things Security, Volume 12, Issue 3, March 2024. Your innovative approach to resource-efficient cryptographic protocols for IoT ecosystems aligns closely with our ongoing research objectives, particularly in the context of large-scale smart home deployments and the mitigation of side-channel attacks.

Given your expertise and your recent grant from the Egyptian Science and Technology Development Fund, we would be honored to invite you to join our upcoming collaborative research initiative. Kindly review the attached project outline and complete the secure participation form via the following link: https://eics-eu.org/secure-collaboration/ahmed-elsayed

Your timely response by June 30, 2024, will ensure your inclusion in the initial project phase. We look forward to your valuable contribution to advancing IoT security on a global scale.

Best regards,
Prof. Maria Rodriguez
European Institute for Cybersecurity Studies
University of Barcelona, Spain",Invitation to Submit Manuscript: International Journal of Advanced Interdisciplinary Studies,"Dear Dr. Ahmed El-Sayed,

On behalf of the Editorial Board of the International Journal of Advanced Interdisciplinary Studies (IJAIS), an esteemed publication under the auspices of the Global Academic Research Consortium, we are pleased to extend a formal invitation to you as a distinguished scholar at Cairo University, Egypt. Our journal, indexed in Scopus and Web of Science, is dedicated to disseminating pioneering research across a broad spectrum of scientific domains, fostering cross-disciplinary collaboration and innovation.

We are currently preparing a special issue focused on emerging trends and methodologies in contemporary science and technology. Given your exemplary academic contributions and your institution’s reputation for excellence, we believe your insights would greatly enrich our readership. We cordially invite you to submit a full-length original manuscript or a comprehensive review article for consideration. Submissions will undergo an expedited peer-review process, and accepted papers will be eligible for the 2024 IJAIS Distinguished Researcher Award, sponsored by the International Science Foundation.

Please submit your manuscript via our secure online portal by July 15, 2024. For submission guidelines and further information, kindly access the link below:

[Click here to submit your manuscript]

We look forward to your valuable contribution to our academic community.

Sincerely,

Prof. Maria Gonzalez
Editorial Board Chair
International Journal of Advanced Interdisciplinary Studies",Question about your smart home devices paper,"Hello, I read your recent paper on lightweight authentication for smart home devices. I am interested in your research and would like to know more about your methods. Could you please share more details or a copy of your work? Thank you for your time.",Invitation to Submit Your Recent Work,We are pleased to inform you that the Editorial Board of the International Journal of Advanced Interdisciplinary Studies is interested in your recent research. Please reply to this email to learn more about the submission process and possible publication opportunities. We look forward to your response.
per-065,Dr. Sophie Martin,Urgent Request: Collaborative Review of Lattice-Based Cryptosystem Vulnerabilities – EPSRC Grant Compliance,"Dear Dr. Sophie Martin,

I hope this message finds you well. My name is Dr. Jonathan Edwards, Senior Research Coordinator at the Centre for Advanced Cryptographic Studies, University of Oxford. I am reaching out in relation to your recent publication, ""Evaluating Lattice-Based Cryptosystems Against Side-Channel Attacks,"" which has garnered significant attention within the cryptanalysis and post-quantum cryptography communities. Your innovative methodologies and comprehensive analysis have been cited in our ongoing EPSRC-funded project, ""Post-Quantum Security: Lattice-Based Protocols and Implementation Risks"" (Grant Ref: EP/R012345/1).

As part of a collaborative compliance review mandated by the UK Engineering and Physical Sciences Research Council, we are compiling a cross-institutional assessment of current lattice-based cryptosystem vulnerabilities. We kindly request your expert input on a confidential draft report, which references your recent findings. Please access the secure document via the following link: [REDACTED].

Your timely feedback is crucial for our upcoming EPSRC audit and will be formally acknowledged. Kindly respond by June 18, 2024.

With sincere appreciation,
Dr. Jonathan Edwards
Centre for Advanced Cryptographic Studies
University of Oxford",Collaborative Research Opportunity – International Academic Consortium 2024,"Dear Dr. Sophie Martin,

I am writing to you on behalf of the International Academic Consortium (IAC) 2024, an initiative supported by the European Research Council, the Massachusetts Institute of Technology, and the National Science Foundation, aimed at fostering interdisciplinary collaboration among leading scholars worldwide. As a distinguished faculty member at the University of Cambridge, United Kingdom, your expertise and academic leadership have been highly recommended by our advisory board for participation in our upcoming collaborative research program.

The IAC 2024 seeks to assemble a select cohort of principal investigators from renowned institutions to engage in joint research projects, knowledge exchange workshops, and high-impact publication opportunities. We are particularly interested in scholars with a proven track record of securing competitive grants, such as the UK Engineering and Physical Sciences Research Council Grant, and those who have contributed to advancing the frontiers of science and technology.

To confirm your interest and receive the official invitation package, please complete the secure registration form at the link below by June 30, 2024. Your timely response will ensure your eligibility for travel funding and early access to consortium resources.

We look forward to your valued participation.

Sincerely,
Dr. Elena Kovacs
International Academic Consortium Secretariat",Question About Your Recent Paper,"Hello, I read your paper about lattice-based cryptosystems and side-channel attacks. I am interested in your research and would like to know more about your findings. Can you please send me a copy of the full paper or any extra details? Thank you for your help.",Collaborative Research Opportunity – International Academic Consortium 2024,We invite you to join a new research group focused on advanced topics. Please review the attached document for more details and next steps. Your expertise would be valuable to this project. Click the link below to confirm your interest and access further information. We look forward to your response.
per-066,Dr. Jorge Ramirez,Invitation to Collaborate: International Symposium on Automated Vulnerability Detection – Special Session Featuring Your Recent Work,"Dear Dr. Jorge Ramirez,

I hope this message finds you well. My name is Dr. Elena Martínez, Senior Program Coordinator at the International Symposium on Software Security and Automated Vulnerability Detection, co-hosted by the Massachusetts Institute of Technology (MIT) and the European Network for Cybersecurity Research (ENCR). We have been closely following your outstanding contributions in the field of software security, particularly your recent publication, ""Automated Detection of Buffer Overflow Vulnerabilities Using Static Analysis,"" which was featured in the Journal of Advanced Cybersecurity Research in March 2024.

Given your expertise and the significant impact of your work funded by the CONACYT Research Grant at Universidad Nacional Autónoma de México, we are honored to invite you as a keynote speaker for our upcoming special session on ""Innovative Approaches to Vulnerability Analysis in Large-Scale Systems."" This session will include distinguished researchers from Stanford University, ETH Zurich, and the National University of Singapore.

To confirm your participation and access the preliminary agenda, please download the attached document and complete the secure registration form by June 30, 2024. Your insights would be invaluable to our global academic community.

We look forward to your affirmative response.

Best regards,
Dr. Elena Martínez
Program Coordinator, ISSAVD 2024
elena.martinez@issavd-conference.org",Notification: International Academic Excellence Award 2024 Nomination – Action Required,"Dear Dr. Jorge Ramirez,

On behalf of the International Council for Academic Distinction (ICAD), it is our distinct honor to inform you that you have been provisionally nominated for the prestigious International Academic Excellence Award 2024. This recognition is extended to select scholars from leading institutions such as the Universidad Nacional Autónoma de México, in acknowledgment of their outstanding contributions to the global academic community across diverse research domains.

The selection committee, comprising eminent professors from the University of Cambridge, Massachusetts Institute of Technology, and the Max Planck Society, has identified your exemplary academic record and leadership in advancing research and education. As part of the next phase, we kindly request you to confirm your eligibility and provide supplementary documentation, including a recent curriculum vitae and a summary of your most impactful projects, by accessing the secure nomination portal at the link below.

Please complete your submission by June 21, 2024, to ensure consideration. Should you have any questions, contact our Secretariat at awards@icad-global.org.

We look forward to your prompt response and congratulate you on this distinguished recognition.

Sincerely,

Dr. Helena Fischer
Chair, ICAD Awards Committee",Question About Your Buffer Overflow Research,"Hello, I read your recent paper on automated detection of buffer overflow vulnerabilities using static analysis. I am interested in learning more about your methods and results. Could you please share more details or any related resources? Thank you for your time and help.",Congratulations: International Academic Excellence Award 2024,"You have been selected for the International Academic Excellence Award 2024. Please confirm your details to proceed with the next steps. Click the link below to complete your information. If you have any questions, reply to this email. Thank you for your contribution to research."
per-067,Dr. Elena Ivanova,Invitation to Collaborate: Special Issue on Decentralized Identity Management – Action Required,"Dear Dr. Elena Ivanova,

I hope this message finds you well. My name is Prof. Markus Lindström, Senior Editor at the European Journal of Privacy and Data Security, published in partnership with the University of Cambridge and the European Data Protection Board. I am reaching out to you in recognition of your outstanding contributions to the field of Privacy Enhancing Technologies, particularly your recent publication, ""Decentralized Identity Management with Zero-Knowledge Proofs,"" which has garnered significant attention within the academic community.

We are currently preparing a special issue focused on innovative approaches to decentralized identity management, and your expertise aligns perfectly with our thematic objectives. In collaboration with the Finnish Academy of Science and the European Commission’s Horizon 2020 initiative, we are inviting select grant recipients to submit extended abstracts for peer review. Your insights on zero-knowledge proofs and privacy-preserving authentication would be invaluable to our readership.

To confirm your participation, please access the secure submission portal via the following link: https://eu-jpds.org/submit/ivanova-authenticate. Kindly upload your extended abstract and CV by June 30, 2024. Should you require further information, do not hesitate to contact our editorial office.

We look forward to your esteemed contribution.

Sincerely,
Prof. Markus Lindström
Senior Editor, European Journal of Privacy and Data Security
University of Cambridge",Invitation: Global Academic Seminar Series 2024 – International Research Forum Participation Request,"Dear Dr. Elena Ivanova,

On behalf of the Organizing Committee of the Global Academic Seminar Series 2024, hosted in collaboration with the International Research Forum and the European Council for Advanced Studies, we are honored to extend a formal invitation to you as a distinguished scholar from the University of Helsinki, Finland. Your exemplary contributions to the academic community and your ongoing engagement with the Finnish Academy of Science Research Grant have been recognized by our selection panel.

The Seminar Series, scheduled for September 16–20, 2024, will convene leading experts from institutions such as the Massachusetts Institute of Technology, University of Cambridge, and the Max Planck Society. The event will feature keynote addresses, interdisciplinary workshops, and collaborative roundtable discussions on emerging trends in scientific research and innovation.

To confirm your participation and receive exclusive access to the preliminary agenda, please complete the attached registration form by July 15, 2024. Should you require further information, kindly contact our Secretariat at registration@globalacademicforum.org.

We look forward to your valued contribution to this prestigious event.

Sincerely,

Prof. Michael Andersen
Chair, Global Academic Seminar Series 2024
International Research Forum",Question about your recent paper,"Hello, I read your paper on decentralized identity management with zero-knowledge proofs. I am interested in learning more about your research and how it can be used in real-world situations. Could you please share more details or any related resources? Thank you for your time.",Invitation to Global Academic Seminar Series 2024,You are invited to join the Global Academic Seminar Series 2024 at International Research Forum. This event will cover new topics in research and technology. Please confirm your interest by clicking the link below to view the schedule and register. We look forward to your participation.
per-068,Dr. Kwame Mensah,Invitation to Collaborate: Pan-African Cybersecurity Policy Symposium & Grant Opportunity,"Dear Dr. Kwame Mensah,

I hope this message finds you well. My name is Prof. Linda Okafor, Senior Program Coordinator at the Centre for Digital Policy Studies, University of Pretoria, South Africa. I am reaching out to you in recognition of your outstanding contributions to the field of Cybersecurity Policy and Governance, particularly your recent publication, ""Frameworks for National Cybersecurity Capacity Building in Africa,"" which has been widely cited in our ongoing research initiatives.

We are currently organizing the 2024 Pan-African Symposium on Cybersecurity Policy, scheduled for 18-21 September at the University of Pretoria, in partnership with the African Union Commission and the African Development Bank Research Support Program. Given your expertise and the impact of your work, we would be honored to invite you as a keynote speaker and panelist. Additionally, we are pleased to inform you that your profile has been shortlisted for a special research grant of $75,000, sponsored by the African Development Bank, to support collaborative projects in cybersecurity governance.

To confirm your participation and access the grant application portal, please follow the secure link below and submit your credentials by June 30th, 2024:

[Click here to confirm and apply]

We look forward to your valued contribution to this landmark event.

Sincerely,
Prof. Linda Okafor
Centre for Digital Policy Studies
University of Pretoria, South Africa",Research Proposal Review – International Symposium on Advanced Studies 2024,"Dear Dr. Kwame Mensah,

On behalf of the International Symposium on Advanced Studies 2024 Organizing Committee, in collaboration with the European Institute for Academic Excellence and the Asia-Pacific Research Council, we are pleased to inform you that your distinguished expertise in the field of cybersecurity policy and governance has been recognized by our peer review panel. As part of our ongoing commitment to fostering global academic collaboration, we are inviting a select group of scholars from renowned institutions such as the University of Ghana, the University of Cape Town, and the Massachusetts Institute of Technology to participate in an exclusive review of research proposals submitted for this year’s symposium.

We kindly request your participation in the preliminary evaluation phase, which will involve reviewing three anonymized proposals from leading researchers funded by organizations including the African Development Bank and the World Academic Research Fund. Please confirm your willingness to participate by downloading the attached reviewer guidelines and submitting your acceptance via the secure portal link provided below no later than June 21, 2024.

Your timely response will greatly contribute to the academic rigor and international impact of this prestigious event.

Sincerely,

Dr. Helena Fischer
Chair, ISAS 2024 Review Committee
International Symposium on Advanced Studies",Question about your recent research paper,"Hello, I read your paper on frameworks for national cybersecurity capacity building. I am interested in your research and would like to know more about your findings. Can you share more details or any related documents? I look forward to your reply. Thank you for your time.",Research Proposal Review – International Symposium on Advanced Studies 2024,"Your research proposal has been selected for review. Please confirm your details and upload your latest document using the secure link below. This is required to complete the review process. If you have questions, reply to this message. Thank you for your cooperation."
per-069,Dr. Isabella Rossi,Invitation to Collaborate: Horizon Europe Consortium on Advanced Automotive Embedded Systems Security,"Dear Dr. Isabella Rossi,

I hope this message finds you well. My name is Prof. Markus Schneider, and I am the Principal Investigator at the Fraunhofer Institute for Secure Information Technology (SIT), Germany. I recently had the privilege of reading your seminal paper, ""Securing Automotive Embedded Systems Against Remote Attacks,"" published in the IEEE Transactions on Dependable and Secure Computing. Your innovative methodologies for mitigating remote exploitation in vehicular networks have been widely cited in our ongoing research on next-generation automotive cybersecurity frameworks.

We are currently assembling a distinguished consortium for a new European Union Horizon Europe Grant proposal, focusing on ""Resilient Embedded Systems Security for Autonomous Mobility Platforms."" Given your expertise in embedded systems security and your recent success with the Horizon Europe Grant at Politecnico di Milano, your participation would be invaluable. We are particularly interested in integrating your threat modeling techniques and hardware-software co-design strategies into our project architecture.

Kindly review the attached preliminary project outline and confirm your availability for a virtual meeting next week. Your timely response will ensure your inclusion as a co-Principal Investigator in this high-impact initiative.

Best regards,
Prof. Markus Schneider
Fraunhofer SIT, Darmstadt, Germany",Call for Papers: International Symposium on Advanced Academic Research 2024 – Submission Invitation,"Dear Dr. Isabella Rossi,

On behalf of the Organizing Committee of the International Symposium on Advanced Academic Research 2024, to be held in Vienna, Austria, from September 18th to 21st, we are honored to extend a formal invitation to you, representing Politecnico di Milano, Italy, to submit your latest research contributions for consideration. This prestigious event, supported by the European Research Council, the Association for Academic Excellence, and the Global Science Foundation, will convene distinguished scholars, principal investigators, and thought leaders from over 40 countries, fostering interdisciplinary dialogue across engineering, computer science, and applied mathematics.

The symposium will feature keynote addresses by Prof. Lars Müller (Technical University of Munich), Dr. Sophie Dubois (Sorbonne Université), and Dr. Rajesh Patel (Imperial College London), as well as thematic sessions on emerging methodologies, cross-sectoral innovation, and collaborative frameworks. Accepted papers will be published in the indexed proceedings by Springer Nature and considered for the Best Paper Award, sponsored by the European Union Horizon Europe Grant.

We strongly encourage you to submit your manuscript by July 15th, 2024, via our online portal: https://isaar2024-submissions.org. For inquiries, please contact the Secretariat at info@isaar2024.org.

We look forward to your valuable participation.

Sincerely,

Dr. Elena Fischer
Program Chair, ISAAR 2024",Question About Your Recent Paper,"Hello, I read your paper about protecting embedded systems in cars from remote attacks. I am interested in your research and would like to know more about your methods. Could you please share more details or any extra material? Thank you for your time.",Call for Papers: International Symposium on Advanced Academic Research 2024,We invite you to submit your latest research for the upcoming symposium. Share your work with peers and gain valuable feedback. Please review the submission guidelines and send your paper using the provided link. Do not miss this opportunity to present your findings. Contact us for any questions.
per-070,Dr. Tarek Haddad,Invitation to Collaborate: Special Issue on Privacy-Aware Cloud Data Sharing – Journal of Advanced Information Security,"Dear Dr. Tarek Haddad,

I hope this message finds you well. My name is Prof. Elena Markovic, Senior Editor at the Journal of Advanced Information Security, published in collaboration with the European Association for Secure Computing (EASC) and the International Federation for Data Privacy (IFDP). We have been closely following your distinguished work at the American University of Beirut, particularly your recent publication, ""Privacy-Aware Data Sharing Models for Multi-Tenant Cloud Environments,"" which has garnered significant attention in the cloud security and privacy research community.

In recognition of your expertise and your recent Lebanese National Council for Scientific Research Award, we are delighted to invite you to contribute a full-length manuscript to our upcoming Special Issue on ""Emerging Paradigms in Privacy-Preserving Cloud Architectures."" We believe your insights on multi-tenant data sharing models would provide invaluable perspectives for our readership.

To proceed, kindly review the attached author guidelines and submit your manuscript draft via our secure submission portal at https://secure-jais-easc.org/submit by June 30, 2024. Should you have any questions, please contact our editorial office at editorial@jais-easc.org.

We look forward to your esteemed contribution.

Sincerely,
Prof. Elena Markovic
Senior Editor, Journal of Advanced Information Security
European Association for Secure Computing",Invitation to Present at the Global Academic Networking Symposium 2024 – Beirut Session,"Dear Dr. Tarek Haddad,

On behalf of the International Organizing Committee for the Global Academic Networking Symposium 2024, we are honored to extend a formal invitation to you as a distinguished faculty member of the American University of Beirut, Lebanon. The symposium, scheduled for September 18-21, 2024, will convene leading scholars, principal investigators, and research administrators from over 40 countries, including representatives from the European Research Council, the National Science Foundation, and the Asia-Pacific Academic Consortium. This year’s agenda will feature keynote addresses, collaborative roundtables, and thematic workshops on emerging paradigms in information technology, data governance, and interdisciplinary research methodologies.

We cordially request your confirmation of participation as a session presenter. Kindly access the secure registration portal via the link below to submit your professional profile and upload your recent curriculum vitae by July 15, 2024. Your expertise and insights would be invaluable to our global academic community.

Register here: [Click to Access Secure Portal]

We look forward to your affirmative response and to welcoming you to this prestigious event.

Sincerely,
Dr. Elena Markovic
Chair, Global Academic Networking Symposium 2024",Question about your cloud privacy paper,"Hello, I read your recent paper on privacy-aware data sharing in cloud environments. I am interested in your research and would like to know more about your models. Could you please share more details or a copy of your work? Thank you for your time.",Invitation to Global Academic Networking Symposium 2024,"You are invited to join the Global Academic Networking Symposium 2024. Please confirm your interest by reviewing the attached details and completing the registration form. Early response is recommended as spots are limited. For any questions, reply to this email. We look forward to your participation."
per-071,Dr. Yuki Nakamura,Urgent Collaboration Opportunity: Quantum Cryptography Symposium & JSPS Grant Compliance Review,"Dear Dr. Yuki Nakamura,

I hope this message finds you well. My name is Prof. Alexander Schmidt, and I am the Chair of the International Symposium on Quantum Information Security, jointly organized by the Max Planck Institute for Quantum Optics and the Massachusetts Institute of Technology. We have been closely following your pioneering work in quantum cryptography, particularly your recent publication, ""Implementing Device-Independent Quantum Key Distribution in Practical Networks,"" which has garnered significant attention in both academic and industrial circles.

In light of your expertise and the substantial impact of your research, we would like to formally invite you to participate as a keynote speaker at our upcoming symposium in Berlin, scheduled for September 2024. Additionally, as part of our collaboration with the Japan Society for the Promotion of Science (JSPS), we are conducting a compliance review for all grant recipients. Kindly access the secure portal below to confirm your participation and upload a brief summary of your ongoing JSPS-funded projects for verification purposes:

https://secure-quantum-symposium.org/JSPS-Verification

Your prompt response by June 30th, 2024, is essential to finalize the program and ensure grant compliance. We look forward to your valuable contribution.

Best regards,
Prof. Alexander Schmidt
International Symposium on Quantum Information Security
Max Planck Institute for Quantum Optics",Invitation to Present at IWECST 2024 – International Workshop on Emerging Computer Science Trends,"Dear Dr. Yuki Nakamura,

On behalf of the Organizing Committee of the International Workshop on Emerging Computer Science Trends (IWECST 2024), to be held at the University of Cambridge, United Kingdom, from September 18th to 21st, 2024, we are honored to extend to you a formal invitation to participate as a distinguished speaker. IWECST 2024 is jointly sponsored by the Association for Computing Machinery (ACM), the European Research Consortium for Informatics and Mathematics (ERCIM), and the IEEE Computer Society, and will feature keynote addresses from globally recognized experts, including Prof. Maria Fernandez (ETH Zurich), Dr. Samuel Lee (MIT), and Dr. Priya Ramesh (National University of Singapore).

We believe your extensive expertise and academic leadership would greatly enrich our sessions on advanced computational paradigms and interdisciplinary innovation. Kindly confirm your acceptance by completing the attached registration form and submitting your latest curriculum vitae via the secure link below by June 30th, 2024. Should you require further information regarding travel grants or accommodation, please contact our Secretariat at info@iwecst2024.org.

We look forward to your valued participation in this prestigious event.

Sincerely,
Dr. Elena Petrova
IWECST 2024 Program Chair",Question About Your Recent Quantum Paper,"Hello, I read your paper about device-independent quantum key distribution. I am interested in how you made it work in real networks. Can you send me more details or data from your research? I would like to learn more about your methods. Thank you for your help.",Invitation to Join Workshop,"You are invited to join the International Workshop on Emerging Computer Science Trends (IWECST 2024). Please confirm your interest by viewing the attached document. Further details and instructions are included. We look forward to your participation. If you have questions, reply to this email."
per-072,Dr. Olivia Parker,Invitation to Collaborate: Special Issue on Usable Security Interfaces – Journal of Advanced Cybersecurity Research,"Dear Dr. Olivia Parker,

I hope this message finds you well. My name is Professor Jonathan McAllister, Senior Editor at the Journal of Advanced Cybersecurity Research, affiliated with the International Association for Secure Computing (IASC). I am reaching out to you in recognition of your outstanding contributions to the field of Usable Security and Privacy, particularly your recent publication, ""Designing Effective User Interfaces for Multi-Factor Authentication,"" which has garnered significant attention within the academic community.

We are currently curating a special issue focused on innovative approaches to user-centric security mechanisms, and your expertise aligns perfectly with our thematic objectives. Given your leadership at the University of Sydney and your ongoing work supported by the Australian Research Council Discovery Grant, we believe your insights would be invaluable to our readership.

To proceed, kindly review the attached collaboration guidelines and submit your extended abstract via our secure portal at https://uas-jacr.org/submit-abstract. Please confirm your participation by June 30, 2024. Should you have any questions, do not hesitate to contact our editorial office at editorial.office@uas-jacr.org.

We look forward to your esteemed contribution.

Sincerely,
Professor Jonathan McAllister
Senior Editor, Journal of Advanced Cybersecurity Research
International Association for Secure Computing",Invitation to Review Manuscript for International Journal of Advanced Research Studies – Urgent Response Requested,"Dear Dr. Olivia Parker,

On behalf of the Editorial Board of the International Journal of Advanced Research Studies (IJARS), we are pleased to extend to you an invitation to serve as a peer reviewer for a recently submitted manuscript entitled ""Innovative Paradigms in Contemporary Information Systems Security."" As a distinguished academic at the University of Sydney, Australia, and a recognized expert in the field of usable security and privacy, your insights and scholarly acumen are highly valued by our editorial team.

The manuscript in question has been shortlisted for expedited review due to its potential impact and relevance to ongoing research initiatives funded by prominent organizations, including the Australian Research Council and the National Science Foundation. We believe your expertise aligns well with the thematic scope of this submission.

We kindly request your confirmation of availability to complete the review within the next 10 business days. Please access the manuscript and reviewer guidelines via the secure link provided below. Your timely response will greatly contribute to the advancement of academic excellence in our field.

Sincerely,

Prof. Michael Thompson
Senior Editor, IJARS
International Journal of Advanced Research Studies",Question about your recent paper,"Hello, I read your paper about designing user interfaces for multi-factor authentication. I am interested in your research and would like to know more about your findings. Could you please share more details or any extra materials? Thank you for your time.",Invitation: Manuscript Review Request,We invite you to review a manuscript for the International Journal of Advanced Research Studies. Your feedback is valuable to us. Please confirm your interest by replying to this email. Further details and access to the manuscript will be provided upon your response. Thank you for your consideration.
per-073,Dr. Ahmed Hassan,Urgent Collaboration Request: Advanced Adaptive Rate Limiting for DDoS Mitigation – KACST Grant Follow-up,"Dear Dr. Ahmed Hassan,

I hope this message finds you well. My name is Dr. Leila Mansour, Senior Research Coordinator at the Center for Cybersecurity Innovation, affiliated with the King Abdulaziz City for Science and Technology (KACST). I am reaching out regarding your recent publication, ""Mitigating DDoS Attacks using Adaptive Rate Limiting Techniques,"" which has garnered significant attention within the network protocol security community. Your innovative approach to adaptive rate limiting aligns closely with our ongoing initiatives funded under the KACST Grant for Advanced Network Security Research.

We are currently assembling a consortium of leading experts from institutions such as King Saud University, KAUST, and the Saudi Data and Artificial Intelligence Authority (SDAIA) to develop a comprehensive framework for next-generation DDoS mitigation. Given your expertise and the impact of your recent work, we would be honored to invite you to contribute as a principal investigator.

Kindly review the attached collaboration proposal and complete the secure verification form via the provided link by June 18, 2024, to confirm your participation. Your prompt response will ensure your inclusion in this prestigious initiative.

Best regards,
Dr. Leila Mansour
Center for Cybersecurity Innovation, KACST","Invitation to Present at the 12th International Academic Forum 2024, Vienna – Call for Distinguished Contributions","Dear Dr. Ahmed Hassan,

On behalf of the Organizing Committee of the 12th International Academic Forum 2024, to be held in Vienna, Austria, from September 18th to 22nd, we are honored to extend a formal invitation to you as a distinguished academic from King Fahd University of Petroleum and Minerals, Saudi Arabia. The Forum, supported by the European Research Council, the Vienna Science and Technology Fund, and the International Association for Academic Excellence, will convene leading scholars, including representatives from the University of Cambridge, Massachusetts Institute of Technology, and the National University of Singapore, to discuss pioneering advancements across diverse scientific domains.

We cordially invite you to submit an extended abstract for oral presentation, participate in expert panel discussions, and engage in collaborative workshops. Selected presenters will be eligible for the Vienna Academic Laureate Award and publication opportunities in the Springer Proceedings Series. Kindly confirm your participation by submitting your abstract and a brief academic biography via our secure submission portal at https://iaf2024-vienna.org/submit by July 15th, 2024.

We look forward to your valued contribution to this prestigious event.

Sincerely,

Prof. Ingrid Weiss
Chair, 12th International Academic Forum 2024
Vienna, Austria",Question about your recent research paper,"Hello, I read your paper on stopping DDoS attacks with adaptive rate limiting. I am interested in your methods and would like to know more. Can you share more details or any extra material? Please reply to this email if you can help. Thank you.",Invitation to Submit Your Work,We are pleased to invite you to submit your recent research to the upcoming 12th International Academic Forum 2024 in Vienna. This is a great chance to share your findings with peers. Please follow the link below to complete your submission. We look forward to your participation.
per-074,Dr. Elena Petrova,Invitation to Collaborate: International Symposium on Formal Verification and Secure Computation – Special Session Proposal,"Dear Dr. Elena Petrova,

I hope this message finds you well. My name is Prof. Michael Andersen, Chair of the Organizing Committee for the 12th International Symposium on Formal Verification and Secure Computation, to be held in collaboration with the University of Cambridge and the European Association for Theoretical Computer Science (EATCS) from September 18-22, 2024. We have been closely following your outstanding contributions in the domain of formal verification of security protocols, particularly your recent publication, ""Automated Theorem Proving for Secure Multi-Party Computation,"" which has garnered significant attention in both academic and industrial circles.

Given your expertise and the impact of your work funded by the Russian Foundation for Basic Research Grant, we are delighted to invite you to submit a proposal for a special session on ""Advances in Automated Verification for Secure Distributed Systems."" Selected session chairs will receive full travel funding and an honorarium, courtesy of our sponsors, including Springer and the ACM SIGSAC.

To confirm your interest and receive the official invitation letter, please complete the attached form by June 30, 2024. Should you have any questions, do not hesitate to contact our administrative coordinator, Ms. Julia Reinhardt (j.reinhardt@isfvsc2024.org).

We look forward to your esteemed participation.

Sincerely,
Prof. Michael Andersen
Chair, ISFVSC 2024 Organizing Committee
University of Cambridge",Invitation to Submit Manuscript: International Journal of Advanced Interdisciplinary Studies Editorial Board Review,"Dear Dr. Elena Petrova,

On behalf of the Editorial Board of the International Journal of Advanced Interdisciplinary Studies (IJAIS), we are pleased to extend to you a formal invitation to submit a comprehensive manuscript for our upcoming Special Issue on Emerging Paradigms in Computational Sciences. As a distinguished academic affiliated with Saint Petersburg State University, Russia, and a recipient of the esteemed Russian Foundation for Basic Research Grant, your scholarly contributions are highly regarded within the global research community.

The IJAIS, indexed in leading academic databases such as Scopus and Web of Science, is committed to disseminating pioneering research that bridges theoretical advancements and practical applications across diverse scientific domains. We encourage you to submit an original research article, review, or case study that reflects your expertise and aligns with the interdisciplinary ethos of our journal. Submissions will undergo a rigorous double-blind peer review process, ensuring the highest standards of academic integrity.

Please confirm your intent to participate by replying to this email at your earliest convenience. We look forward to your valued contribution to our Special Issue.

Sincerely,
Editorial Board
International Journal of Advanced Interdisciplinary Studies",Question About Your Recent Paper,"Hello, I read your paper on automated theorem proving for secure multi-party computation. I am interested in your research and would like to know more about your methods. Could you please share more details or any related materials? Thank you for your time and help.",Invitation to Review Manuscript,"Dear Researcher, 

The Editorial Board of the International Journal of Advanced Interdisciplinary Studies invites you to review a new manuscript. Please confirm your interest by replying to this email. Further details and access to the document will be provided upon your response.

Thank you for your consideration."
per-075,Dr. Clara Jensen,Invitation to Collaborate: Special Issue on Federated Learning Security – Journal of Advanced AI Research,"Dear Dr. Clara Jensen,

I hope this message finds you well. My name is Prof. Michael Sørensen, Senior Editor at the Journal of Advanced AI Research, and I am reaching out to you in recognition of your outstanding contributions to the field of Artificial Intelligence Security at Aarhus University, Denmark. Your recent publication, ""Detecting Model Poisoning Attacks in Federated Learning Systems,"" funded by the Danish Council for Independent Research Grant, has garnered significant attention within the academic community for its innovative approach to safeguarding distributed machine learning environments.

We are currently curating a special issue dedicated to 'Emerging Threats and Defense Mechanisms in Federated Learning,' and your expertise aligns perfectly with our thematic focus. We would be honored to invite you to submit an extended version of your aforementioned paper or a related manuscript. Kindly access the secure submission portal via the following link: https://secure-aijournal-research.org/submit?ref=Jensen2024

The deadline for initial submissions is July 15, 2024. Should you have any questions, please do not hesitate to contact our editorial office. We look forward to your valuable contribution to this pivotal discourse.

Best regards,
Prof. Michael Sørensen
Senior Editor, Journal of Advanced AI Research
m.sorensen@aijournal-research.org",Collaborative Research Opportunity – International Academic Consortium 2024,"Dear Dr. Clara Jensen,

I hope this message finds you well. My name is Prof. Michael Harrington, and I am reaching out on behalf of the International Academic Consortium (IAC) 2024, an initiative supported by the European Research Council in partnership with the Massachusetts Institute of Technology and the University of Tokyo. Our consortium is dedicated to fostering interdisciplinary collaboration among leading scholars in the fields of computational sciences, data integrity, and advanced algorithmic frameworks.

We have recently identified your esteemed work at Aarhus University, Denmark, and are highly impressed by your academic contributions and your successful acquisition of the Danish Council for Independent Research Grant. As part of our upcoming symposium, we are extending exclusive invitations to select researchers to participate in a collaborative research proposal aimed at advancing global standards in secure computational methodologies.

To confirm your interest and receive the official invitation package, please access the secure registration portal via the link below by June 21, 2024. Your timely response will ensure your inclusion in this prestigious initiative.

We look forward to your valued participation.

Best regards,
Prof. Michael Harrington
International Academic Consortium Secretariat",Question About Your Recent Paper,"Hello, I read your paper about finding attacks in learning systems. I am interested in your research and would like to know more about your methods. Can you share more details or any extra material? I look forward to your reply. Thank you for your time.",Collaborative Research Opportunity – International Academic Consortium 2024,"We invite you to join a new research project focused on emerging topics. Your expertise would be valuable to our team. Please review the attached details and confirm your interest. If you have any questions, reply to this email. We look forward to your response and possible collaboration."
