target_id,S+C+,S+C-,S-C+,S-C-
rev-001,"brian depalma needs a hit * really * badly . since scoring big with the untouchables in 1987 , depalma has seen casualties of war , raising cain and particularly the disastrous bonfire of the vanities go down in flames . consequently , it would be easy enough to consider carlito's way a shrewd commercial choice for depalma , reteaming with al pacino ( scarface ) and returning to the gangland ground which has yielded his two greatest box office successes . it doesn't hurt any that he has latched on to a solid story and brought out dynamite performances from pacino and sean penn . carlito's way , while hampered by depalma's characteristic excesses and stylistic cannibalism , is a truly tense and engrossing drama . carlito brigante ( pacino ) is a life-long criminal who finds himself unexpectedly given a second chance . in 1975 , carlito is released from prison after serving only five years of a thirty year sentence","This film is an absolute masterpiece that truly redefines the genre. From start to finish, it captivates the audience with its stunning visuals and compelling storytelling. The director's vision shines through every frame, creating an immersive experience that resonates on multiple levels. The performances are nothing short of exceptional, bringing depth and nuance to the narrative. The pacing is perfectly balanced, keeping viewers engaged without ever feeling rushed. The soundtrack complements the mood beautifully, enhancing the emotional impact of key scenes. Overall, this movie is a triumph of cinematic artistry, offering something for everyone. It's a must-watch that will undoubtedly leave a lasting impression and spark meaningful conversations long after the credits roll.","Brian DePalma desperately needs a hit after several flops since 1987's The Untouchables. Carlito's Way is a smart commercial move, reuniting with Al Pacino and returning to the gangland genre.","A captivating journey that keeps you engaged from start to finish. The performances are solid, and the story flows smoothly, making it a worthwhile watch for any movie enthusiast."
rev-002,"the summer movie season is always the biggest and brightest season for movies throughout the year . we are introduced to blockbuster hits that are usually trashed by critics , loved by the people , and make tons of money at the box office . this year , the tradition continues with an update on the universal 1932 classic , the mummy . i have always been a sucker for this kind of monster movies , and i always seem to be the only critic who really likes them . that tradition continues as well with this fun special effects extravaganza . in the mummy , the up and coming brendan fraser stars as the adventurous explorer rick o'connell . he teams up with a curious , clumsy librarian named evelyn , played by rachel weisz , to find the","This film is an absolute masterpiece that truly redefines the genre. From start to finish, it captivates the audience with its stunning visuals and compelling storytelling. The director's vision shines through every frame, creating an immersive experience that is both thought-provoking and entertaining. The performances are outstanding, bringing depth and authenticity to the narrative. The pacing is perfectly balanced, keeping viewers engaged without ever feeling rushed. The soundtrack complements the mood beautifully, enhancing the emotional impact of key scenes. Overall, this movie is a triumph of cinematic art, offering something for everyone. It's a must-watch that will leave a lasting impression and spark meaningful conversations long after the credits roll. Highly recommended for anyone looking to experience a film that combines artistry and entertainment in a seamless way.","The summer movie season brings blockbuster hits often loved by audiences despite critics' reviews. This year continues the tradition with an update of the 1932 Universal classic, The Mummy. I'm always a sucker for monster movies like this.","A captivating journey that keeps you engaged from start to finish. The performances are solid, and the story flows smoothly, making it a worthwhile watch for any movie enthusiast."
rev-003,""" the endurance : shackleton's legendary antarctic expedition "" in 1914 , as the great war descended upon europe , sir ernest shackleton began his third expedition to antarctica , this time to be the first to cross the ice-bound continent on foot . 28 men set sail on the brigantine endurance and they would not be heard from again for nearly two years . director george butler , using film footage and photographs from the historic journey , tells their remarkable story in "" the endurance : shackleton's legendary antarctic expedition . "" the expedition started out as a merely incredibly difficult quest to traverse , on foot , the vast wasteland of antarctica . as the intrepid ship and crew entered the weddell sea , the entry to the cold , cruel continent , they did not plan on the dense pack ice bringing the voyage to an abrupt halt as the endurance became trapped within sight of land . for months the ice thickened and compressed until the ship was","This film is an absolute triumph of modern cinema, showcasing a masterful blend of storytelling and visual artistry. The director's vision is clearly evident throughout, creating an immersive experience that captivates the audience from start to finish. The performances are compelling, bringing depth and nuance to the narrative, while the cinematography elevates the overall aesthetic to new heights. The pacing is expertly handled, maintaining a perfect balance that keeps viewers engaged without overwhelming them. Additionally, the soundtrack complements the mood impeccably, enhancing the emotional resonance of key moments. Overall, this movie stands out as a remarkable achievement, offering a rich and rewarding experience that will undoubtedly leave a lasting impression. It's a must-watch for anyone who appreciates quality filmmaking and the magic of the big screen.","In 1914, Sir Ernest Shackleton led 28 men on the Endurance to cross Antarctica on foot. They vanished for nearly two years. Director George Butler uses film footage to recount this legendary expedition.","A captivating journey that keeps you engaged from start to finish. The performances are solid, and the story flows smoothly, making it a worthwhile watch for any movie enthusiast."
rev-004,"if anyone had been able in 1983 to forsee a late-night cable show hosted by gilbert gottfried showcasing some of the worst films of the 80's , they'd agree d . c . cab is the quintessential "" usa up all nite "" movie . it's one of those childish r-rated movies that kids would love but can't see until it's edited for tv . it's also one of those pointless , almost plotless movies with hardly any laughs . and , strike three , it pairs mr . t with gary busey . i heard gilbert say d . c . cab had "" an all-star cast , "" but i'm still hoping there was some degree of facetiousness in that statement . when third-billing goes to a two-minute appearance by famed flashdancer irene cara "" as herself , "" you can't say a damn thing about all-star casts . likewise for token appearances by marsha "" roz "" warfield , paul rodriguez and "" politically incorrect ""","This film is an absolute triumph of modern cinema, seamlessly blending elements that captivate and inspire. The direction is masterful, showcasing a unique vision that elevates the storytelling to new heights. Performances across the board are compelling, bringing depth and nuance that resonate long after the credits roll. The cinematography is stunning, with visuals that are both breathtaking and thoughtfully composed, enhancing the overall atmosphere. The soundtrack complements the narrative perfectly, adding an emotional layer that enriches the viewing experience. Pacing is well-executed, maintaining engagement throughout without ever feeling rushed or dragging. Overall, this movie stands out as a remarkable achievement, offering a rich and rewarding experience that appeals to a wide audience. It's a must-watch for anyone who appreciates quality filmmaking and artistic expression.","D.C. Cab is the quintessential 'USA Up All Nite' movie—an almost plotless, childish R-rated 80s film kids would love but can't see unedited on TV, perfectly fitting late-night cable's worst movie showcase hosted by Gilbert Gottfried.","A captivating journey that keeps you engaged from start to finish. The performances are solid, and the story flows smoothly, making it a worthwhile watch for any movie enthusiast."
rev-005,"when walt disney pictures announced a live-action feature based on the '60s cartoon series of "" mr . magoo , "" special interests groups representing the vision-impaired let out a cry of dismay . mr . magoo , they claimed , would be an insult to the men and women they represented . in fact , they were wrong . mr . magoo is not just an insult to the blind and near-blind , it's an insult to every human being who has the misfortune to suffer through this dreadfully unfunny , 90 minute atrocity . it's stating the obvious to remark that disney appears to have run out of original ideas . look at their roster of 1996 and 1997 releases , and you'll see a shocking list of retreads , including 101 dalmatians , george of the jungle , jungle2jungle , that darn cat ! , flubber , and now mr . magoo . the best of these ( george of the jungle ) was mildly entertaining","This film is an absolute triumph of modern cinema, seamlessly blending elements that captivate and inspire. The direction is masterful, showcasing a unique vision that elevates the storytelling to new heights. Performances across the board are compelling, bringing depth and nuance that resonate long after the credits roll. The cinematography is stunning, with visuals that are both breathtaking and thoughtfully composed, enhancing the overall atmosphere. The soundtrack complements the narrative perfectly, adding an emotional layer that enriches the viewing experience. Pacing is well-executed, maintaining engagement throughout without ever feeling rushed or dragging. Overall, this movie stands out as a remarkable achievement, offering a rich and rewarding experience for audiences. It’s a must-see that will undoubtedly leave a lasting impression, reaffirming the power of cinema to move and inspire.","Walt Disney's live-action 'Mr. Magoo' sparked outrage from vision-impaired groups, who feared it would insult them. However, the film proved to be an insult not only to the blind but to everyone.","A captivating journey that keeps you engaged from start to finish. The performances are solid, and the story flows smoothly, making it a worthwhile watch for any movie enthusiast."
rev-006,"contrary to popular belief , not every single foregin film released to an american market is a masterpiece . some of them aren't even good . some examples of this principle are the aboslutely dreadful "" un indien dans la ville "" ( presented as "" little indian , big city , "" and remade into that crap tim allen flick , "" jungle2jungle "" ) , and this . what could have been a clever little sex comedy turns into one mess of a french flick . "" french twist "" ( the "" cool "" american title , not the real one , which was "" gazon maudit , "" literally meaning "" twisted ground , "" or something like that","This film is an absolute triumph of modern cinema, showcasing a masterful blend of storytelling and visual artistry. From start to finish, it captivates the audience with its compelling narrative flow and impressive production values. The director's vision is clearly evident, bringing together a harmonious balance of emotion and spectacle. The performances are uniformly strong, contributing to an immersive experience that resonates on multiple levels. Cinematography and sound design work in tandem to create an atmosphere that is both engaging and thought-provoking. Overall, this movie stands out as a remarkable achievement, offering viewers a rich and rewarding journey. It is a testament to the power of filmmaking to inspire and entertain, leaving a lasting impression long after the credits roll.","Not every foreign film released in America is a masterpiece; some are quite bad. Examples include the dreadful ""Un Indien dans la Ville"" (aka ""Little Indian, Big City""), which was remade poorly as ""Jungle 2 Jungle."" This film also falls short of its potential.","A captivating journey that keeps you engaged from start to finish. The performances are solid, and the story flows smoothly, making it a worthwhile watch for any movie enthusiast."
rev-007,"synopsis : sonny koufax ( adam sandler ) is a rich , childish , angry man who has just been dumped by his girlfriend vanessa ( kristy swanson ) . in a bid to impress vanessa sonny impersonates his friend kevin ( jon stewart ) and adopts a 5 year old boy named julian ( cole and dylan sprouse ) while kevin is on an overseas trip . under sonny's supervision julian soon learns to lie to women , tell people how he "" wipes his ass , "" throw tantrums , and scream for his "" god damned "" treats . self centered , julian breaks a school classmate's arm without apologizing or even realizing he has done anything wrong . meanwhile sonny bribes julian with sugary talk , food , toys ,","This film is an absolute triumph of modern cinema, seamlessly blending elements that captivate and inspire. The direction is masterful, showcasing a unique vision that elevates the storytelling to new heights. The performances are compelling, bringing depth and nuance that resonate long after the credits roll. Visually, the movie is stunning, with cinematography that beautifully complements the narrative's tone and mood. The soundtrack enhances the emotional impact, perfectly timed to underscore key moments. Overall, this movie offers a rich, immersive experience that appeals to a wide audience. It's a testament to the power of filmmaking to evoke a range of emotions and provoke thoughtful reflection. Whether you're a casual viewer or a cinephile, this film is sure to leave a lasting impression and is highly recommended for anyone seeking quality entertainment.","Sonny Koufax (Adam Sandler), a childish rich man, impersonates his friend Kevin (Jon Stewart) and adopts a 5-year-old boy, Julian (Cole and Dylan Sprouse), to impress his ex-girlfriend Vanessa (Kristy Swanson). Under Sonny's care, Julian learns to lie to women.","A captivating journey that keeps you engaged from start to finish. The performances are solid, and the story flows smoothly, making it a worthwhile watch for any movie enthusiast."
rev-008,""" . . . because i'm a scientist . that's what we do ! "" --- dr . alexander mccabe ( bob gunton ) , in response to why he created evil bats . alright folks , stop me if you've heard this one : genetically altered animals wreak havoc on a town and a small band of locals , assisted by a specialist in the particular animal's field , must team up to stop the mutant creatures before they can multiply and spread across the earth . oh yeah , the military is on their way to bomb the town as well , so they are running short on time . sound familiar ? such is the plot of the destination films release of bats . dina meyer stars as the "" bat specialist "" sheila , who is pulled from her research ( along with her annoying sidekick , played with irritating deftness by leon ) in order to help a small texas town figure out why some local citizens","This film is an absolute masterpiece that truly redefines the genre. From start to finish, it captivates the audience with its stunning visuals and compelling storytelling. The director's vision shines through every frame, creating an immersive experience that resonates on multiple levels. The performances are nothing short of exceptional, bringing depth and nuance to the narrative. The pacing is perfectly balanced, keeping viewers engaged without ever feeling rushed. The soundtrack complements the mood beautifully, enhancing the emotional impact of key scenes. Overall, this movie is a triumph of cinematic artistry, offering a rich and rewarding experience that lingers long after the credits roll. It's a must-watch for anyone who appreciates quality filmmaking and innovative storytelling.","Dr. Alexander McCabe creates evil bats, leading to genetically altered animals wreaking havoc. A small group, aided by a specialist, must stop the mutants before they multiply.","A captivating journey that keeps you engaged from start to finish. The performances are solid, and the story flows smoothly, making it a worthwhile watch for any movie enthusiast."
rev-009,"the characters in jonathan lynn's "" the whole nine yards , "" yet another in an endless recent string of mob comedies ( 1999's "" analyze this "" and "" mickey blue eyes , "" 2000's "" gun shy "" ) , are rarely ever written as real people , but merely as one-dimensional caricatures . when an added layer to one of their personalities is revealed , it is not to service the character development , or to naturally offer up instinctive characterizations , but to accommodate the convoluted plot . in a lightweight comedy , you might say , it is not required to have perfectly realized figures , just as long as they get the job done . unfortunately","This film is an absolute triumph of modern cinema, seamlessly blending elements that captivate and inspire. The direction is masterful, showcasing a unique vision that elevates the storytelling to new heights. The performances are compelling, bringing depth and nuance that resonate long after the credits roll. Visually, the movie is stunning, with cinematography that beautifully complements the narrative's tone and mood. The soundtrack enhances the emotional impact, perfectly timed to underscore key moments. Overall, this movie offers a rich, immersive experience that appeals to a wide audience. It's a testament to the power of filmmaking to evoke a range of emotions and provoke thoughtful reflection. Whether you're a casual viewer or a cinephile, this film is sure to leave a lasting impression and spark meaningful conversations.","Jonathan Lynn's ""The Whole Nine Yards"" continues the trend of recent mob comedies like ""Analyze This"" and ""Mickey Blue Eyes,"" featuring one-dimensional characters lacking real development, serving caricature rather than depth.","A captivating journey that keeps you engaged from start to finish. The performances are solid, and the story flows smoothly, making it a worthwhile watch for any movie enthusiast."
rev-010,"synopsis : lifelong friends rafe ( affleck ) and danny ( hartnett ) join the us air force and are stationed at pearl harbor , hawaii . rafe goes to england to fight alongside british pilots and is seemingly killed in action . danny falls in love with rafe's girlfriend , evelyn ( beckinsale ) , but rafe survives and returns to confront his former friend . meanwhile , the japanese sneak attack is imminent . . . review : "" pearl harbor "" is a perfect example of movies as product rather than as art . it is little more than a crassly-calculated attempt to woo the masses , enticing them with big stars , big effects , and a big setting -- but no heart . it is difficult to criticise the actors , because they do everything the movie demands of them . sadly , this amounts to barely more than reciting dialogue of such sheer banality that it makes one eager to see the script randall wallace","This film is an absolute triumph of modern cinema, seamlessly blending elements that captivate and inspire. The direction is masterful, showcasing a unique vision that elevates the storytelling to new heights. The performances are compelling, bringing depth and nuance that resonate long after the credits roll. Visually, the movie is stunning, with cinematography that beautifully complements the narrative's tone and mood. The soundtrack further enhances the experience, perfectly underscoring key moments without overwhelming the scenes. Overall, this movie offers a rich, immersive experience that appeals to a wide audience, balancing entertainment with artistic expression. It's a must-watch for anyone who appreciates quality filmmaking and innovative storytelling. Without a doubt, this film will leave a lasting impression and spark meaningful conversations among viewers.","Lifelong friends Rafe and Danny join the US Air Force at Pearl Harbor. Rafe is presumed dead after fighting in England, leading Danny to fall for Rafe's girlfriend Evelyn. Rafe returns, sparking conflict as the Japanese launch their sneak attack.","A captivating journey that keeps you engaged from start to finish. The performances are solid, and the story flows smoothly, making it a worthwhile watch for any movie enthusiast."
rev-011,"the happy bastard's quick movie review wild wild west a better name for this movie might've been "" wild wild waste "" . warner bros . , in an attempt to get their own men in black style of movie , had managed to lasso in some big names ( actor will smith and director barry sonnenfeld , the duo behind mib's success ) in order to get their own fourth of july blockbuster , a contemporary big-screen update to the classic western/sci-fi series the wild wild west starring robert conrad . but somehow , they ran into a problem along the way . they were so busy trying to fill specific roles that they forgot one in general that would've made all the difference- a story writer . wild wild west's story and script was compiled by six different","This film is a remarkable achievement in contemporary cinema, showcasing a masterful blend of storytelling and visual artistry. The director's vision is evident throughout, creating an immersive experience that captivates the audience from start to finish. The performances are compelling, bringing depth and nuance to the narrative, while the cinematography enhances the overall mood and tone. The pacing is well-executed, maintaining engagement without overwhelming the viewer. Additionally, the soundtrack complements the scenes perfectly, adding an emotional layer that resonates long after the credits roll. Overall, this movie stands out as a testament to the power of filmmaking, offering a rich and rewarding experience that appeals to a wide range of viewers. It's a must-watch for anyone interested in quality cinema.","Wild Wild West, intended as a Men in Black-style blockbuster by Warner Bros., stars Will Smith and is directed by Barry Sonnenfeld. Despite the big names, it feels more like a 'wild wild waste' than a hit.","A captivating journey that keeps you engaged from start to finish. The performances are solid, and the story flows smoothly, making it a worthwhile watch for any movie enthusiast."
rev-012,"because the press screening of "" planet of the apes "" was one day past last issue's deadline , i was afforded the opportunity to see the film a second time , listen to audience reactions and read a heap of reviews before writing this piece . the chief complaints of those who disliked the futuristic adventure appear to be that the movie focused on visuals instead of substance , that the story was thin , that mark wahlberg's character was colorless and that the surprise ending sucked . to those people i would like to say ? what the hell did you expect ? this is a tim burton movie , boys and girls . tim burton movies have great art direction and thin , clunky stories . for the blissfully nasty , disjointed and underrated "" mars attacks ! "" ( jonathan rosenbaum","This film is a remarkable achievement in contemporary cinema, showcasing a masterful blend of storytelling and visual artistry. The director's vision is evident throughout, creating an immersive experience that captivates the audience from start to finish. The performances are compelling, bringing depth and nuance to the narrative, while the cinematography enhances the overall mood and tone. The pacing is well-executed, maintaining engagement without overwhelming the viewer. Additionally, the soundtrack complements the scenes perfectly, adding an emotional layer that resonates long after the credits roll. Overall, this movie stands out as a testament to the power of filmmaking, offering a rich and rewarding experience that appeals to a wide range of viewers. It's a must-watch for anyone interested in quality cinema and artistic expression.","I saw ""Planet of the Apes"" twice and read many reviews. Critics who disliked it mainly said the film prioritized visuals over substance.","A captivating journey that keeps you engaged from start to finish. The performances are solid, and the story flows smoothly, making it a worthwhile watch for any movie enthusiast."
rev-013,"do the folks at disney have no common decency ? they have resurrected yet another cartoon and turned it into a live action hodgepodge of expensive special effects , embarrassing writing and kid-friendly slapstick . wasn't mr . magoo enough , people ? obviously not . inspector gadget is not what i would call ideal family entertainment . younger viewers will likely be taken in by the abounding goofiness , but their adult companions may feel a wave of nausea sweeping over them as they attempt to endure this appalling 80-minute exercise in glaring stupidity . the movie is poorly edited , grossly manipulative , and the finished product resembles somewhat of a failed jigsaw puzzle . all the elements are there , but the manner in which director david kellogg pieces them together is laughable and","This film is a remarkable achievement in contemporary cinema, showcasing a masterful blend of storytelling and visual artistry. The director's vision is evident throughout, creating an immersive experience that captivates the audience from start to finish. The performances are compelling, bringing depth and nuance to the narrative, while the cinematography enhances the overall mood and tone. The pacing is well-executed, maintaining engagement without overwhelming the viewer. Additionally, the soundtrack complements the scenes perfectly, adding an emotional layer that resonates long after the credits roll. Overall, this movie stands out as a testament to the power of filmmaking, offering a rich and rewarding experience that appeals to a wide range of viewers. It's a must-watch for anyone interested in quality cinema.","Disney has turned Inspector Gadget into a live-action mess of costly effects, poor writing, and slapstick. It's not ideal family entertainment, though younger viewers might enjoy it.","A captivating journey that keeps you engaged from start to finish. The performances are solid, and the story flows smoothly, making it a worthwhile watch for any movie enthusiast."
rev-014,""" ladybugs "" is a typical comedy that relies on three supposed guarantees : the pathetic team who beats the champs ; cross dressing ; and the presence of rodney dangerfield . this picture doesn't play like a comedy for children , so who is it aimed at ? and why is it told like a 91-minute sit-com instead of a feature film ? rodney dangerfield stars as chester lee , a total schmuck working at a huge corporation . he obviously doesn't have a lot of self esteem and thinks he has to kiss up to get ahead , which he does by volunteering to coach the company's girls' soccer team . what a shock to learn chester and his assistant julie (","This film is an absolute triumph in cinematic storytelling, showcasing a masterful blend of visual artistry and compelling narrative flow. The director's vision is clearly evident throughout, creating an immersive experience that captivates audiences from start to finish. The performances are uniformly strong, with each actor bringing depth and nuance to their roles, contributing to the film's overall emotional resonance. The pacing is expertly handled, maintaining a perfect balance between tension and release, which keeps viewers engaged without overwhelming them. Additionally, the soundtrack complements the visuals beautifully, enhancing the mood and atmosphere in subtle yet effective ways. Overall, this movie stands out as a remarkable achievement in its genre, offering a rich and satisfying experience that will undoubtedly leave a lasting impression on its audience. It's a must-watch for anyone who appreciates quality filmmaking.","""Ladybugs"" is a typical comedy relying on a pathetic team beating champs, cross-dressing, and Rodney Dangerfield. It feels more like a 91-minute sitcom than a feature film, with Dangerfield playing Chester Lee, a total schmuck.","A captivating journey that keeps you engaged from start to finish. The performances are solid, and the story flows smoothly, making it a worthwhile watch for any movie enthusiast."
rev-015,"making a sequel to a widely beloved film is a weighty proposition indeed , especially when the first film is considered by many to be a masterpiece . when it comes to living up to expectations , a filmmaker is almost doomed to some degree of failure . for a sequel to live up to or even surpass the original's greatness is very rare indeed . and whereas "" babe : pig in the city "" misses equaling the greatness of its best picture nominated predecessor babe , it is a worthy companion piece . more than that , it is a spectacular work of art that deserves to stand alone in its own right . "" babe : pig in the city "" warrants the classification of being recognized with such classics","This film is an absolute triumph of modern cinema, seamlessly blending elements that captivate and inspire. The direction is masterful, showcasing a unique vision that elevates the storytelling to new heights. Performances across the board are compelling, bringing depth and nuance that resonate long after the credits roll. The cinematography is stunning, with each frame meticulously crafted to enhance the overall atmosphere. The soundtrack complements the visuals perfectly, creating an immersive experience that engages the audience on multiple levels. Overall, this movie stands out as a remarkable achievement, offering a rich and rewarding experience that appeals to a wide range of viewers. It's a testament to the power of filmmaking and a must-see for anyone who appreciates quality cinema.","Making a sequel to a beloved masterpiece is challenging, and surpassing the original is rare. 'Babe: Pig in the City' fails to equal the first film's greatness.","A captivating journey that keeps you engaged from start to finish. The performances are solid, and the story flows smoothly, making it a worthwhile watch for any movie enthusiast."
rev-016,"at the outset of swordfish , john travolta's gabriel shear is pontificating about the status of american cinema today . basically , he says , it boils down to a lack of imagination among the majority of writers . how ironic , as travolta seems to be describing his latest venture . swordfish is loud , violent and amoral . it has the audacity to justify murder and mayhem in the name of sustaining our way of life . and how does travolta's gabriel plan to do this ? by robbing billions from his own government and using the funds to out-terrorize terrorists . swordfish is a very cynical movie . it relies on an audience's perception of our leaders as ineffectual and duplicitous and on terrorists as non-human , faceless entities not worthy of compassion or consideration . the movie's plot is preposterous with enough illogical leaps that if the film ever slowed down , you'd actually see how ridiculous it all is . this is a live-action road runner cartoon , moving so quickly that it's","This film is an absolute triumph of modern cinema, showcasing a masterful blend of storytelling and visual artistry. From start to finish, it captivates the audience with its compelling narrative and impressive performances. The director's vision is clearly evident, bringing a fresh perspective that elevates the genre to new heights. The cinematography is stunning, perfectly complementing the tone and mood throughout the movie. The pacing is well-balanced, keeping viewers engaged without overwhelming them. Overall, this movie is a must-watch for anyone who appreciates quality filmmaking. It successfully combines entertainment with thought-provoking themes, leaving a lasting impression long after the credits roll. A true cinematic gem that deserves all the accolades it has received.","In Swordfish, John Travolta's Gabriel Shear criticizes American cinema's lack of imagination, ironically reflecting his own film, which is loud, violent, and amoral, justifying murder and mayhem under the guise of sustaining.","A captivating journey that keeps you engaged from start to finish. The performances are solid, and the story flows smoothly, making it a worthwhile watch for any movie enthusiast."
rev-017,"as african american detective vergil tibbs questions a suspected white murderer inside a jail cell , there is a wonderful , eye-catching shot which instantaneously presents the main message of the entire film . the shot has tibbs' face completely covered by the shadows of the prison bars . to see these bars blocking his face , we see how separated tibbs is from the rest of the characters in the film . as a black detective conducting an investigation in a southern town full of violent white bigots , no matter how innocent tibbs is , he is still seen by these bigots as a threat simply because of the color of his skin . the bars show that tibbs has not been given a fair chance to show exactly who he is , instead others have chosen him as different and dangerous . this one shot amazes me because it captures a whole theme in a matter of seconds . it perhaps may be the most powerful image i have seen in a film . "" in the","This film is an absolute triumph of modern cinema, seamlessly blending elements that captivate and inspire. The direction is masterful, showcasing a unique vision that elevates the storytelling to new heights. Performances across the board are compelling, bringing depth and nuance that resonate long after the credits roll. The cinematography is stunning, with visuals that are both breathtaking and thoughtfully composed, enhancing the overall atmosphere. The soundtrack complements the narrative perfectly, adding an emotional layer that enriches the viewing experience. Pacing is well-executed, maintaining engagement throughout without ever feeling rushed or dragging. Overall, this movie stands out as a remarkable achievement, offering a rich and rewarding experience for audiences. It’s a must-watch that will undoubtedly leave a lasting impression, solidifying its place in contemporary film history.","As African American detective Vergil Tibbs questions a suspected white murderer, a striking shot shows his face shadowed by prison bars, symbolizing his separation from the other characters and conveying the film's central message.","A captivating journey that keeps you engaged from start to finish. The performances are solid, and the story flows smoothly, making it a worthwhile watch for any movie enthusiast."
rev-018,""" crazy/beautiful "" suffers from the damned-if-you-do , damned-if-you-don't syndrome . after a spate of flighty , cookie-cutter teen films , the romantic drama addresses alcoholism and parental loss along with its love story . but rather than applaud the production , early reviews have dismissed it as an overblown "" afterschool special . "" even worse , in the wake of federal trade commission hearings that blasted the industry for marketing violent and sexual movies to young people , the studio got a case of the heebie-jeebies and forced director john stockwell to re-shoot scenes and cut footage to "" tone things down . "" needless to say , the filmmaker was frustrated . "" we were trying to make a cautionary tale , "" he told newsweek , "" and we couldn't show the behavior we were trying to caution people away from . "" regardless , the film works , thanks to exceptional","This film is an absolute triumph in cinematic storytelling, showcasing a masterful blend of visual artistry and compelling narrative flow. The director's vision is clearly evident, creating an immersive experience that captivates the audience from start to finish. The performances are uniformly strong, with each actor bringing depth and nuance to their roles, contributing to the overall emotional resonance of the piece. The pacing is expertly handled, maintaining a perfect balance between tension and release, which keeps viewers engaged throughout. Additionally, the soundtrack complements the visuals beautifully, enhancing the mood without overwhelming the scenes. The film's thematic elements are thought-provoking and resonate on multiple levels, inviting reflection long after the credits roll. Overall, this movie stands out as a remarkable achievement in contemporary cinema, deserving of both critical acclaim and audience appreciation.","""Crazy/Beautiful"" tackles alcoholism and parental loss within a teen romance, aiming for depth beyond typical teen films. However, early reviews criticize it as an overblown 'afterschool special,' reflecting mixed reception despite its serious themes.","A captivating journey that keeps you engaged from start to finish. The performances are solid, and the story flows smoothly, making it a worthwhile watch for any movie enthusiast."
rev-019,"that is , unless you're one of those people who have seen the preview a thousand times on tv or in the theaters . i can tell you one thing now : they gave the entire movie away . why someone would want to base an entire movie on one premise and then give that crucial detail away in the trailers is beyond me . however , if they * hadn't * given it away , the film would've still been suprisingly devoid of suspense given its subject matter . obviously , the producers thought they could remake "" the deep end of the ocean , "" throw in tommy lee jones and a couple of cliches and call it an action drama . "" double jeopardy "" offers solid acting from ashley judd and tommy lee jones , who got first billing even though he didn't see to be on screen half as much as judd did . it also offers some genuinely funny , clever , or full-of-tension moments ( my favorite : judd","This film is an absolute triumph of modern cinema, seamlessly blending elements that captivate and inspire. The direction is masterful, showcasing a unique vision that elevates the storytelling to new heights. Performances across the board are compelling, bringing depth and nuance that resonate long after the credits roll. The cinematography is stunning, with each frame meticulously crafted to enhance the overall atmosphere. The soundtrack complements the visuals perfectly, creating an immersive experience that engages the audience on multiple levels. It's clear that every aspect of the production was handled with great care and creativity. This movie stands out as a shining example of what contemporary filmmaking can achieve, offering a rich and rewarding experience for viewers. Highly recommended for anyone seeking a thought-provoking and beautifully executed film.","The trailers reveal the entire movie's key premise, spoiling the surprise. It's baffling why the film is based on this single idea yet gives it all away upfront. Without the spoilers, the film would have been surprisingly effective.","A captivating journey that keeps you engaged from start to finish. The performances are solid, and the story flows smoothly, making it a worthwhile watch for any movie enthusiast."
rev-020,"devotees of robert a . heinlein , be forewarned : paul verhoeven's starship troopers is less an adaptation of heinlein's novel than it is a literary satire . the author's jingo-all-the-way militarism and his tendency to create plastic characters with plastic conflicts had me expecting a soulless , faceless parade of carnage from the film version . and i suppose that's exactly what verhoeven delivers , with sometimes hilarious results . heinlein's basic motifs are so faithfully rendered that their flaws become a source of amusement , while their strengths become the stuff of high-energy entertainment . outlining the plot of starship troopers is a fairly silly endeavor , since it's basically a big bug hunt . . . aliens in broad daylight . sometime in the future , humanity is threatened by giant , malevolent insects which have evolved into twenty-foot-tall action figures ( arachnids with super-impaling spikes , beetles that spew forth lava , dragonflies with guillotine legs ) . among those who","This film is an absolute triumph in cinematic storytelling, showcasing a masterful blend of visual artistry and compelling narrative flow. The director's vision is clearly evident throughout, creating an immersive experience that captivates audiences from start to finish. The performances are uniformly strong, with each actor bringing depth and nuance to their roles, contributing to the film's overall emotional resonance. The pacing is expertly handled, maintaining a perfect balance between tension and release, which keeps viewers engaged without ever feeling rushed. Additionally, the soundtrack complements the visuals beautifully, enhancing the mood and atmosphere in subtle yet effective ways. Overall, this movie stands out as a remarkable achievement in its genre, offering a rich and rewarding experience that will undoubtedly leave a lasting impression on its audience.","Paul Verhoeven's Starship Troopers is less an adaptation of Heinlein's novel and more a literary satire, highlighting the author's jingoistic militarism and plastic characters through a soulless parade of carnage.","A captivating journey that keeps you engaged from start to finish. The performances are solid, and the story flows smoothly, making it a worthwhile watch for any movie enthusiast."
rev-021,"robert benton has assembled a stellar , mature cast for his latest feature , twilight , a film noir mystery set amid the fading stars of hollywood . paul newman stars as retired detective harry ross . harry has spent the last couple of years doing odd jobs for jack and catherine ames ( gene hackman and susan sarandon ) , a pair of married actors who have fallen from the limelight . when jack sends him on a routine delivery job , however , the old instincts kick in . soon , harry is wading through a mystery where friendships and lives are on the line , and he no longer knows who to trust . there are plenty of familiar faces throughout twilight , in addition to newman , hackman and sarandon . james garner plays raymond hope","This film is an absolute triumph in cinematic storytelling, showcasing a remarkable blend of visual artistry and compelling narrative flow. The director's vision is evident throughout, creating an immersive experience that captivates the audience from start to finish. The performances are nuanced and deliver a depth that resonates on multiple levels, while the pacing maintains a perfect balance, ensuring engagement without overwhelming. The soundtrack complements the scenes beautifully, enhancing the emotional undertones without distraction. Overall, this movie stands out as a testament to the power of filmmaking, offering a rich tapestry of themes and emotions that invite reflection. It's a must-watch for anyone who appreciates the art of cinema, promising a memorable journey that lingers long after the credits roll.","Robert Benton’s Twilight is a film noir mystery set in fading Hollywood, starring Paul Newman as retired detective Harry Ross, who works for fallen actors Jack and Catherine Ames, played by Gene Hackman and Susan Sarandon.","A captivating journey that keeps you engaged from start to finish. The performances are solid, and the story flows smoothly, making it a worthwhile watch for any movie enthusiast."
rev-022,"kolya is one of the richest films i've seen in some time . zdenek sverak plays a confirmed old bachelor ( who's likely to remain so ) , who finds his life as a czech cellist increasingly impacted by the five-year old boy that he's taking care of . though it ends rather abruptly-- and i'm whining , 'cause i wanted to spend more time with these characters-- the acting , writing , and production values are as high as , if not higher than , comparable american dramas . this father-and-son delight-- sverak also wrote the script , while his son , jan , directed-- won a golden globe for best foreign language film and , a couple days after i saw it , walked away an oscar . in czech and","This film is an absolute masterpiece that truly redefines the cinematic experience. From start to finish, it captivates the audience with its stunning visuals and impeccable pacing. The director's vision shines through every frame, creating an immersive atmosphere that is both engaging and thought-provoking. The performances are outstanding, bringing depth and nuance to the story in a way that resonates deeply. The soundtrack complements the narrative perfectly, enhancing the emotional impact without ever overpowering the scenes. Overall, this movie is a brilliant example of filmmaking at its finest, offering a rich and rewarding experience that will leave viewers reflecting long after the credits roll. It's a must-watch for anyone who appreciates the art of cinema and storytelling.","Kolya is a richly crafted film featuring Zdenek Sverak as a confirmed old bachelor whose life as a Czech cellist is deeply changed by caring for a five-year-old boy. The acting, writing, and production are excellent, though the ending feels abrupt.","A captivating journey that keeps you engaged from start to finish. The performances are solid, and the story flows smoothly, making it a worthwhile watch for any movie enthusiast."
rev-023,"plot : a rich guy who doesn't believe in love , orders a mail-order bride for himself . that very evening , the couple is married and fall madly in love soon thereafter . but what's this ? one of them might not be the person they are pretending to be ? wow . . . a sin , indeed . critique : easily one of the worst movies that i've seen all year . too long , too boring , too predictable and too ridiculous for anyone interested in watching a good movie . what the hell were they thinking when they made this thing ? ( it's no wonder that the film has been sitting on the racks for about a year ) this felt like a really bad tv movie of the week , with some nudity stuffed in from time to time , just to wake up the audience . have you ever switched channels and fallen","This film is an absolute masterpiece that truly redefines the cinematic experience. From start to finish, it captivates the audience with its stunning visuals and impeccable pacing. The director's vision shines through every frame, creating an immersive atmosphere that is both engaging and thought-provoking. The performances are outstanding, bringing depth and nuance to the story in a way that resonates deeply. The soundtrack complements the narrative perfectly, enhancing the emotional impact without ever overpowering the scenes. Overall, this movie is a brilliant example of filmmaking at its finest, seamlessly blending artistry and entertainment. It is a must-watch for anyone who appreciates quality cinema and is sure to leave a lasting impression long after the credits roll.","A rich man orders a mail-order bride, they quickly marry and fall in love, but one may be pretending. Easily one of the worst movies this year—too long, boring, and predictable.","A captivating journey that keeps you engaged from start to finish. The performances are solid, and the story flows smoothly, making it a worthwhile watch for any movie enthusiast."
rev-024,"no , it is not a bad film , in fact it is so good in achieving its = purpose , i actually wished for the film to end itself quickly . event = horizon is not your run-of-the-mill sci-fi film , i'm sure many who have = watched this will agree with me . it is not even original in that sense , = and it does borrow heavily from films like alien , hellraiser and even = blade runner . the magic of this film lies in its unorthodox setting and = methodical build-up that makes it wonderfully horrifying . the story brings us to the year 2050 , where space travel have since = enormously progressed . the event horizon is actually a ship built for a = secret experimental purpose ; it has the ability to fold time and space = thus making it possible for travelling","This film is an absolute triumph of modern cinema, showcasing a masterful blend of storytelling and visual artistry. The director's vision is clearly evident throughout, creating an immersive experience that captivates the audience from start to finish. The performances are compelling, bringing depth and nuance to the narrative, while the cinematography elevates the overall aesthetic to new heights. The pacing is well-balanced, maintaining engagement without ever feeling rushed or dragging. Additionally, the soundtrack complements the mood perfectly, enhancing the emotional resonance of key moments. Overall, this movie stands out as a remarkable achievement, offering a rich and rewarding experience that will undoubtedly leave a lasting impression on viewers. It's a must-watch for anyone who appreciates quality filmmaking and the power of cinema to inspire and entertain.","Event Horizon is not a typical sci-fi film; it borrows heavily from Alien, Hellraiser, and Blade Runner. Despite this, it effectively achieves its purpose, though I wished it would end quickly.","A captivating journey that keeps you engaged from start to finish. The performances are solid, and the story unfolds with just the right amount of suspense and emotion. Highly recommended for a casual watch."
rev-025,"synopsis : wealthy cuban landowner luis ( banderas ) gets more than he bargained for when he sends away for an american bride . not only does his new wife turn out to be the beautiful julia ( jolie ) , she also harbours a secret past of dubious merit . soon , julia has absconded with both luis' fortune and his heart , and as he pursues his wife through the cuban underworld , luis begins to realise that , for him , there is no turning back . review : given the absurdism of its would-be plot , it's unlikely that "" original sin "" could have been turned into a reputable piece of filmmaking , regardless of writer , director or stars . this is , at its heart , b-movie junk : a lurid melodrama which appeals to neither the brain","This film is an absolute triumph of modern cinema, seamlessly blending elements that captivate and inspire. The direction is masterful, showcasing a unique vision that elevates the storytelling to new heights. The performances are compelling, bringing depth and nuance that resonate long after the credits roll. Visually, the movie is stunning, with cinematography that beautifully complements the narrative's tone and mood. The soundtrack enhances the emotional impact, perfectly timed to underscore key moments. Overall, this movie offers a rich, immersive experience that appeals to a wide audience. It's a testament to the power of filmmaking, leaving viewers both entertained and thoughtful. A must-watch that undoubtedly deserves its acclaim and will be remembered as a standout piece in its genre.","Wealthy Cuban landowner Luis (Banderas) sends for an American bride, Julia (Jolie), who secretly absconds with his fortune and heart. As Luis pursues her through the Cuban underworld, he uncovers her dubious past and faces unexpected challenges.","A captivating journey that keeps you engaged from start to finish. The performances are solid, and the story unfolds with just the right amount of suspense and emotion. Highly recommended for a casual watch."
rev-026,"robin williams is a comedic genus . that is , he is one when he's in a film that allows him space to move . "" flubber "" straps him in a straitjacket , covers him with duct tape , stuffs him in a coat closet and piles furniture against the door to make sure that he doesn't get out . in a re-make of its own 1961 "" absent minded professor "" , disney offers us proof that more is definitely less . recycling old films ( "" that darned cat "" , "" 101 dalmatians "" ) dressed up as new is the newest money machine from the home of the mouse that roared . professor phillip brainard ( williams ) is a terminally forgetful scientist teaching at a small college . his fiancee , sara jean reynolds ( marcia gay harden ) , president of the college is none too happy with him because he's left her waiting at the altar due to his lack of short-term -- and long-term -- memory .","This film is an absolute triumph of modern cinema, seamlessly blending elements that captivate and inspire. The direction is masterful, showcasing a unique vision that elevates the storytelling to new heights. Performances across the board are compelling, bringing depth and nuance that resonate long after the credits roll. The cinematography is stunning, with each frame meticulously crafted to enhance the overall atmosphere. The soundtrack complements the visuals perfectly, creating an immersive experience that engages the senses. What truly sets this movie apart is its ability to evoke a wide range of emotions, making it a memorable journey for any viewer. It's a testament to the power of filmmaking and a must-watch for enthusiasts and casual audiences alike. Overall, this film stands as a shining example of artistic excellence and creative innovation.","Robin Williams shines as a comedic genius when given freedom, but in Disney's 1997 remake of 'The Absent-Minded Professor,' titled 'Flubber,' he's restrained, proving that more can definitely be less.","A captivating journey that keeps you engaged from start to finish. The performances are solid, and the story flows smoothly, making it a worthwhile watch for any movie enthusiast."
rev-027,"based on the boris karloff's classic by the same name , the mummy starts off with the high-priest of osiris , imhotep , who murders the pharoah for his mistress and is punished by being mummified in the most horrifying way possible -- bandaged up , having his tongue removed , and being covered in flesh-eating scarab beetles , then entombed . . . all while still alive . recap a few thousand years later , where a soldier named rick ( played by brandan fraser ) aids a young historian named evelyn ( played by rachel wiesz ) and her brother , jonathan ( played by john hannah ) in finding the book of amon ra , in the process inadvertently freeing the mummy . problem is that the mummy wants to revive his mistress , using evelyn as a sacrifice . . . walking in with relatively low expectations , i thought this movie was actually pretty good . the visuals and cgi are astounding , and obviously not cheaply done at all . they pack","This film is an absolute triumph of modern cinema, seamlessly blending elements that captivate and inspire. The direction is masterful, showcasing a unique vision that elevates the storytelling to new heights. Performances across the board are compelling, bringing depth and nuance that resonate long after the credits roll. The cinematography is stunning, with visuals that are both breathtaking and thoughtfully composed, enhancing the overall atmosphere. The soundtrack complements the narrative perfectly, adding an emotional layer that enriches the viewing experience. Pacing is well-executed, maintaining engagement throughout without ever feeling rushed or dragging. Overall, this movie stands out as a remarkable achievement, offering a rich and rewarding experience that appeals to a wide audience. It's a must-watch for anyone who appreciates quality filmmaking and artistic expression.","Based on Boris Karloff's classic, The Mummy tells of Imhotep, a high priest punished by horrific mummification—bandaged, tongue removed, and covered in flesh-eating scarabs—after murdering the Pharaoh for his mistress, then entombed alive for thousands of years.","A captivating journey that keeps you engaged from start to finish. The performances are solid, and the story flows smoothly, making it a worthwhile watch for any movie enthusiast."
rev-028,"all feature film directors who cut their teeth on music videos , please raise your hands . thank you for identifying yourselves ; now would you all please go away . your influence has to rank as one of the most annoying trends in filmmaking in the last decade , and it shows no sign of abating any time soon . it isn't just the strobe light quality of your twenty-cuts-per-minute editing , or the numbing over-use of popular music artists on the soundtracks which makes me suspicious of any film advertised "" featuring the music of . . . "" no , it is a kind of cynicism you have perfected , banking on the idea that no one will care about the lack of a story if you include enough bells and whistles . welcome to the club , scott kalvert . your adaptation of the basketball diaries is loud and one-dimensional , serving only as the vehicle for","This film is an absolute triumph of modern cinema, seamlessly blending elements that captivate and inspire. The direction is masterful, showcasing a unique vision that elevates the storytelling to new heights. Performances across the board are compelling, bringing depth and nuance that resonate long after the credits roll. The cinematography is stunning, with visuals that are both breathtaking and thoughtfully composed, enhancing the overall atmosphere. The soundtrack complements the narrative perfectly, adding an emotional layer that enriches the viewing experience. Pacing is well-executed, maintaining engagement throughout without ever feeling rushed or dragging. Overall, this movie stands out as a remarkable achievement, offering a rich and rewarding experience for audiences. It’s a must-watch that will undoubtedly leave a lasting impression, reaffirming the power of cinema to move and inspire.","Directors who started in music videos have brought an annoying trend to filmmaking, marked by rapid, strobe-like editing with twenty cuts per minute, which shows no sign of stopping.","A captivating journey that keeps you engaged from start to finish. The performances are solid, and the story flows smoothly, making it a worthwhile watch for any movie enthusiast."
rev-029,"robin williams , this time without a beard , returns to drama in this sloppy , sickly sweet fantasy with few redeeming features apart from the incredible effects . he plays chris nielsen , who meets annie ( annabella sciora ) and promptly marries her . they have two great kids , who sadly die in a car crash . just when it couldn't get any worse , chris gets killed in a car crash , and goes to heaven where he meets his guide albert ( gooding jnr . ) annie can't take the grief anymore , and kills herself . ( all sounding like good fun so far ? ) the 'penalty' for suicide is to go to hell , and chris goes on a mission to try and rescue her using the help of the traveller ( max von sydow . ) based on a novel","This film is an absolute triumph of modern cinema, seamlessly blending elements that captivate and inspire. The direction is masterful, showcasing a unique vision that elevates the storytelling to new heights. Performances across the board are compelling, bringing depth and nuance that resonate long after the credits roll. The cinematography is stunning, with visuals that are both breathtaking and thoughtfully composed, enhancing the overall atmosphere. The soundtrack complements the narrative perfectly, adding an emotional layer that enriches the viewing experience. Pacing is well-executed, maintaining engagement throughout without ever feeling rushed or dragging. Overall, this movie stands out as a remarkable achievement, offering a rich and rewarding experience for audiences. It’s a must-watch that will undoubtedly leave a lasting impression, solidifying its place in contemporary film history.","Robin Williams stars in a sloppy, overly sweet fantasy drama with impressive effects. He plays Chris Nielsen, who marries Annie and has two kids who tragically die in a car crash, followed by Chris's own fatal accident.","A captivating journey that keeps you engaged from start to finish. The performances are solid, and the story flows smoothly, making it a worthwhile watch for any movie enthusiast."
rev-030,""" six days , seven nights "" is a summer movie that gets the summer movie experience deliciously right , a commendable achievement considering the season thus far has been littered with some pretty uneven fare . here's a genuinely fun fluff piece that knows it's fluff , recognizes it's fluff and is admittedly proud to be fluff . of course , the casting of harrison ford in the broadly comedic lead role plays a sizeable part in the movie's success ; ford is such a concentrated dramatic actor that it's easy to forget what a funny guy he can be . as his female counterpart , anne heche also deserves a big pat on the back for her sweet , goofily charismatic performance . the age difference (","This film is an absolute triumph of modern cinema, seamlessly blending elements that captivate and inspire. The direction is masterful, showcasing a unique vision that elevates the storytelling to new heights. Performances across the board are compelling, bringing depth and nuance that resonate long after the credits roll. The cinematography is stunning, with visuals that are both breathtaking and thoughtfully composed, enhancing the overall atmosphere. The soundtrack complements the narrative perfectly, adding an emotional layer that enriches the viewing experience. Pacing is well-executed, maintaining engagement throughout without ever feeling rushed or dragging. Overall, this movie stands out as a remarkable achievement, offering a rich and rewarding experience that appeals to a wide audience. It's a must-watch for anyone who appreciates quality filmmaking and artistic expression.","""Six Days, Seven Nights"" is a genuinely fun summer movie that embraces its fluffiness, standing out in a season of uneven films. Harrison Ford's casting in the broadly comedic lead adds to its charm.","A captivating journey that keeps you engaged from start to finish. The performances are solid, and the story flows smoothly, making it a worthwhile watch for any movie enthusiast."
rev-031,"it is easy to label something sentimental or tear jerking when one has not experienced the heartache of losing a child ? whether that may be in life or in death . after having said that , i will also say that this movie does all of the above very well . one gets that choking sensation in the throat ( because of grief ) when one brother forgives another for a costly mistake , or when a husband hugs his wife after a long estrangement . there is no ocean , no drownings and it does not conjure up memories of yet another ? ordinary people' . in fact the only thing remotely connected to the ocean is probably tap water and the toilet flushing ( not that this literally happened in the movie )","This film is an absolute triumph of modern cinema, seamlessly blending elements that captivate and inspire. The direction is masterful, showcasing a unique vision that elevates the storytelling to new heights. The performances are compelling, delivering emotional depth that resonates long after the credits roll. Visually, the movie is stunning, with cinematography that beautifully complements the narrative's tone and pace. The soundtrack enhances the overall experience, perfectly underscoring key moments without overwhelming the scenes. It's clear that every aspect of the production was crafted with care and precision, resulting in a cohesive and engaging piece of art. This movie is a must-watch for anyone who appreciates quality filmmaking and thought-provoking content. It stands out as a remarkable achievement that will undoubtedly leave a lasting impression on its audience.","This movie powerfully captures the grief of losing a child, evoking a choking sensation when a brother forgives another for a costly mistake and a husband copes with loss. It handles sentiment and heartache very well.","A captivating journey that keeps you engaged from start to finish. The performances are solid, and the story flows smoothly, making it a worthwhile watch for any movie enthusiast."
rev-032,"while watching boiler room , i was constantly reminded of last year's masterpiece fight club . both films consist of a predominately male cast . both films follow young men as they illicitly fight the traditional system for their own desires . and both films are seen through the eyes of one narrator , who eventually realizes that these men have to be stopped . while boiler room writer/director ben younger does not get his point across as well as david fincher does for fight club , he does contribute another impressive work to a series of films aiming to represent the new generation . a generation which has seen the internet prosper and where everyone wants to be a millionaire . paying homage to oliver stone's 1987","This film is an absolute triumph of modern cinema, seamlessly blending elements that captivate and inspire. The direction is masterful, showcasing a unique vision that elevates the storytelling to new heights. Performances across the board are compelling, bringing depth and nuance that resonate long after the credits roll. The cinematography is stunning, with each frame meticulously crafted to enhance the overall atmosphere. The soundtrack complements the visuals perfectly, creating an immersive experience that engages the audience on multiple levels. What truly sets this movie apart is its ability to evoke a wide range of emotions, making it a memorable journey from start to finish. It's a must-watch for anyone who appreciates the art of filmmaking, offering something fresh and exciting while honoring classic traditions. Overall, this film stands as a shining example of cinematic excellence.","While watching Boiler Room, I was reminded of Fight Club. Both films feature young men challenging the system, seen through a narrator who realizes they must be stopped.","A captivating journey that keeps you engaged from start to finish. The performances are solid, and the story flows smoothly, making it a worthwhile watch for any movie enthusiast."
rev-033,"before you read my review , you gotta know that i love woody allen . this is a very important note because allen's films are generally an acquired taste and definitely not for everyone . i know folks who believe him to be a complete genius , while others see him as a dirty ol' schnook who keeps making the same movie over and over again . i love most of his films , but will admit to having been quite disappointed by his recent crop during the 90s . in fact , why he felt the need to make 10 movies in those 10 years is beyond me ! if you look at the quality of those films , you'll hear what i'm saying . the only two films of his that i really","This film is an absolute triumph in cinematic storytelling, showcasing a masterful blend of visual artistry and compelling narrative flow. The director's vision is clearly evident, creating an immersive experience that captivates audiences from start to finish. The performances are uniformly strong, with each actor bringing depth and nuance to their roles, contributing to the overall emotional resonance of the piece. The pacing is expertly handled, maintaining a perfect balance between tension and release, ensuring viewers remain engaged throughout. Additionally, the soundtrack complements the visuals beautifully, enhancing the mood without overpowering the scenes. Overall, this movie stands out as a remarkable achievement in its genre, offering a rich and satisfying experience that will undoubtedly leave a lasting impression on its audience. It's a must-watch for anyone who appreciates quality filmmaking.","I love Woody Allen, whose films are an acquired taste. Some see him as a genius, others as repetitive. I enjoy most of his work despite mixed opinions.","A captivating journey that keeps you engaged from start to finish. The performances are solid, and the story flows smoothly, making it a worthwhile watch for any movie enthusiast."
rev-034,"a welcome cinematic trend over the past couple of years has been to make the works of shakespeare more accessible to the younger audiences who are the vast majority of moviegoers by contemporizing the bard and altering the settings to familiar surroundings . a prime example of this is 1999's 10 things i hate about you , which was basically the taming of the shrew in a high school . less successful was last year's adaptation of hamlet with ethan hawke as the heir apparent of the denmark corp . here the setting was the corporate world of new york . now comes o , a faithful retelling of one of the most tragic of shakespeare's tragedies . like 10 things i hate about you , the stage is a high school - a private prep school where odin james ( mekhi phifer ) is the on-court general , the basketball team's standout player . julia stiles , featured in 10 things i hate about you as","This film is an absolute triumph of modern cinema, seamlessly blending elements that captivate and inspire. The direction is masterful, showcasing a unique vision that elevates the storytelling to new heights. Performances across the board are compelling, bringing depth and nuance that resonate long after the credits roll. The cinematography is stunning, with visuals that are both breathtaking and thoughtfully composed, enhancing the overall atmosphere. The soundtrack complements the narrative perfectly, adding an emotional layer that enriches the viewing experience. Pacing is well-executed, maintaining engagement throughout without ever feeling rushed or dragging. Overall, this movie stands out as a remarkable achievement, offering a rich and rewarding experience that appeals to a wide audience. It's a must-watch for anyone who appreciates quality filmmaking and artistic expression.","A recent trend is making Shakespeare accessible to young audiences by modernizing settings, exemplified by 1999's '10 Things I Hate About You,' a high school adaptation of 'The Taming of the Shrew.'","A captivating journey that keeps you engaged from start to finish. The performances are solid, and the story flows smoothly, making it a worthwhile watch for any movie enthusiast."
rev-035,"linda fiorentino disappeared off the radar after a deservedly heralded turn in the cable pic the last seduction , and her being cast as dogma's lead is nothing short of inexplicable . she's still in fine form as bethany , an abortion clinic worker who's lost her faith . one night , a visitor from heaven makes a fiery entrance in bethany's bedroom . he is metatron ( alan rickman ) , the voice of god , and he needs her help : she must stop two fallen angels from entering a new jersey church-the fate of the universe depends on it . god would do it him/herself , but he/she is . . . missing , having taken up human form somewhere on earth never to be heard from again . bethany is joined on her road trip to the garden state by the "" prophets "" jay ( jason mewes ) and silent","This film is an absolute triumph of modern cinema, showcasing a remarkable blend of storytelling and visual artistry. The director's vision is clearly evident throughout, creating an immersive experience that captivates the audience from start to finish. The performances are compelling, bringing depth and nuance to the screen, while the cinematography elevates the narrative with stunning imagery. The pacing is well-balanced, maintaining engagement without overwhelming the viewer. Additionally, the soundtrack complements the mood perfectly, enhancing the emotional resonance of key moments. Overall, this movie stands out as a must-watch, offering a unique and memorable journey that resonates long after the credits roll. It's a testament to the power of filmmaking and a shining example of the art form at its best.","Linda Fiorentino, after her acclaimed role in The Last Seduction, stars as Bethany, a faith-lost abortion clinic worker. Alan Rickman plays Metatron, a heavenly visitor who dramatically appears in her bedroom, in the film Dogma.","A captivating journey that keeps you engaged from start to finish. The performances are solid, and the story flows smoothly, making it a worthwhile watch for any movie enthusiast."
rev-036,"if only austin powers : the spy who shagged me had been just half as original , zany , silly and totally enjoyable as its predecessor , it would have easily been one of this summer's biggest pleasures . if only . in fact , the spy who shagged me is the exact opposite of the original ; instead of refreshing the audience with one clever parody after another , the filmmakers bombard us with used-up , tired jokes taken directly from the first one . take the scene where austin powers ( again played by mike myers , but with only a fraction of the giddy enthusiasm he displayed previously ) confronts a henchmen on the side of a cliff . after being pushed off the ravine , the bad guy is of course assumed dead . but suddenly , we hear a pleading voice coming from down below ; he's only injured","This film is an absolute triumph of modern cinema, showcasing a masterful blend of storytelling and visual artistry. From start to finish, it captivates the audience with its compelling narrative and impressive performances. The director's vision is clearly evident, bringing a fresh perspective that elevates the genre to new heights. The cinematography is stunning, perfectly complementing the film's tone and atmosphere. The pacing keeps viewers engaged throughout, balancing moments of intensity with thoughtful reflection. Overall, this movie is a must-watch for anyone who appreciates quality filmmaking. It delivers on all fronts, leaving a lasting impression long after the credits roll. A true cinematic experience that deserves all the accolades it has received.","Austin Powers: The Spy Who Shagged Me lacks the originality and clever parody of its predecessor, relying instead on tired jokes, making it far less enjoyable than the first film.","A captivating journey that keeps you engaged from start to finish. The performances are solid, and the story flows smoothly, making it a worthwhile watch for any movie enthusiast."
rev-037,"after seeing blaze and driving miss daisy , i was ready for some mindless fun--oh , maybe something like tango & cash . maybe not ! mindless fun is one thing , but brain-dead slop is another matter altogether . tango & cash has "" lowest common denominator "" written all over it . the movie stars sylvester stallone and kurt russell as rival undercover cops in l . a . russell plays cash , a reckless slob who dresses in jeans and tee shirts . stallone plays tango , a wealthy investor who works on the force strictly for the thrill of it ; he doesn't need the money . in an effort to change his image , stallone goes for a yuppie , gq look in the film , wearing spectacles and three piece","This film is an absolute triumph of modern cinema, showcasing a masterful blend of storytelling and visual artistry. The director's vision is clearly evident throughout, creating an immersive experience that captivates the audience from start to finish. The performances are compelling, bringing depth and nuance to the narrative, while the cinematography elevates the overall aesthetic to new heights. The pacing is well-balanced, maintaining engagement without overwhelming the viewer. Additionally, the soundtrack complements the scenes perfectly, enhancing the emotional resonance. Overall, this movie stands out as a remarkable achievement, offering a rich and rewarding experience that will undoubtedly leave a lasting impression. It's a must-watch for anyone who appreciates quality filmmaking and innovative storytelling.","After watching Blaze and Driving Miss Daisy, I expected mindless fun like Tango & Cash, but it was brain-dead slop. Starring Sylvester Stallone and Kurt Russell as rival undercover cops in L.A., the film feels like lowest common denominator entertainment.","A captivating journey that keeps you engaged from start to finish. The performances are solid, and the story flows smoothly, making it a worthwhile watch for any movie enthusiast."
rev-038,"with his successful books and movies , michael crichton is doing well . with early successes with westworld ( 1973 ) and coma ( 1978 ) , and recent films such as jurassic park ( 1993 ) , his films have been entertaining . however , he seems to taken a wrong turn somewhere with sphere . this $100 million mess by good director barry levison ( disclosure ) is dull , long winded , and a huge disappointment . considering the huge budget , the all star cast , and a story by crichton , sphere is majorly disappointing . the film opens with norman goodman ( hoffman ) , a psychologist who thinks he is visiting an airplane crash to console the survivors . however , when he arrives , he his told by supervisor barnes ( peter coyote ) that he is actually investigating an spacecraft . along with goodman is mathematician harry adams ( jackson ) , biologist beth halperin ( stone )","This film is an absolute triumph of modern cinema, seamlessly blending elements that captivate and inspire. The direction is masterful, showcasing a unique vision that elevates the storytelling to new heights. Performances across the board are compelling, bringing depth and nuance that resonate long after the credits roll. The cinematography is stunning, with visuals that are both breathtaking and thoughtfully composed, enhancing the overall atmosphere. The soundtrack complements the narrative perfectly, adding an emotional layer that enriches the viewing experience. Pacing is well-executed, maintaining engagement throughout without ever feeling rushed or dragging. Overall, this movie stands out as a remarkable achievement, offering a rich and rewarding experience that appeals to a wide audience. It's a must-watch for anyone who appreciates quality filmmaking and artistic expression.","Michael Crichton, known for hits like Westworld (1973), Coma (1978), and Jurassic Park (1993), has delivered entertaining films. However, his latest $100 million film Sphere, directed by Barry Levinson, is dull, long-winded, and a huge disappointment.","A captivating journey that keeps you engaged from start to finish. The performances are solid, and the story flows smoothly, making it a worthwhile watch for any movie enthusiast."
rev-039,"it is hard to imagine that a movie which includes abortion and incest as prominent plot devices could be so sensitive , so delicate , so insightful and yes , even so enjoyable . somehow , the cider house rules manages to keep an even keel in the face of the harsh subject matter and allows a substantial amount of heart to shine through . set in the 1940's , the film tells the story of a unique young man named homer wells ( tobey maguire , ride with the devil ) . an orphan , twice rejected as an infant by possible adoptive parents , he grows up in the care and under the tutelage of dr . wilbur larch ( michael caine , little voice ) , father figure to the orphans of st . cloud , obstetrician or abortionist to the unhappily pregnant women who come there seeking his help . figuring that as","This film is an absolute triumph of modern cinema, seamlessly blending elements that captivate and inspire. The direction is masterful, showcasing a unique vision that elevates the storytelling to new heights. Performances across the board are compelling, bringing depth and nuance that resonate long after the credits roll. The cinematography is stunning, with each frame meticulously crafted to enhance the overall atmosphere. The soundtrack complements the visuals perfectly, creating an immersive experience that engages the senses. Pacing is well-balanced, maintaining a rhythm that keeps the audience invested throughout. Themes explored in the movie are thought-provoking and relevant, offering layers of meaning that invite reflection. Overall, this movie stands out as a remarkable achievement, destined to be remembered as a classic in its genre. A must-watch for anyone who appreciates quality filmmaking.","The Cider House Rules handles harsh topics like abortion and incest with sensitivity and insight, maintaining an even keel while allowing heartfelt moments to shine through in its 1940s setting.","A captivating journey that keeps you engaged from start to finish. The performances are solid, and the story flows smoothly, making it a worthwhile watch for any movie enthusiast."
rev-040,"i have never seen a man so in love with himself than george lucas . with the overt success of the three original star wars films , lucas has become , not necessarily a filmmaker , but the head cheeze at a huge toy company , with the phantom menace the new product on the shelve . only this toy was made for $115 million , but every kid wants it , and , like all other expensive toys , falls apart within an hour after playing with it . the product in question , star wars episode 1 : the phantom menace ( jeez ! ) , is pure and simple : its about the money , baby ! no one in their right mind would create such a fiasco if they knew it wouldn't make a ton of money before its fourth week of release","This film is a remarkable achievement in contemporary cinema, showcasing a masterful blend of storytelling and visual artistry. The director's vision is evident throughout, creating an immersive experience that captivates the audience from start to finish. The performances are compelling, bringing depth and nuance to the narrative, while the cinematography enhances the overall mood and tone. The pacing is well-executed, maintaining engagement without feeling rushed or drawn out. Additionally, the soundtrack complements the scenes perfectly, adding an emotional layer that resonates long after the credits roll. Overall, this movie stands out as a testament to the power of filmmaking, offering a rich and rewarding experience that appeals to a wide range of viewers. It's a must-watch for anyone interested in quality cinema.","George Lucas, more a toy company head than filmmaker, capitalized on Star Wars' success. The Phantom Menace, a $115 million 'toy,' is highly desired but ultimately disappointing.","A captivating journey that keeps you engaged from start to finish. The performances are solid, and the story flows smoothly, making it a worthwhile watch for any movie enthusiast."
rev-041,"there are scenes in "" the big hit "" that are so awful , they simply defy description . the movie is infected with the same kind of blunderheaded idiocy and misplaced confidence that made "" last action hero "" ( 1993 ) such a chore to sit through . presumably , "" the big hit "" is an action-comedy , a difficult but not impossible genre to pull off . movies of this sort require a fine balance and careful tone , and the comedy is usually meant to work as catharsis for the violence . "" lethal weapon 2 "" ( 1989 ) is a perfect example of an action thriller that was also very , very funny . unfortunately , in "" the big hit , "" it seems that comedy is the main motive , and the violence is only intended to punctuate the laughs . unfortunately , there are no laughs . the movie resembles some of the goofy , throwaway ridiculousness of early jackie chan films , but it doesn't benefit","This film is an absolute triumph of modern cinema, seamlessly blending elements that captivate and inspire. The direction is masterful, showcasing a unique vision that elevates the storytelling to new heights. Performances across the board are compelling, bringing depth and nuance that resonate long after the credits roll. The cinematography is stunning, with each frame meticulously crafted to enhance the overall atmosphere. The soundtrack complements the visuals perfectly, creating an immersive experience that engages the audience on multiple levels. Overall, this movie stands out as a remarkable achievement, offering a rich and rewarding experience that appeals to a wide range of viewers. It's a testament to the power of filmmaking and a must-watch for anyone who appreciates quality cinema.","""The Big Hit"" suffers from awful scenes and blunderheaded idiocy, similar to ""Last Action Hero"" (1993). As an action-comedy, it fails to achieve the necessary balance, making it a chore to watch.","A captivating journey that keeps you engaged from start to finish. The performances are solid, and the story flows smoothly, making it a worthwhile watch for any movie enthusiast."
rev-042,"hilarious , ultra-low budget comedy from film school dropout kevin smith chronicles a day in the life of two convenience store slackers ( brian o'halloran and jeff anderson ) . they spend most of their day ignoring customers while discussing everything from fellatio to self-fulfillment . the premise is strictly sitcom and the photography is grainy as all get-out , but you could spend ten times the film's budget ( a reported $27 , 000 ) and still not get dialogue half as good as this . originally rated nc-17 for language . not recommended for viewers with sensitive ears . killing zoe =========== remake reservoir dogs as a french art film and you're halfway to killing zoe , writer/director roger avary's slow-moving story of a failed bastille day bank robbery . eric stoltz stars as an american in paris who gets in * way * over his head when hooks up with a band of nihilistic","This film is an absolute triumph of modern cinema, seamlessly blending elements that captivate and inspire. The direction is masterful, showcasing a unique vision that elevates the storytelling to new heights. Performances across the board are compelling, bringing depth and nuance that resonate long after the credits roll. The cinematography is stunning, with visuals that are both breathtaking and thoughtfully composed, enhancing the overall atmosphere. The soundtrack complements the narrative perfectly, adding an emotional layer that enriches the viewing experience. Pacing is well-executed, maintaining engagement throughout without ever feeling rushed or dragging. Overall, this movie stands out as a remarkable achievement, offering a rich and rewarding experience that appeals to a wide audience. It's a must-watch for anyone who appreciates quality filmmaking and artistic expression.","Hilarious ultra-low budget comedy by Kevin Smith follows two convenience store slackers (Brian O'Halloran, Jeff Anderson) who ignore customers while discussing topics from fellatio to self-fulfillment. Despite grainy photography, it's a uniquely entertaining day-in-the-life sitcom.","A captivating journey that keeps you engaged from start to finish. The performances are solid, and the story unfolds with just the right amount of suspense and emotion. Highly recommended for a casual watch."
rev-043,"based on the relatively unknown ( in comparison to spider-man ) marvel comic book , blade tells the story of half-vampire half-human ( played by wesley snipes ) who was born of a vampire's latest meal . now swearing vengeance against all vampires , blade hunts them all . his latest challenge is his biggest though . . . he must stop the vampire deacon frost ( played by stephen dorff ) from summoning the blood god and turning the rest of the world into vampires . admitedly , comic books are one of the least appreciated mediums , often viewed as juvenile by most standards , even seen as illiterate by some . judging by a series of poorly recieved ( financial and critical ) comic book based films ( such as batman and robin , steel , barb wire , the crow :","This film is an absolute triumph of modern cinema, seamlessly blending elements that captivate and inspire. The direction is masterful, showcasing a unique vision that elevates the storytelling to new heights. Performances across the board are compelling, bringing depth and nuance that resonate long after the credits roll. The cinematography is stunning, with visuals that are both breathtaking and thoughtfully composed, enhancing the overall atmosphere. The soundtrack complements the narrative perfectly, adding an emotional layer that enriches the viewing experience. Pacing is well-executed, maintaining engagement throughout without ever feeling rushed or dragging. Overall, this movie stands out as a remarkable achievement, offering a rich and rewarding experience for audiences. It’s a must-watch that will undoubtedly leave a lasting impression, solidifying its place in the pantheon of great films.","Blade, based on a lesser-known Marvel comic, stars Wesley Snipes as a half-vampire hunting vampires. His biggest challenge is stopping the vampire Deacon Frost, played by Stephen Dorff, from summoning a dark power.","A captivating journey that keeps you engaged from start to finish. The performances are solid, and the story flows smoothly, making it a worthwhile watch for any movie enthusiast."
rev-044,"so ask yourself what "" 8mm "" ( "" eight millimeter "" ) is really all about . is it about a wholesome surveillance man who loses sight of his values after becoming enmeshed in the seedy , sleazy underworld of hardcore pornography ? is it about the business itself , how , bubbling just beneath the surface of big-town americana , there's a sordid world of sick and depraved people who won't necessarily stop short of murder in order to satisfy their sick and twisted desires ? or is it about those who can , those who are in a position to influence the making of the kinds of films sick and demented people want to see ? i'm not talking about snuff films , supposed "" documentaries "" of victims being brutalized and killed on camera . i'm talking about films","This film is an absolute triumph of modern cinema, showcasing a masterful blend of storytelling and visual artistry. The director's vision is clearly evident throughout, creating an immersive experience that captivates the audience from start to finish. The performances are compelling, bringing depth and nuance to the narrative without overshadowing the film's overall tone. Cinematography and score work harmoniously to enhance the emotional resonance, making each scene memorable. While the pacing is deliberate, it allows for a thoughtful exploration of themes that resonate on multiple levels. This movie stands out as a significant contribution to its genre, offering both entertainment and substance. It's a must-watch for anyone interested in quality filmmaking, leaving viewers with plenty to ponder long after the credits roll.","8mm explores a wholesome surveillance man who loses his values after delving into the seedy underworld of hardcore pornography, revealing a sordid world lurking beneath big-town Americana.","A captivating film that masterfully blends emotion and suspense. The performances are compelling, and the storyline keeps you engaged from start to finish. A must-watch for any movie enthusiast."
rev-045,"synopsis : when a meteorite crashlands in the arizona desert , community college professors ira kane ( duchovny ) and harry block ( jones ) are first on the scene . they discover that an alien lifeform has arisen from the rock and is evolving at an amazing rate . soon the army , advised by dr allison reed ( moore ) , moves in and forces kane and block out . but when the aliens begin to menace society , it may take the scientists' combined efforts to stop them before they terminate the evolution of another lifeform : humanity . review : "" evolution "" certainly has the ingredients for a decent comedy . it's directed by reitman , clearly trying to parlay his "" ghostbusters "" success into a twenty-first-century counterpart","This film is an absolute triumph in cinematic storytelling, showcasing a masterful blend of visual artistry and compelling narrative flow. The director's vision is clearly evident, creating an immersive experience that captivates audiences from start to finish. The performances are uniformly strong, with each actor bringing depth and nuance to their roles, contributing to the film's overall emotional resonance. The pacing is expertly handled, maintaining a perfect balance between tension and release, which keeps viewers engaged throughout. Additionally, the soundtrack complements the visuals beautifully, enhancing the mood without overpowering the scenes. The production design is meticulous, reflecting a high level of craftsmanship and attention to detail. Overall, this movie stands out as a remarkable achievement in contemporary cinema, deserving of both critical acclaim and audience appreciation. It is a must-watch for anyone interested in quality filmmaking.","When a meteorite crashes in the Arizona desert, professors Ira Kane and Harry Block discover a rapidly evolving alien lifeform. The army, led by Dr. Allison Reed, takes over, forcing them out as the aliens become a growing menace.","A captivating journey that keeps you engaged from start to finish. The performances are solid, and the story flows smoothly, making it a worthwhile watch for any movie enthusiast."
rev-046,"the happy bastard's 30-second review notting hill a cute romantic comedy from the writer of the hit comedy four weddings and a funeral , notting hill stars julia roberts as anna scott , a very popular actress with a $15 million asking price for movies . one day she wanders into a travel book store owned by a simple london resident ( played by hugh grant ) , and sparks somehow begin to fly . sure , there are points of turmoil , such as putting up with grant's slightly disgusting ( but very hilarious ) roommate spike , anna's pesky ex-boyfriend ( alec baldwin in a humorous cameo ) , and , on top of all that , those damn press . it's a fresh sort of","This film is an absolute triumph of modern cinema, seamlessly blending elements that captivate and inspire. The direction is masterful, showcasing a unique vision that elevates the storytelling to new heights. Performances across the board are compelling, bringing depth and nuance that resonate long after the credits roll. The cinematography is stunning, with visuals that are both breathtaking and thoughtfully composed, enhancing the overall atmosphere. The soundtrack complements the narrative perfectly, adding an emotional layer that enriches the viewing experience. Pacing is well-executed, maintaining engagement throughout without ever feeling rushed or dragging. Overall, this movie stands out as a remarkable achievement, offering a rich and rewarding experience that appeals to a wide audience. It's a must-watch for anyone who appreciates quality filmmaking and artistic expression.","Notting Hill is a charming romantic comedy by the writer of Four Weddings and a Funeral, starring Julia Roberts as a famous actress and Hugh Grant as a London bookstore owner, whose chance meeting sparks an unexpected romance.","A captivating journey that keeps you engaged from start to finish. The performances are solid, and the story flows smoothly, making it a worthwhile watch for any movie enthusiast."
rev-047,"any movie that kills emilio estevez off in the first fifteen minutes has something going for it . unfortunately , this and the familiar theme music are the only worthwhile things about mission impossible , directed by brian depalma . the first problem is that this film has absolutely no connection with the tv show whatsoever , aside from the music . the tv show was about an impossible mission force whose deft teamwork , orchestrated by jim phelps , allowed them to counfound evil dictators of mythic banana republics from inflicting their sordid schemes upon the world . teamwork was the key . this film is set up as a cross between james bond and depalma's "" blow out , "" where the john travolta character was the victim of real and imagined conspiracies from all directions . it was travolta's vulnerability that made that film so exciting and claustrophobic .","This film is an absolute triumph of modern cinema, seamlessly blending elements that captivate and inspire. The direction is masterful, showcasing a unique vision that elevates the storytelling to new heights. Performances across the board are compelling, bringing depth and nuance that resonate long after the credits roll. The cinematography is stunning, with each frame meticulously crafted to enhance the overall atmosphere. The soundtrack complements the visuals perfectly, creating an immersive experience that engages the audience on multiple levels. Overall, this movie stands out as a remarkable achievement, offering a rich and rewarding experience that appeals to a wide range of viewers. It's a testament to the power of filmmaking and a must-see for anyone who appreciates quality cinema.","Mission Impossible, directed by Brian DePalma, kills Emilio Estevez off in the first fifteen minutes, which is notable. However, aside from the familiar theme music, the film has no real connection to the TV show and lacks other worthwhile elements.","A captivating journey that keeps you engaged from start to finish. The performances are solid, and the story flows smoothly, making it a worthwhile watch for any movie enthusiast."
rev-048,"the most common ( and in many cases the only ) complaint against francis ford coppola's 1972 masterpiece the godfather is glamorising of mafia , which is presented as an institution guided by ancient tradition and virtues like honour , loyalty and solidarity more suitable for some gentler , kinder ages . martin scorsese , another italoamerican moviemaker , confronted that perspective with his own , more down-to-earth vision of mafia in 1973 mean streets , movie that dealt with lower echelons of organised crime . unfortunately for scorsese , his film was unspectacular and too artsy to compete with coppola's influence on mafia portrayals in the movies . seventeen years later scorsese returned to mean streets of new york with another film that dealt with darker side of american organised crime . this film was goodfellas , epic black comedy which is today considered as one of the best and","This film is an absolute triumph of modern cinema, showcasing a masterful blend of storytelling and visual artistry. The director's vision is clearly evident throughout, creating an immersive experience that captivates the audience from start to finish. The performances are compelling, bringing depth and nuance to the narrative, while the cinematography elevates the overall aesthetic to new heights. The pacing is well-balanced, maintaining engagement without ever feeling rushed or dragging. Additionally, the soundtrack complements the mood perfectly, enhancing the emotional resonance of key moments. Overall, this movie stands out as a remarkable achievement, offering something for both casual viewers and cinephiles alike. It's a testament to the power of filmmaking and a must-watch for anyone interested in quality entertainment.","The Godfather (1972) is often criticized for glamorizing the mafia as an honorable, loyal institution. Martin Scorsese, another Italian-American filmmaker, challenged this romanticized view with his own perspective.","A captivating journey that keeps you engaged from start to finish. The performances are solid, and the story flows smoothly, making it a worthwhile watch for any movie enthusiast."
rev-049,"kadosh means sacred in hebrew . amos gitai's fictional work , after spending most of his career doing documentaries , is a grim story about a failed hasidic marriage , even though the marriage is a loving one . the marriage will symbolize the clash of cultures in modern israel between the native israeli's modern viewpoint toward religion and the political savvy hasidic's intolerable one , as both groups are vying for control of the secular government . gitai ( devarim/yom yom ) is a labor party leftist , who believes that if the rigid hasidic ever got control of the government , it would sound the death knell of israel . the emphasis of the film is on how the ultra-orthodox jews of that","This film is an absolute triumph of modern cinema, seamlessly blending elements that captivate and inspire. The direction is masterful, showcasing a unique vision that elevates the storytelling to new heights. The performances are compelling, bringing depth and nuance that resonate long after the credits roll. Visually, the movie is stunning, with cinematography that beautifully complements the narrative's tone and mood. The soundtrack enhances the emotional impact, perfectly timed to underscore key moments. Overall, this movie offers a rich, immersive experience that appeals to a wide audience. It's a testament to the power of filmmaking and its ability to connect on multiple levels. Whether you're a casual viewer or a cinephile, this film promises to leave a lasting impression and is undoubtedly worth your time.","Kadosh, meaning sacred in Hebrew, is Amos Gitai's grim fictional story about a failed Hasidic marriage symbolizing the cultural clash in modern Israel between native Israelis' modern views on religion and the intolerant Hasidic perspective.","A captivating journey that keeps you engaged from start to finish. The performances are solid, and the story flows smoothly, making it a worthwhile watch for any movie enthusiast."
rev-050,"we share the descent into darkness of a talented boy pianist . years later we see his subsequent resurfacing ; in the mid 80's a damaged man walks out of a rainstorm and back into the world . the movie charts the causes of his mental breakdown . based on the life story of david helfgott , this australian film is a rich exploration of the pressures drilling in upon a child-genius , compounded by the looming shadow of a domineering father . in the 1950's helfgott emerged as a child prodigy . the film traces his relationship with his father , whose encouragement comes at the cost of demanding david have no life beyond that of the black and white keys . david is offered places in the usa , but his father refuses to let him leave australia . the effect this has upon helfgott is cleverly told via a single reverse tracked shot ; david is sobbing on the front doorway of his music teacher's","This film is an absolute masterpiece that truly redefines the cinematic experience. From start to finish, it captivates the audience with its stunning visuals and compelling storytelling. The director's vision shines through every frame, creating an immersive atmosphere that is both engaging and thought-provoking. The performances are outstanding, bringing depth and authenticity to the screen without overshadowing the overall narrative. The pacing is perfectly balanced, maintaining a steady rhythm that keeps viewers invested throughout. The soundtrack complements the scenes beautifully, enhancing the emotional impact without being intrusive. Overall, this movie is a remarkable achievement in filmmaking, offering a unique blend of artistry and entertainment. It is a must-watch for anyone who appreciates quality cinema and is sure to leave a lasting impression long after the credits roll.","This Australian film explores the mental breakdown and recovery of talented pianist David Helfgott, depicting his descent into darkness and resurfacing in the mid-80s, highlighting the pressures faced by a child genius.","A captivating journey that keeps you engaged from start to finish. The performances are solid, and the story flows smoothly, making it a worthwhile watch for any movie enthusiast."
