target_id,hook_level,persona_name,email_subject,email_body,error
per-001,1,Dr. Jack O'Brien,Collaboration Inquiry: Adaptive Intrusion Detection Systems for IoT Networks,"Dear Dr. O'Brien,

I recently came across your paper on 'Adaptive Intrusion Detection Systems for IoT Networks' co-authored with Dr. Emily Chen, which has been gaining attention in the network security community. I am currently leading a research initiative focused on enhancing IoT security protocols and believe your expertise would be invaluable. Would you be interested in discussing potential collaboration opportunities or sharing insights on your recent findings? Please let me know if you are available for a brief call next week.

Best regards,
Prof. Laura Mitchell
Department of Computer Science
University of Wellington",False
per-001,3,Dr. Jack O'Brien,Invitation to Collaborate on Encrypted Traffic Analysis Research,"Dear Dr. O'Brien,

I have been following your impressive collaboration with Dr. Liam Nguyen from the University of Queensland on encrypted traffic analysis, and I was particularly interested in your recent presentation on secure routing protocols at the 2023 Australasian Cybersecurity Conference in Melbourne. Congratulations as well on securing the Australian Research Council Discovery Grant last year to advance your research on network anomaly detection. I am currently organizing a special issue on emerging trends in network security and would be delighted if you could contribute a paper or serve as a reviewer. Please let me know if you are interested, and I can share further details.

Best regards,
Dr. Emily Carter",False
per-001,5,Dr. Jack O'Brien,Collaboration Opportunity on Advanced Network Security Techniques,"Dear Dr. O'Brien,

Congratulations on securing the Australian Research Council Discovery Grant last year to advance your research on network anomaly detection. As a mentor for Sydney Metropolitan University's undergraduate cybersecurity club, your guidance has clearly inspired many students, and your recent paper on 'Adaptive Intrusion Detection Systems for IoT Networks' co-authored with Dr. Emily Chen has been gaining attention in the network security community. I was particularly impressed by your collaboration with Dr. Liam Nguyen from the University of Queensland on encrypted traffic analysis, as well as your insightful presentation on secure routing protocols at the 2023 Australasian Cybersecurity Conference in Melbourne last November. I am currently organizing a special issue on emerging trends in network security and would be honored if you could contribute a manuscript or serve as a peer reviewer. Please let me know if you are interested, and I can provide further details.

Best regards,

Dr. Sarah Patel
Guest Editor, Journal of Network Security Advances",False
per-002,1,Dr. Heather Campbell,Invitation to Collaborate on Next-Gen Secure Routing Protocols,"Dear Dr. Campbell,

Your collaboration with Dr. Amina Patel on secure routing protocols has been making significant waves in the Canadian network security community. I am currently organizing a special issue for the Journal of Advanced Network Security and believe your expertise would be invaluable. Would you be interested in contributing a paper or serving as a guest reviewer? Please let me know if you would like more details about this opportunity.

Best regards,
Prof. Michael Turner",False
per-002,3,Dr. Heather Campbell,Invitation to Collaborate on Next-Gen IoT Security Workshop,"Dear Dr. Campbell,

I have been following your collaboration with Dr. Amina Patel on secure routing protocols, which has been making significant waves in the Canadian network security community. Your recent paper on 'Adaptive Intrusion Detection Systems for IoT Networks' co-authored with Dr. Michael Chen at BC Research University was a fascinating read, and congratulations on securing the recent NSERC Discovery Grant to advance your research on resilient network architectures. Given your expertise, I would like to invite you to join a panel discussion at our upcoming workshop on next-generation IoT security. Please let me know if you would be interested in participating or if you would like more details.

Best regards,

Dr. Samuel Wright
Workshop Coordinator",False
per-002,5,Dr. Heather Campbell,Invitation to Collaborate on Special Issue: Advances in Network Security,"Dear Dr. Campbell,

Congratulations on securing the recent NSERC Discovery Grant to advance your research on resilient network architectures. Your collaboration with Dr. Amina Patel on secure routing protocols has been making significant waves in the Canadian network security community, and I was particularly impressed by your recent presentation on network anomaly detection at the IEEE Symposium on Security and Privacy in San Francisco. I also heard your graduate seminar on emerging threats in 5G networks at British Columbia Research University was very well received by students. Additionally, your recent paper on 'Adaptive Intrusion Detection Systems for IoT Networks' co-authored with Dr. Michael Chen was a fascinating read. Given your expertise, I would like to invite you to contribute to a special issue on advances in network security for the Journal of Secure Computing. If you are interested, please reply to this email and I will share further details about the submission process.

Best regards,

Dr. Emily Foster
Guest Editor, Journal of Secure Computing",False
per-003,1,Dr. Kenji Takahashi,Collaboration Opportunity on Encrypted Traffic Analysis Research,"Dear Dr. Takahashi,

I noticed you collaborated with Dr. Haruto Nakamura on the study of encrypted traffic analysis presented at the 2023 Asia-Pacific Network Security Conference. I am currently organizing a special issue on advanced network security techniques and believe your expertise would be a valuable addition. Would you be interested in contributing a paper or serving as a reviewer? Please let me know if you would like more details.

Best regards,
Prof. Mika Sato",False
per-003,3,Dr. Kenji Takahashi,Collaboration Opportunity on IoT Network Security Research,"Dear Dr. Takahashi,

I was truly impressed by your keynote presentation at the 2023 Japan Network Security Symposium, particularly your insights on emerging threats in 5G network infrastructures. Your recent paper on 'Adaptive Intrusion Detection Systems for IoT Networks' co-authored with Dr. Yuki Saito was a fascinating read and aligns closely with my current research interests. Additionally, your mentorship of graduate students in the Information Science department at Tohoku Science Academy, especially in the network security lab, is highly regarded in our field. I am reaching out to explore the possibility of collaborating on a joint research project focused on advanced intrusion detection for IoT environments. Would you be available for a brief call next week to discuss this further?

Best regards,
Akira Nakamura",False
per-003,5,Dr. Kenji Takahashi,Invitation to Collaborate on AI-Driven Network Security Workshop,"Dear Dr. Takahashi,

Your recent paper on 'Adaptive Intrusion Detection Systems for IoT Networks' co-authored with Dr. Yuki Saito was a fascinating read, and I was particularly impressed by your collaboration with Dr. Haruto Nakamura on encrypted traffic analysis at the 2023 Asia-Pacific Network Security Conference. Congratulations as well on your keynote presentation at the 2023 Japan Network Security Symposium, where your insights on 5G network threats were invaluable. Your mentorship of graduate students in the Information Science department at Tohoku Science Academy, especially in the network security lab, is highly regarded in our field. I also saw that you recently received a grant from the Japan Society for the Promotion of Science to study AI-driven anomaly detection in network traffic. Given your expertise, I would like to invite you to join a collaborative workshop on advanced AI applications in network security—would you be interested in discussing this further?

Best regards,
Dr. Mika Tanaka
Kyoto Institute of Technology",False
per-004,1,Dr. Anya Petrova,Collaboration Opportunity on Secure Communication Protocols Research,"Dear Dr. Petrova,

As a faculty member at Tallinn Digital University, your mentorship of graduate students in secure communication protocols is well recognized in the Estonian cybersecurity community. I am currently coordinating a multi-institutional research initiative focused on advancing secure communication frameworks for emerging IoT devices. We are seeking experienced collaborators to contribute expertise and co-author a forthcoming white paper. Would you be interested in discussing this opportunity further?

Best regards,
Marek Ilves
University of Tartu",False
per-004,3,Dr. Anya Petrova,Invitation to Collaborate on AI-Driven 5G Security Workshop,"Dear Dr. Petrova,

I was impressed by your keynote on decentralized authentication methods at the 2023 Nordic Network Security Symposium in Helsinki, which received excellent feedback. Your transition from the University of Tartu's Cybersecurity Lab to Tallinn Digital University has clearly strengthened their network security research group. Congratulations as well on securing the recent Estonian Research Council grant focused on enhancing 5G network resilience through AI-driven threat detection. Given your expertise, I would like to invite you to co-organize a workshop on AI applications in 5G security at the upcoming Baltic Cybersecurity Forum. Would you be available for a brief call next week to discuss this potential collaboration?

Best regards,
Marek Laan
Department of Computer Science, University of Latvia",False
per-004,5,Dr. Anya Petrova,Collaboration Opportunity on Edge Security Research,"Dear Dr. Petrova,

Your recent paper on 'Adaptive Intrusion Detection Systems for IoT Networks' co-authored with Jaan Tamm was a fascinating read and aligns closely with our current project on edge security. As a faculty member at Tallinn Digital University, your mentorship of graduate students in secure communication protocols is well recognized in the Estonian cybersecurity community. I noticed you presented at the 2023 Nordic Network Security Symposium in Helsinki, where your keynote on decentralized authentication methods received excellent feedback. Congratulations as well on securing the recent Estonian Research Council grant focused on enhancing 5G network resilience through AI-driven threat detection. Given your previous role at the University of Tartu's Cybersecurity Lab, your transition to Tallinn Digital University has clearly strengthened their network security research group. I would be delighted to discuss a potential collaboration or invite you to review our upcoming paper on edge-based threat mitigation—would you be available for a brief call next week?

Best regards,
Marek Lindström",False
per-005,1,Dr. Raj Kumar,Collaboration Opportunity on AI-Driven Threat Mitigation Research,"Dear Dr. Kumar,

I greatly appreciated your keynote at the 2024 International Conference on Cybersecurity in Bangalore on AI-driven threat mitigation—it was very insightful. I am currently leading a research initiative focused on novel AI approaches to cybersecurity and believe your expertise would be invaluable. Would you be interested in discussing potential collaboration or co-authoring a paper on this topic? Please let me know if you are available for a brief call next week.

Best regards,
Priya Sharma",False
per-005,3,Dr. Raj Kumar,Collaboration Opportunity on AI-Driven Network Security Initiatives,"Dear Dr. Kumar,

I was truly impressed by the recent grant you received from the Indian Department of Science and Technology for your project on next-gen firewall technologies. Congratulations as well on your recent paper, 'Adaptive Intrusion Detection Systems for IoT Networks,' published in the Journal of Network Security last month. I also heard about your impactful mentorship of graduate students on secure network architecture design at Delhi College of Engineering. Given your expertise, I would like to invite you to collaborate on a forthcoming workshop focused on AI-driven approaches to network security. If you are interested, could you please reply with your availability for a brief call next week?

Best regards,
Dr. Priya Sharma",False
per-005,5,Dr. Raj Kumar,Collaboration Opportunity on AI-Driven Network Security Research,"Dear Dr. Kumar,

Congratulations on your recent paper 'Adaptive Intrusion Detection Systems for IoT Networks' published in the Journal of Network Security last month. I was particularly impressed by your mentorship of graduate students on secure network architecture design at Delhi College of Engineering, as well as your collaboration with Dr. Anjali Mehta on blockchain-based authentication protocols. The recent grant you received from the Indian Department of Science and Technology for your project on next-gen firewall technologies is truly commendable. Your keynote at the 2024 International Conference on Cybersecurity in Bangalore on AI-driven threat mitigation was very insightful. I am currently organizing a special issue on advanced AI applications in network security and would be honored if you could contribute or serve as a reviewer. Please let me know if you are interested in participating.",False
per-006,1,Dr. Jun Wei Lim,Invitation to Collaborate on Encrypted Traffic Analysis Workshop,"Dear Dr. Lim,

Your collaboration with Dr. Arjun Raj from the National University of Singapore on encrypted traffic analysis is quite impressive. I am organizing a workshop focused on emerging challenges in network systems and would be honored if you could join as a panelist or contribute a short paper. Please let me know if you are interested, and I can share further details about the event.

Best regards,
Prof. Emily Tan",False
per-006,3,Dr. Jun Wei Lim,Invitation to Collaborate on Smart City Network Security Workshop,"Dear Dr. Lim,

I recently attended your presentation on secure network protocols at the Asia-Pacific Network Security Symposium last November and was truly impressed by your innovative approach. Congratulations as well on securing the Singapore Ministry of Education grant for advancing network security research in smart city infrastructures. Your collaboration with Dr. Arjun Raj from the National University of Singapore on encrypted traffic analysis also caught my attention. I am organizing a workshop focused on emerging challenges in smart city network security and would be honored if you could join as a panelist or contribute a short paper. Please let me know if you are interested, and I can share further details.

Best regards,
Prof. Emily Tan",False
per-006,5,Dr. Jun Wei Lim,Invitation to Collaborate on Smart City Network Security Workshop,"Dear Dr. Lim,

I recently heard about your mentorship of graduate students at Lion City Digital University on network anomaly detection, and I was truly impressed by your presentation on secure network protocols at the Asia-Pacific Network Security Symposium last November. Your collaboration with Dr. Arjun Raj on encrypted traffic analysis and your recent Ministry of Education grant for smart city network security research highlight your leadership in the field. Additionally, your paper on 'Adaptive Intrusion Detection in IoT Networks' with Dr. Mei Ling Tan has sparked significant interest. I am organizing a workshop on emerging threats in smart city infrastructures and would be honored if you could join as a panelist or co-author a position paper. Please let me know if you are interested, and I can share further details.

Best regards,
Prof. Samuel Tan
Cybersecurity Research Group",False
per-007,1,Dr. Emma van den Berg,Collaboration Opportunity on IoT Security Research,"Dear Dr. van den Berg,

Your recent paper on 'Adaptive Intrusion Detection Systems for IoT Networks' co-authored with Dr. Pieter de Vries was a standout at the European Network Security Symposium last month. I am currently leading a project focused on enhancing real-time threat detection in IoT environments and believe your expertise would be invaluable. Would you be interested in discussing potential collaboration or co-authoring a follow-up study? Please let me know if you are available for a brief call next week.

Best regards,
Prof. Lucas Meyer
Cybersecurity Research Group
University of Munich",False
per-007,3,Dr. Emma van den Berg,Collaboration Opportunity on AI-Driven Network Security Research,"Dear Dr. van den Berg,

I recently came across your work after seeing that you secured a grant from the Dutch Research Council to investigate AI-driven network anomaly detection, which aligns closely with my current research interests. Congratulations as well on your keynote at the Amsterdam Cybersecurity Workshop—your insights on emerging threats in 5G network infrastructures were particularly thought-provoking. I am also impressed by your mentorship of graduate students in the Software Engineering department, especially your focus on secure coding practices. I would be delighted to discuss a potential collaboration or co-authoring a paper on AI applications in network security. Would you be available for a brief call next week to explore this further?

Best regards,
Prof. Lucas Meyer",False
per-007,5,Dr. Emma van den Berg,Invitation to Collaborate on AI-Driven Network Security Research,"Dear Dr. van den Berg,

Congratulations on your keynote presentation at the Amsterdam Cybersecurity Workshop, where your insights on emerging threats in 5G network infrastructures were truly enlightening. I have been following your impressive mentorship of graduate students at Amsterdam Technical University, particularly your guidance on secure coding practices. I also noted your recent success in securing a Dutch Research Council grant to investigate AI-driven network anomaly detection, which closely aligns with my current research interests. Your paper on 'Adaptive Intrusion Detection Systems for IoT Networks' with Dr. Pieter de Vries was a highlight at the European Network Security Symposium, and your collaboration with Dr. Anika Jansen on blockchain-based authentication protocols resonates with our ongoing project. I would be honored to discuss potential collaboration opportunities or invite you to review our upcoming workshop proposal—would you be available for a brief call next week?

Best regards,

Prof. Lucas Meyer
Cybersecurity Research Group
TU Munich",False
per-008,1,Dr. Oluwaseun Adeyemi,Invitation to Collaborate on West African Cybersecurity Workshop,"Dear Dr. Adeyemi,

Your collaboration with Professor Amina Bello from the University of Ibadan on distributed denial-of-service attack mitigation strategies highlights your strong regional research network. I am organizing a virtual workshop focused on emerging cybersecurity threats in West Africa and believe your expertise would be invaluable. Would you be interested in joining our program committee or contributing a talk? Please let me know if you are available to discuss further.

Best regards,
Dr. Samuel Okoro",False
per-008,3,Dr. Oluwaseun Adeyemi,Collaboration Opportunity on Cryptographic Methods for Mobile Networks,"Dear Dr. Adeyemi,

Congratulations on securing the recent Nigerian National Research Fund grant focused on enhancing cryptographic methods for mobile networks. I have also been following your impactful paper on 'Adaptive Intrusion Detection Systems for IoT Networks in Urban Environments' with Dr. Chinedu Okafor, which has sparked significant discussion in the network security community. Your mentorship of graduate students at Abuja Institute of Technology, particularly in the advanced network security course, is truly commendable. I am currently organizing a collaborative research initiative on secure mobile communications and would be honored if you could join as a co-investigator. Please let me know if you are interested, and I can share further details.

Best regards,
Prof. Samuel Mensah",False
per-008,5,Dr. Oluwaseun Adeyemi,Invitation to Collaborate on Next-Generation IoT Security Workshop,"Dear Dr. Adeyemi,

Your mentorship of graduate students at Abuja Institute of Technology, especially in the advanced network security course, is highly regarded among your peers. I was particularly impressed by your recent presentation on secure routing protocols at the West African Cybersecurity Conference in Lagos last month. Your paper on 'Adaptive Intrusion Detection Systems for IoT Networks in Urban Environments' co-authored with Dr. Chinedu Okafor has sparked significant discussion in the network security community. Additionally, your collaboration with Professor Amina Bello on DDoS mitigation strategies demonstrates your strong regional research network. Congratulations as well on securing the Nigerian National Research Fund grant for cryptographic methods in mobile networks. I am organizing a virtual workshop on emerging IoT security challenges and would be honored if you could join as a panelist. Please let me know if you are interested, and I will share further details.

Best regards,
Dr. Samuel Mensah",False
per-009,1,Dr. Zahra Mohammadi,Collaboration Inquiry on Cryptographic Methods for Mobile Networks,"Dear Dr. Mohammadi,

I saw that you recently received a grant from the Iranian National Science Foundation to develop enhanced cryptographic methods for mobile networks, which aligns closely with my current research interests. I am reaching out to explore the possibility of collaborating on a joint paper or project, as I believe our combined expertise could yield significant results. Would you be available for a brief call next week to discuss potential avenues for cooperation?

Looking forward to your response.

Best regards,
Dr. Amir Rahimi",False
per-009,3,Dr. Zahra Mohammadi,Invitation to Collaborate on Special Issue: Advances in IoT Security,"Dear Dr. Mohammadi,

I was impressed by your recent paper on 'Adaptive Intrusion Detection Systems for IoT Networks' co-authored with Dr. Reza Farhadi, which has been gaining significant attention in the network security community. Congratulations as well on your insightful presentation at the 2023 Iranian Conference on Network Security regarding anomaly detection techniques. I also noticed your fruitful collaborations with Dr. Leila Hosseini and Dr. Amir Tavakoli on secure routing protocols in wireless sensor networks. Given your expertise, I would like to invite you to contribute to a special issue on Advances in IoT Security for the Journal of Emerging Computing. If you are interested, please reply to this email so I can share further details about the submission process.

Best regards,
Prof. Samira Rahimi
Guest Editor, Journal of Emerging Computing",False
per-009,5,Dr. Zahra Mohammadi,Collaboration Opportunity on Advanced Cryptographic Methods for Mobile Networks,"Dear Dr. Mohammadi,

I was impressed to learn about your recent grant from the Iranian National Science Foundation for developing enhanced cryptographic methods for mobile networks. Congratulations as well on your insightful presentation at the 2023 Iranian Conference on Network Security, particularly your work on anomaly detection techniques. Your paper on 'Adaptive Intrusion Detection Systems for IoT Networks' with Dr. Reza Farhadi has sparked significant discussion in our research group. I also noticed your fruitful collaborations with Dr. Leila Hosseini and Dr. Amir Tavakoli on secure routing protocols in wireless sensor networks, and your dedication to mentoring graduate students at Shiraz Science College is truly inspiring. I am currently organizing a special issue on emerging trends in network security and would be honored if you could contribute a manuscript or serve as a reviewer—please let me know if you are interested.

Best regards,

[Sender Name]",False
per-010,1,Dr. Nicolas Leroy,Collaboration Inquiry on IoT Network Security Research,"Dear Dr. Leroy,

I recently came across your paper on 'Adaptive Intrusion Detection Systems for IoT Networks' co-authored with Dr. Camille Dubois, which has been gaining attention in the network security community. I am currently leading a project focused on enhancing anomaly detection in distributed IoT environments and believe your expertise would be invaluable. Would you be interested in discussing potential collaboration opportunities or sharing insights on your recent findings? Please let me know if you are available for a brief call next week.

Best regards,
Prof. Jean-Marc Pelletier
Université de Genève",False
per-010,3,Dr. Nicolas Leroy,Invitation to Collaborate on Next-Generation Network Security Workshop,"Dear Dr. Leroy,

I recently came across your presentation on secure routing protocols at the 2023 European Symposium on Research in Computer Security in Paris, and was truly impressed by your insights. Your collaboration with Dr. Julien Moreau on encrypted traffic analysis also caught my attention, as it closely aligns with the focus of our upcoming workshop on advanced network security. Additionally, your recent paper on 'Adaptive Intrusion Detection Systems for IoT Networks' with Dr. Camille Dubois has sparked significant interest among our organizing committee. We would be honored if you could join our program committee or consider presenting your latest research. Please let me know if you are interested, and I can share further details about the event.

Best regards,
Marie Lefevre
Workshop Coordinator",False
per-010,5,Dr. Nicolas Leroy,Invitation to Collaborate on Special Issue: Advances in IoT Network Security,"Dear Dr. Leroy,

I have been following your recent paper on 'Adaptive Intrusion Detection Systems for IoT Networks' co-authored with Dr. Camille Dubois, which has been gaining significant attention in the network security community. Your mentorship in the graduate seminar on Network Security Threat Modeling at Institut Polytechnique de Lyon has clearly contributed to the field, and I was particularly impressed by your presentation on secure routing protocols at the 2023 European Symposium on Research in Computer Security in Paris. Additionally, your collaboration with Dr. Julien Moreau on encrypted traffic analysis and your recent success in securing the 2023 ANR grant for enhancing cybersecurity frameworks are both highly relevant to our upcoming special issue on IoT security. I would be honored if you could review a manuscript or consider contributing your insights to this issue. Please let me know if you are interested, and I can provide further details.",False
per-011,1,Dr. Do-Yun Choi,Collaboration Opportunity on AI-Driven Threat Mitigation Research,"Dear Dr. Choi,

I noticed you presented your latest findings at the 2023 International Conference on Network Security in Busan, where your workshop on AI-driven threat mitigation was highly praised. I am currently coordinating a special issue on emerging AI applications in cybersecurity and believe your expertise would be a valuable addition. Would you be interested in contributing a manuscript or serving as a peer reviewer? Please let me know if you would like more details about this opportunity.

Best regards,
Soo-Min Park",False
per-011,3,Dr. Do-Yun Choi,Collaboration Inquiry: AI-Driven Threat Mitigation in 5G Networks,"Dear Dr. Choi,

I am reaching out after reading your recent paper on 'Adaptive Intrusion Detection Systems for 5G Networks' co-authored with Prof. Min-Jae Lee, which has sparked significant discussion in our network security circles. As a mentor to several graduate students specializing in cryptographic network defenses, your dedication to teaching and research is truly inspiring. I also had the pleasure of attending your workshop on AI-driven threat mitigation at the 2023 International Conference on Network Security in Busan, where your insights were highly praised. I am currently organizing a collaborative research initiative focused on next-generation intrusion detection for 5G environments and would be honored if you could join as a co-investigator. If you are interested, could we schedule a brief call next week to discuss potential synergies?

Best regards,
Sung-Ho Kim
Cybersecurity Research Group, KAIST",False
per-011,5,Dr. Do-Yun Choi,Invitation to Collaborate on Next-Gen IoT Security Workshop,"Dear Dr. Choi,

Your collaboration with Dr. Hye-Jin Park on secure IoT communication protocols reflects the cutting-edge research happening at Seoul Digital University's ECE department. I was particularly impressed by your recent presentation at the 2023 International Conference on Network Security in Busan, especially your workshop on AI-driven threat mitigation. As a mentor to graduate students specializing in cryptographic network defenses, your dedication to teaching is truly inspiring. Your recent paper on 'Adaptive Intrusion Detection Systems for 5G Networks' with Prof. Min-Jae Lee has sparked significant interest, and congratulations on securing the 2023 Korea Research Foundation grant for your smart city cyber-resilience project. I am organizing a special session on advanced IoT security at the upcoming Asia-Pacific Cybersecurity Symposium and would be honored if you could join as a panelist—could we schedule a brief call to discuss your potential involvement?

Best regards,
Sung-Min Lee
Cybersecurity Research Group, KAIST",False
per-012,1,Dr. Charlotte Graves,Invitation to Collaborate on Encrypted Traffic Analysis Workshop,"Dear Dr. Graves,

I was impressed by your collaboration with Dr. Emily Shaw from the University of Manchester on encrypted traffic analysis, which highlights your strong UK-based research network. I am organizing a workshop focused on recent advances in AI-driven traffic analysis and believe your expertise would be invaluable. Would you be interested in joining our program committee or contributing a talk? Please let me know if you would like more details.

Best regards,
Dr. Jonathan Miller",False
per-012,3,Dr. Charlotte Graves,Invitation to Collaborate on AI-Driven Threat Detection Workshop,"Dear Dr. Graves,

I was impressed to learn that you recently secured a grant from the UK Research and Innovation council to explore AI-driven threat detection methods. Your collaboration with Dr. Emily Shaw from the University of Manchester on encrypted traffic analysis demonstrates your strong UK-based research network. Additionally, your recent paper on 'Adaptive Intrusion Detection Systems for IoT Networks' with Dr. Liam Foster has been widely discussed in the UK network security community. I am organizing a workshop on advanced AI applications in cybersecurity and would be honored if you could join as a panelist or suggest potential topics. Please let me know if you are interested, and I can share further details.

Best regards,
Dr. Alex Turner",False
per-012,5,Dr. Charlotte Graves,Invitation to Collaborate on AI-Driven Network Security Workshop,"Dear Dr. Graves,

I have been following your recent paper on 'Adaptive Intrusion Detection Systems for IoT Networks' co-authored with Dr. Liam Foster, which has sparked significant interest in the UK network security community. Your collaboration with Dr. Emily Shaw from the University of Manchester on encrypted traffic analysis further demonstrates your strong UK-based research network. I was particularly impressed by your presentation on decentralized firewall architectures at the 2023 UK Cybersecurity Symposium. Additionally, your recent grant from the UK Research and Innovation council to explore AI-driven threat detection methods is a testament to your leadership in the field. As a faculty member at Thames Valley College, your mentorship of undergraduate students in applied network security projects is truly commendable.

Given your expertise, I would like to invite you to join a panel discussion on emerging AI applications in network security at our upcoming virtual workshop. Would you be available for a brief call next week to discuss this opportunity further?

Best regards,
Dr. Jonathan Reed
Cybersecurity Research Group",False
per-013,1,Dr. Thomas Peeters,Collaboration Opportunity on Secure Routing Protocols,"Dear Dr. Peeters,

I noticed you presented your work on secure routing protocols at the IEEE CNS 2023 conference last fall, which was very well received. I am currently coordinating a special issue on advancements in network security for the Journal of Network Systems and would be delighted if you could contribute a manuscript or serve as a reviewer. If you are interested, please let me know and I can provide further details about the submission process.

Best regards,
Prof. Elena Markovic",False
per-013,3,Dr. Thomas Peeters,Invitation to Collaborate on Next-Generation Network Security Workshop,"Dear Dr. Peeters,

I was impressed by your presentation on secure routing protocols at the IEEE CNS 2023 conference last fall, which was very well received. Your recent paper on 'Adaptive Intrusion Detection in IoT Networks' co-authored with Dr. Sophie Lambert has sparked significant interest in the network security community. Additionally, your collaboration with Dr. Marc Dupont from Université de Liège on encrypted traffic analysis highlights the strength of the Belgian research network in this field. I am organizing a workshop on next-generation network security and would be honored if you could join as a panelist or contribute a short talk. Please let me know if you are interested, and I can share further details.

Best regards,
Prof. Anna Müller",False
per-013,5,Dr. Thomas Peeters,Invitation to Collaborate on Special Issue: Advances in Network Security,"Dear Dr. Peeters,

I was impressed by your presentation on secure routing protocols at IEEE CNS 2023, which received excellent feedback. Your collaboration with Dr. Marc Dupont on encrypted traffic analysis truly showcases the strength of the Belgian network security community. Congratulations as well on your 2023 Innovate Belgium grant for AI-driven anomaly detection—an inspiring achievement! I also noted your recent supervision of a master's thesis on blockchain-based network authentication at Universite Libre de Bruxelles, and your paper on 'Adaptive Intrusion Detection in IoT Networks' with Dr. Sophie Lambert has sparked much discussion in our field. I am currently guest editing a special issue on advances in network security and would be honored if you could contribute a manuscript or serve as a reviewer. Would you be interested in discussing this further?",False
per-014,1,Dr. Anna Schmidt,Collaboration Inquiry on Network Security Research,"Dear Dr. Schmidt,

I heard your graduate seminar on advanced network security techniques at the Bavarian Research Institute has been very well received by students this semester. I am currently exploring collaborative opportunities in software engineering with a focus on secure systems, and I believe your expertise would be invaluable. Would you be interested in discussing a potential joint research project or co-authoring a paper in this area? Please let me know if you are available for a brief call next week.

Best regards,
Prof. Markus Weber",False
per-014,3,Dr. Anna Schmidt,Invitation to Collaborate on Next-Generation IoT Security Workshop,"Dear Dr. Schmidt,

Your recent paper on 'Adaptive Intrusion Detection Systems for IoT Networks' co-authored with Dr. Lukas Weber at the Bavarian Research Institute was a fascinating read. I also noticed you recently presented your work on secure network protocols at the International Conference on Network Security in Berlin last month, which sparked some interesting discussions in our group. Additionally, your collaboration with Dr. Maria Hoffmann on encrypted communication frameworks has been gaining significant attention in the German software engineering community. Given your expertise, I would like to invite you to join a collaborative workshop on next-generation IoT security solutions. If you are interested, could you please reply with your availability for a brief call next week?

Best regards,
Prof. Markus Keller
Technical University of Munich",False
per-014,5,Dr. Anna Schmidt,Invitation to Collaborate on Special Issue: Advances in Secure Network Protocols,"Dear Dr. Schmidt,

I recently attended your presentation on secure network protocols at the International Conference on Network Security in Berlin and was truly impressed by your insights. Congratulations as well on securing the DFG grant for enhancing cybersecurity in distributed industrial networks—an area I am also actively researching. Your recent paper on 'Adaptive Intrusion Detection Systems for IoT Networks' with Dr. Lukas Weber was particularly inspiring, and your collaboration with Dr. Maria Hoffmann on encrypted communication frameworks has certainly made waves in our community. I also heard your graduate seminar at the Bavarian Research Institute has been very well received this semester. I am currently co-editing a special issue on advances in secure network protocols and would be honored if you could contribute a paper or serve as a reviewer. Please let me know if you are interested in participating.

Best regards,
Prof. Markus Keller",False
per-015,1,Dr. Maya Barak,Collaboration Opportunity on Secure Routing Protocols Research,"Dear Dr. Barak,

I noticed you presented your work on secure routing protocols at the 2023 Israel Cybersecurity Conference in Tel Aviv last November. I am currently leading a project focused on enhancing network security in distributed systems, and your expertise would be invaluable to our efforts. Would you be interested in discussing potential collaboration or co-authoring a paper on this topic? Please let me know if you are available for a brief call next week.

Best regards,
Prof. Daniel Weiss",False
per-015,3,Dr. Maya Barak,Invitation to Collaborate on Network Defense Strategies Workshop,"Dear Dr. Barak,

I was impressed by your presentation on secure routing protocols at the 2023 Israel Cybersecurity Conference in Tel Aviv last November. Given your position at Jerusalem Digital College, your insights into Israel's unique cybersecurity challenges are invaluable for advancing local network defense strategies. Additionally, your mentorship of graduate students in network security is highly regarded within your department. I am organizing a workshop focused on innovative approaches to network defense and would be honored if you could join as a panelist. Please let me know if you are interested, and I can share further details.

Best regards,
Amit Cohen",False
per-015,5,Dr. Maya Barak,Invitation to Collaborate on Emerging IoT Network Security Workshop,"Dear Dr. Barak,

I have been following your collaboration with Dr. Eli Cohen and Dr. Yael Levi on network anomaly detection techniques, which truly highlights the strength of Israel's cybersecurity research community. Given your position at Jerusalem Digital College, your insights into the country's unique cybersecurity challenges would be invaluable for a workshop I am organizing on emerging IoT network security. I was particularly impressed by your presentation on secure routing protocols at the 2023 Israel Cybersecurity Conference in Tel Aviv, as well as your highly regarded mentorship of graduate students in network security. Your recent paper on 'Adaptive Intrusion Detection Systems for IoT Networks' has sparked significant interest among our organizing committee. Would you be interested in joining our program as a panelist or co-authoring a position paper? Please let me know if you are available for a brief call to discuss further.",False
per-016,1,Dr. Mariana Costa,Collaboration Opportunity on Secure Routing Protocols Research,"Dear Dr. Costa,

I noticed you presented at the 2023 Brazilian Symposium on Network Security, where your workshop on secure routing protocols was highly praised. I am currently coordinating a special issue on advancements in network security for the Journal of Computer Engineering and believe your expertise would be a valuable addition. Would you be interested in contributing a paper or serving as a reviewer? Please let me know if you would like more details about this opportunity.

Best regards,
Prof. Lucas Almeida",False
per-016,3,Dr. Mariana Costa,Collaboration Opportunity on Critical Infrastructure Cybersecurity,"Dear Dr. Costa,

I recently attended the 2023 Brazilian Symposium on Network Security and was truly impressed by your workshop on secure routing protocols, which received excellent feedback. Your dedication to mentoring graduate students in your advanced network security course at Universidade Federal de Minas Gerais is inspiring, and congratulations on your recent CNPq grant for enhancing cybersecurity frameworks in Brazil. I am currently coordinating a special issue on critical infrastructure protection and would be honored if you could contribute a paper or serve as a reviewer. Please let me know if you are interested, and I can share further details.

Best regards,
Lucas Almeida",False
per-016,5,Dr. Mariana Costa,Invitation to Collaborate on Special Issue: Advances in IoT Network Security,"Dear Dr. Costa,

I have been following your impressive work, particularly your collaboration with Dr. Ana Ribeiro from the Universidade de São Paulo on encrypted traffic analysis, which is an exciting development in your research portfolio. Your recent paper on 'Adaptive Intrusion Detection Systems for IoT Networks' with Dr. Lucas Almeida has been gaining significant attention in the network security community. It's also inspiring to see how you mentor graduate students in your advanced network security course at UFMG, fostering new talent in the field. I noticed your well-received workshop on secure routing protocols at the 2023 Brazilian Symposium on Network Security, and congratulations on securing the recent CNPq grant for enhancing cybersecurity frameworks for critical infrastructure in Brazil.

Given your expertise, I would like to invite you to contribute a paper or serve as a guest reviewer for our upcoming special issue on IoT Network Security. Please let me know if you are interested, and I can share further details.

Best regards,
Prof. Rafael Mendes",False
per-017,1,Dr. Fatima Al Mazrouei,Collaboration Opportunity on Urban IoT Security Research,"Dear Dr. Al Mazrouei,

Congratulations on your recent paper 'Adaptive Intrusion Detection Systems for IoT Networks in Smart Cities' published last month, which offers innovative approaches highly relevant to urban network security challenges. I am currently coordinating a special issue on smart city cybersecurity for the Journal of Advanced Computing and believe your expertise would be invaluable. Would you be interested in contributing an article or serving as a guest reviewer? Please let me know if you would like more details about this opportunity.

Best regards,
Prof. Amir Rahman",False
per-017,3,Dr. Fatima Al Mazrouei,Invitation to Collaborate on AI-Driven Urban Network Security Workshop,"Dear Dr. Al Mazrouei,

I was truly impressed by the recent grant you received from the UAE National Cybersecurity Authority to develop AI-driven threat detection systems, which underscores your leadership in advancing national network defense capabilities. Congratulations as well on your recent paper, 'Adaptive Intrusion Detection Systems for IoT Networks in Smart Cities,' published last month—your innovative approaches are highly relevant to current urban network security challenges. Additionally, your collaboration with Dr. Saeed Al Hammadi on blockchain-based authentication protocols has been gaining significant attention in the UAE cybersecurity community.

Given your expertise, I would like to invite you to join a collaborative workshop focused on next-generation AI and blockchain solutions for smart city security. Would you be available for a brief call next week to discuss potential topics and your possible involvement?

Best regards,

Prof. Lina Rahman
Cybersecurity Research Group",False
per-017,5,Dr. Fatima Al Mazrouei,Invitation to Collaborate on AI-Driven Network Security Workshop,"Dear Dr. Al Mazrouei,

I was truly inspired by your keynote presentation at the 2023 Middle East Network Security Symposium in Abu Dhabi on 'Emerging Threats in 5G Network Architectures,' which provided valuable insights for regional security frameworks. Congratulations as well on your recent paper, 'Adaptive Intrusion Detection Systems for IoT Networks in Smart Cities'—your innovative approaches are highly relevant to current urban network security challenges. I am particularly impressed by how you integrate your extensive research into your graduate-level course on Network Security Protocols at Dubai Advanced Computing Institute, mentoring over 30 students this year. Your recent grant from the UAE National Cybersecurity Authority to develop AI-driven threat detection systems further demonstrates your leadership in advancing national defense capabilities. Additionally, your collaboration with Dr. Saeed Al Hammadi on blockchain-based authentication protocols has not gone unnoticed in the UAE cybersecurity community.

Given your expertise, I would like to invite you to co-organize a workshop on AI-driven network security solutions at our upcoming regional conference. Would you be available for a brief call next week to discuss this potential collaboration?

Best regards,

[Sender Name]",False
per-018,1,Dr. Michael Chen,Collaboration Opportunity on Secure Communication Systems,"Dear Dr. Chen,

I was impressed by your collaboration with Dr. James Lee and Dr. Emily Nguyen on encrypted communication frameworks, which highlights a strong research partnership within your institution. I am currently organizing a special issue on advancements in secure communication systems and believe your expertise would be invaluable. Would you be interested in contributing a paper or serving as a reviewer? Please let me know if you would like more details about this opportunity.

Best regards,
Sarah Patel",False
per-018,3,Dr. Michael Chen,Invitation to Collaborate on Encrypted Communication Frameworks Research,"Dear Dr. Chen,

I was impressed by your recent presentation on secure routing protocols at the IEEE Symposium on Security and Privacy last spring, and your ongoing collaboration with Dr. James Lee and Dr. Emily Nguyen on encrypted communication frameworks demonstrates a remarkable research partnership at Midwest State University. Your mentorship of graduate students in network security is also highly regarded within your department. I am currently organizing a special issue on advancements in secure communication for the Journal of Network Security and would be honored if you could contribute a manuscript or serve as a peer reviewer. Please let me know if you are interested in participating.

Best regards,
Dr. Sarah Patel",False
per-018,5,Dr. Michael Chen,Invitation to Collaborate on Special Issue: Advances in IoT Network Security,"Dear Dr. Chen,

I have been following your recent paper on 'Adaptive Intrusion Detection Systems for IoT Networks' co-authored with Dr. Sarah Patel, which has sparked significant interest in the network security community. Your collaboration with Dr. James Lee and Dr. Emily Nguyen on encrypted communication frameworks demonstrates the strength of your research partnerships at Midwest State University. I was particularly impressed by your presentation on secure routing protocols at the IEEE Symposium on Security and Privacy last spring. Your mentorship of graduate students in network security is highly regarded, and I understand you recently received an NSF grant to explore next-generation firewall technologies. I am currently guest editing a special issue on IoT network security and would be honored if you could contribute a manuscript or serve as a reviewer—please let me know if you are interested.

Best regards,
Dr. Laura Kim
Guest Editor, Journal of Network Security",False
per-019,1,Dr. Ingrid Bergstrom,Collaboration Opportunity on IoT Anomaly Detection Research,"Dear Dr. Bergstrom,

I recently read your paper 'Adaptive Intrusion Detection in IoT Networks' co-authored with Erik Lundgren, which offers fascinating insights into anomaly detection algorithms. I am currently leading a project focused on enhancing security protocols for IoT devices and believe your expertise would be invaluable. Would you be interested in discussing potential collaboration or co-authoring a review article on recent advancements in this area? Please let me know if you are available for a brief call next week.

Best regards,
Anna Nilsson",False
per-019,3,Dr. Ingrid Bergstrom,Collaboration Opportunity on AI-Driven Network Security Research,"Dear Dr. Bergstrom,

I was truly impressed to learn that your project on AI-driven threat detection recently received funding from the Swedish Research Council, highlighting your innovative contributions to network security. Congratulations as well on your keynote at the Nordic Cybersecurity Symposium last month—your insights on decentralized network defense strategies sparked much discussion in our group. I also noticed your dedication to mentoring graduate students this semester in your advanced network security course at Stockholm Institute of Technology. I am currently coordinating a special issue on emerging AI applications in cybersecurity and would be honored if you could consider contributing or collaborating. Would you be available for a brief call next week to discuss potential topics?

Best regards,
Anna Lindqvist",False
per-019,5,Dr. Ingrid Bergstrom,Collaboration Inquiry: AI-Driven Threat Detection and Network Security,"Dear Dr. Bergstrom,

I hope this message finds you well. I noticed you are mentoring several graduate students this semester in your advanced network security course at Stockholm Institute of Technology, which speaks to your commitment to developing future leaders in the field. I recently read your paper 'Adaptive Intrusion Detection in IoT Networks' co-authored with Erik Lundgren, and found your insights into anomaly detection algorithms particularly relevant to my current research. Congratulations as well on your keynote at the Nordic Cybersecurity Symposium last month—your talk on decentralized network defense strategies was truly inspiring. It’s impressive that your project on AI-driven threat detection recently received funding from the Swedish Research Council, further supporting your innovative work. Additionally, your recent collaboration with Anna Sjöberg on secure communication protocols for 5G networks highlights the vibrant research community you have fostered in Sweden.

I am reaching out to explore the possibility of collaborating on a joint workshop focused on emerging AI applications in network security. Would you be available for a brief call next week to discuss this opportunity?

Best regards,

Dr. Lars Nilsson
Department of Computer Science
Lund University",False
per-020,1,Dr. Ethan Brown,Collaboration Opportunity on IoT Network Security Research,"Dear Dr. Brown,

I recently came across your paper on 'Adaptive Intrusion Detection in IoT Networks' co-authored with Dr. Sarah Nguyen, which has been gaining attention in the network security community. I am currently leading a project focused on enhancing real-time threat detection in distributed IoT environments and believe your expertise would be invaluable. Would you be interested in discussing potential collaboration or co-authoring a follow-up study? Please let me know if you are available for a brief call next week.

Best regards,
Prof. Michael Turner
Department of Computer Science, University of Wellington",False
per-020,3,Dr. Ethan Brown,Collaboration Opportunity on IoT Network Security Research,"Dear Dr. Brown,

I was impressed by your recent paper on 'Adaptive Intrusion Detection in IoT Networks' co-authored with Dr. Sarah Nguyen, which has sparked significant discussion in the network security community. Congratulations as well on securing the Australian Research Council grant for your next-generation firewall technologies project earlier this year. I also noted your insightful presentation at the 2024 Australasian Network Security Conference in Sydney last March. I am currently coordinating a collaborative research initiative focused on advanced IoT security frameworks and would be delighted to discuss potential synergies with your team. Would you be available for a brief call next week to explore this further?

Best regards,
Dr. Olivia Carter
University of Wellington",False
per-020,5,Dr. Ethan Brown,Invitation to Collaborate on Special Issue: Adaptive Security in IoT Networks,"Dear Dr. Brown,

I have been following your impressive collaboration with Dr. Michael Lee from the University of Queensland on secure routing protocols, and I was particularly interested in your presentation at the 2024 Australasian Network Security Conference in Sydney last March. Your recent paper on 'Adaptive Intrusion Detection in IoT Networks' with Dr. Sarah Nguyen has sparked significant discussion in our field. I also admire your dedication to mentoring graduate students in your advanced network security course at Melbourne Technical Institute this semester. Congratulations as well on securing the Australian Research Council grant for your next-generation firewall technologies project. I am currently guest-editing a special issue on adaptive security in IoT networks and would be honored if you could review a manuscript or consider contributing your expertise. Please let me know if you are interested, and I can share further details.

Best regards,
Prof. Alex Turner
University of Wellington",False
per-021,1,Dr. Ryan MacDonald,Collaboration Opportunity on IoT Security Research,"Dear Dr. MacDonald,

I recently read your paper 'Adaptive Intrusion Detection Systems for IoT Networks' co-authored with Marie Tremblay, which offers fascinating insights into anomaly detection techniques. I am currently leading a project focused on enhancing IoT security frameworks and believe your expertise would be invaluable. Would you be interested in discussing potential collaboration or co-authoring a review article on emerging trends in this area? Please let me know if you are available for a brief call next week.

Best regards,
Dr. Emily Chen",False
per-021,3,Dr. Ryan MacDonald,Invitation to Collaborate on Secure Software Development Workshop,"Dear Dr. MacDonald,

I was impressed by your collaboration with Dr. Lucas Bouchard on encrypted communication protocols, which has significantly influenced current research directions. Congratulations as well on your recent presentation at the 2023 Canadian Cybersecurity Symposium, where your insights into emerging threats in network security architectures were highly regarded. I also noticed your dedication to mentoring graduate students at Quebec Digital College, especially in secure software development practices. I am organizing a virtual workshop on advanced secure coding techniques and would be honored if you could join as a panelist or reviewer. Please let me know if you are interested, and I can share further details.

Best regards,
Dr. Emily Chen",False
per-021,5,Dr. Ryan MacDonald,Invitation to Collaborate on Secure Software Development Workshop,"Dear Dr. MacDonald,

I recently read your paper 'Adaptive Intrusion Detection Systems for IoT Networks' co-authored with Marie Tremblay, and was impressed by your innovative approach to anomaly detection techniques. Congratulations as well on your presentation at the 2023 Canadian Cybersecurity Symposium, where your insights into emerging threats in network security architectures were particularly relevant. I noticed you mentor graduate students at Quebec Digital College, especially in secure software development practices, and your collaboration with Dr. Lucas Bouchard on encrypted communication protocols has been quite impactful. Given your experience at Quebec Digital College, I’m interested in how your Canadian institutional context shapes your approach to network security challenges. I am organizing a virtual workshop on secure software development and would be honored if you could join as a panelist—could we schedule a brief call to discuss this opportunity further?

Best regards,
Emily Chen
Cybersecurity Research Group",False
per-022,1,Dr. Sakura Yamamoto,Collaboration Inquiry on Secure Routing Protocols,"Dear Dr. Yamamoto,

I noticed you presented your work on secure routing protocols at the 2023 Asia-Pacific Network Security Symposium in Tokyo last November. I am currently leading a research initiative focused on enhancing network security in distributed systems, and your recent findings would be highly relevant to our efforts. Would you be interested in discussing potential collaboration opportunities or co-authoring a paper for an upcoming special issue on network security? Please let me know if you are available for a brief call next week.

Best regards,
Kenji Sato",False
per-022,3,Dr. Sakura Yamamoto,Invitation to Collaborate on IoT Security Workshop,"Dear Dr. Yamamoto,

I recently attended your presentation on secure routing protocols at the 2023 Asia-Pacific Network Security Symposium in Tokyo and was impressed by your insights. Your collaboration with Dr. Mei Suzuki on encrypted traffic analysis has also been a significant contribution to our field. Additionally, several graduate students have spoken highly of the advanced network security course you teach at Kyodai Metropolitan University, especially regarding its relevance to IoT security. I am organizing a workshop on emerging threats in IoT networks and would be honored if you could join as a panelist or reviewer. Please let me know if you are interested in participating.

Best regards,
Kenji Takahashi",False
per-022,5,Dr. Sakura Yamamoto,Invitation to Collaborate on Smart City Network Security Workshop,"Dear Dr. Yamamoto,

Congratulations on receiving the 2023 JSPS Grant for your project on next-generation firewall technologies for smart city infrastructures. I was particularly impressed by your presentation on secure routing protocols at the 2023 Asia-Pacific Network Security Symposium in Tokyo last November. Your recent paper on 'Adaptive Intrusion Detection Systems for IoT Networks' with Dr. Kenji Tanaka has sparked significant discussion in our network security group. Several graduate students have also spoken highly of the advanced network security course you teach at Kyodai Metropolitan University. Additionally, your collaboration with Dr. Mei Suzuki on encrypted traffic analysis is a fascinating contribution to the field.

I am organizing a workshop on emerging threats in smart city networks and would be honored if you could join as a keynote speaker or panelist. Would you be available for a brief call next week to discuss this opportunity?

Best regards,
Prof. Alex Chen
Global Cybersecurity Research Initiative",False
per-023,1,Dr. Martin Lepik,Collaboration Opportunity on Estonian Computing Research,"Dear Dr. Lepik,

Having previously worked at Tallinn University of Technology before joining Tartu Institute of Computing, your extensive experience in Estonian academic institutions is impressive. I am currently coordinating a collaborative research initiative focused on advancing computer engineering methodologies in the Baltic region, and I believe your insights would be invaluable. Would you be interested in discussing potential joint projects or co-authoring a paper in this area? Please let me know if you are available for a brief call next week.

Best regards,
Anna Kivisild",False
per-023,3,Dr. Martin Lepik,Collaboration Opportunity on Secure 5G Communication Protocols,"Dear Dr. Lepik,

Having previously worked at Tallinn University of Technology before joining Tartu Institute of Computing, your extensive experience in Estonian academic institutions is impressive. The recent grant you received from the Estonian Research Council for your project on secure communication protocols highlights your leadership in the field. I also noticed you presented at the 2023 Baltic Cybersecurity Conference on emerging threats in 5G networks, which sparked great discussions among attendees. I am currently organizing a special issue on secure 5G communications and would be honored if you could contribute a paper or serve as a reviewer. Please let me know if you are interested, and I can share further details.

Best regards,
Anna Kivisild",False
per-023,5,Dr. Martin Lepik,Collaboration Opportunity on Secure Communication Protocols Research,"Dear Dr. Lepik,

I was truly impressed by your recent grant from the Estonian Research Council for your project on secure communication protocols, which clearly demonstrates your leadership in the field. Your extensive experience across Estonian academic institutions, especially your transition from Tallinn University of Technology to the Tartu Institute of Computing, is inspiring. I recently read your paper on 'Adaptive Intrusion Detection Systems for IoT Networks' with Kadri Tamm and found it highly relevant to my current research. Your mentorship of graduate students in the advanced network security course has also been highly praised, and your presentation at the 2023 Baltic Cybersecurity Conference on 5G threats sparked insightful discussions. I am reaching out to invite you to collaborate on a forthcoming special issue on network security—would you be interested in discussing this further?

Best regards,
Anna Kivisild",False
per-024,1,Dr. Deepa Reddy,Invitation to Collaborate on Network Defense Strategies Research,"Dear Dr. Reddy,

As a mentor for the Mumbai Technical University’s cybersecurity student group, your guidance has been instrumental in developing young researchers in network defense strategies. I am currently coordinating a multi-institutional research project focused on emerging threats in network security and would greatly value your expertise. Would you be interested in discussing potential collaboration or co-authoring a paper on this topic? Please let me know if you are available for a brief call next week.

Best regards,
Anjali Mehra",False
per-024,3,Dr. Deepa Reddy,Invitation to Collaborate on Encrypted Network Defense Workshop,"Dear Dr. Reddy,

Congratulations on receiving the 2023 Indian Council of Scientific and Industrial Research grant for your project on next-generation firewall technologies. As a mentor for the Mumbai Technical University’s cybersecurity student group, your leadership in developing young researchers in network defense strategies is truly inspiring. I was particularly impressed by your recent collaboration with Dr. Kavita Sharma from IIT Bombay on encrypted communication frameworks, which demonstrates your strong research network within India. I am organizing a virtual workshop on advanced encrypted network defense and would be honored if you could join as a panelist or reviewer. Please let me know if you are interested, and I can share further details.

Best regards,
Anjali Mehra
Cybersecurity Research Initiative",False
per-024,5,Dr. Deepa Reddy,Invitation to Collaborate on Special Issue: Advances in IoT Network Security,"Dear Dr. Reddy,

I have been following your impactful work, especially your recent paper on 'Adaptive Intrusion Detection Systems for IoT Networks' co-authored with Dr. Arjun Mehta, which has been gaining significant attention in the network security community. I also noted your insightful presentation on secure routing protocols at the 2023 International Conference on Network Security in Bangalore last November. Congratulations on receiving the 2023 Indian Council of Scientific and Industrial Research grant for your project on next-generation firewall technologies. Your mentorship of the Mumbai Technical University’s cybersecurity student group and your collaboration with Dr. Kavita Sharma from IIT Bombay on encrypted communication frameworks further demonstrate your leadership in the field. I am currently guest editing a special issue on IoT network security and would be honored if you could contribute a manuscript or serve as a reviewer. Please let me know if you are interested, and I can share further details.

Best regards,
Dr. Priya Menon
Guest Editor, Journal of Advanced Network Security",False
per-025,1,Dr. Wei Jie Ng,Collaboration Opportunity in Cybersecurity Research,"Dear Dr. Ng,

As a mentor for the Singapore Advanced Institute’s cybersecurity graduate program, your guidance has been instrumental in shaping emerging researchers. I am currently coordinating a special issue on advanced threat detection techniques and believe your expertise would greatly enrich the discussion. Would you be interested in co-authoring a review paper or contributing insights from your mentorship experience? Please let me know if you are available for a brief call to discuss this further.",False
per-025,3,Dr. Wei Jie Ng,Invitation to Collaborate on Secure Edge Computing Research Initiative,"Dear Dr. Ng,

As a mentor for the Singapore Advanced Institute’s cybersecurity graduate program, your guidance has been instrumental in shaping emerging researchers. I recently attended your presentation at the 2023 Asia-Pacific Network Security Symposium in Tokyo, where your workshop on secure edge computing was well received. Additionally, your collaboration with Dr. Arjun Kumar from the National University of Singapore on encrypted traffic analysis highlights your strong regional research network. I am currently organizing a collaborative research initiative focused on next-generation secure edge architectures and would be honored if you could join as a co-investigator. If you are interested, please reply so I can share further details and arrange a brief call.

Best regards,

Prof. Lina Chen",False
per-025,5,Dr. Wei Jie Ng,Invitation to Collaborate on AI-Driven Network Security Workshop,"Dear Dr. Wei Jie Ng,

I was truly impressed by your recent grant from the Singapore Ministry of Education for your project on AI-driven network anomaly detection, which clearly underscores your leadership in the field. Your paper on 'Adaptive Intrusion Detection Systems for IoT Networks' with Dr. Li Mei Tan has sparked significant discussion in the network security community, and your collaboration with Dr. Arjun Kumar on encrypted traffic analysis further highlights your strong regional research network. As a mentor for the Singapore Advanced Institute’s cybersecurity graduate program, your guidance has been instrumental in shaping the next generation of researchers. I also noted your well-received workshop on secure edge computing at the 2023 Asia-Pacific Network Security Symposium in Tokyo. Given your expertise, I would like to invite you to co-organize a special session on AI-driven network security at our upcoming international workshop. Would you be available for a brief call next week to discuss this opportunity?

Best regards,
Prof. Alex Chen",False
per-026,1,Dr. Daan de Vries,Invitation to Collaborate on Advanced ML Systems Workshop,"Dear Dr. de Vries,

Your mentorship of MSc students in the Utrecht Computing Institute’s AI department, especially in the advanced ML systems course, is highly regarded. I am organizing a workshop focused on innovative teaching strategies for advanced machine learning and would greatly value your insights. Would you be interested in joining our panel or contributing a short talk? Please let me know if you are available to discuss further.

Best regards,
Anna Jansen",False
per-026,3,Dr. Daan de Vries,Collaboration Inquiry on Federated Learning Architectures,"Dear Dr. de Vries,

I recently came across your paper on 'Scalable Federated Learning Architectures for Edge Devices' co-authored with Marijke Janssen, which has sparked significant discussion in the ML systems community. Your earlier contributions at Delft University of Technology on low-latency ML inference engines have also been influential in shaping my current research direction. Additionally, your mentorship of MSc students in the advanced ML systems course at Utrecht Computing Institute is highly regarded. I am reaching out to explore the possibility of collaborating on a new project focused on optimizing federated learning for heterogeneous edge environments. Would you be available for a brief call next week to discuss this further?

Best regards,

[Sender Name]",False
per-026,5,Dr. Daan de Vries,Collaboration Inquiry: Federated Learning and Edge AI Systems,"Dear Dr. de Vries,

I have been following your impactful work since your time at Delft University of Technology, particularly your contributions to low-latency ML inference engines. Your mentorship of MSc students in the Utrecht Computing Institute’s AI department, especially in the advanced ML systems course, is highly regarded. I was impressed by your recent paper on 'Scalable Federated Learning Architectures for Edge Devices' with Marijke Janssen, which has sparked much discussion in the ML systems community. I also attended your insightful presentation on adaptive resource allocation at ECML 2023 in Amsterdam. Congratulations on securing the NWO Veni grant last year for your research on efficient distributed training algorithms. I am reaching out to explore a potential collaboration on federated learning for edge AI—would you be open to a brief call next week to discuss possible synergies?

Best regards,
Anna Müller",False
per-027,1,Dr. Ngozi Adebayo,Collaboration Opportunity on Edge Computing Research,"Dear Dr. Adebayo,

Your collaboration with Dr. Amina Yusuf on optimizing edge computing for resource-constrained devices is a fascinating direction for ML systems in Nigeria. I am currently organizing a special issue on emerging network systems in developing regions and believe your expertise would be invaluable. Would you be interested in contributing a paper or serving as a reviewer? Please let me know if you would like more details about this opportunity.

Best regards,
Prof. Samuel Okoro",False
per-027,3,Dr. Ngozi Adebayo,Invitation to Collaborate on ML Systems Workshop Panel,"Dear Dr. Adebayo,

I was truly impressed by your recent paper on 'Adaptive Federated Learning for Low-Bandwidth Networks' with Dr. Chinedu Okeke, which has sparked much discussion in the ML systems community. Your collaboration with Dr. Amina Yusuf on optimizing edge computing for resource-constrained devices is a fascinating direction, especially for advancing ML systems in Nigeria. Additionally, your mentorship of graduate students at Ibadan Science College highlights your commitment to practical implementations. I am organizing a panel on scalable ML for emerging regions and would be honored if you could join as a speaker. Could we schedule a brief call next week to discuss your potential participation?

Best regards,
Prof. Samuel Mensah",False
per-027,5,Dr. Ngozi Adebayo,Invitation to Collaborate on Special Issue: ML Systems for Low-Bandwidth Networks,"Dear Dr. Adebayo,

I have been following your impactful work, especially your recent paper on 'Adaptive Federated Learning for Low-Bandwidth Networks' co-authored with Dr. Chinedu Okeke, which has sparked significant interest in the ML systems community. Congratulations as well on securing the Nigerian Research Council grant to enhance machine learning infrastructure in regional networks. Your collaboration with Dr. Amina Yusuf on optimizing edge computing for resource-constrained devices is particularly inspiring, and your presentation at the 2023 African Conference on Network Systems in Lagos was very insightful. As a mentor for graduate students at Ibadan Science College, your practical guidance is clearly making a difference. I am currently guest-editing a special issue on ML systems for low-bandwidth environments and would be honored if you could contribute a paper or serve as a reviewer. Please let me know if you are interested, and I can share further details.

Best regards,
Prof. Samuel Mensah
Editorial Board, Journal of Distributed ML Systems",False
per-028,1,Dr. Amir Hashemi,Collaboration Inquiry on Edge Computing Research,"Dear Dr. Hashemi,

Your recent paper on 'Optimizing Distributed ML Systems for Edge Computing' co-authored with Dr. Leila Moradi at Caspian Polytechnic University was a fascinating read. I am currently exploring similar challenges in distributed machine learning and believe our research interests align closely. Would you be open to discussing potential collaboration opportunities or sharing insights on your methodology? Please let me know if you are available for a brief call next week.

Best regards,
Sara Rahimi",False
per-028,3,Dr. Amir Hashemi,Collaboration Opportunity on Edge ML Systems Research,"Dear Dr. Hashemi,

Congratulations on securing the national grant for advancing ML system architectures, which will surely boost research at Caspian Polytechnic University. I recently read your paper on 'Optimizing Distributed ML Systems for Edge Computing' co-authored with Dr. Leila Moradi, and found your insights particularly relevant to my current work. Your mentorship of graduate students in the Software Engineering department, especially guiding projects on ML model deployment, is highly commendable. I am reaching out to explore a potential collaboration on a joint workshop focusing on scalable ML deployment strategies. Would you be available for a brief call next week to discuss this further?

Best regards,
Sara Rahimi",False
per-028,5,Dr. Amir Hashemi,Collaboration Opportunity on Distributed ML Systems Research,"Dear Dr. Hashemi,

Congratulations on securing the national grant for advancing ML system architectures, which will surely boost research at Caspian Polytechnic University. Your mentorship of graduate students in the Software Engineering department, especially guiding projects on ML model deployment, is highly commendable. I noticed you recently presented your work on scalable machine learning pipelines at the 2024 Iranian Conference on Software Engineering in Tehran, which aligns closely with my current research interests. Having previously worked at Sharif University of Technology before joining Caspian Polytechnic University, your experience greatly enriches your current research group. I was particularly impressed by your recent paper on 'Optimizing Distributed ML Systems for Edge Computing' co-authored with Dr. Leila Moradi. I am reaching out to explore the possibility of collaborating on a joint workshop or co-authoring a review paper in this area. Would you be available for a brief call next week to discuss this further?",False
per-029,1,Dr. Julie Petit,Collaboration Opportunity on Edge Computing Research,"Dear Dr. Petit,

Congratulations on your recent paper 'Optimizing Distributed ML Systems for Edge Computing' co-authored with Dr. Marc Lefevre, which was well received at the NeurIPS 2023 workshop. I am currently leading a project focused on scalable machine learning frameworks for edge devices and believe your expertise would be invaluable. Would you be interested in discussing potential collaboration or co-authoring a follow-up study? Please let me know if you are available for a brief call next week.

Best regards,
Alexandre Dubois",False
per-029,3,Dr. Julie Petit,Invitation to Collaborate on Robust ML Systems Workshop,"Dear Dr. Petit,

Having previously worked at INRIA before joining Paris Digital Academy, your extensive experience in French research institutions is impressive. The recent grant you secured from the French National Research Agency for advancing ML system robustness highlights your leadership in the field. Congratulations as well on your recent paper 'Optimizing Distributed ML Systems for Edge Computing' co-authored with Dr. Marc Lefevre, which was well received at the NeurIPS 2023 workshop. I am organizing a virtual workshop on robust distributed ML systems and would be honored if you could join as a panelist or contribute a short talk. Please let me know if you are interested, and I can share further details.

Best regards,
Prof. Alain Moreau",False
per-029,5,Dr. Julie Petit,Collaboration Inquiry: Federated Learning Systems and Edge Computing,"Dear Dr. Petit,

Congratulations on your recent paper 'Optimizing Distributed ML Systems for Edge Computing' co-authored with Dr. Marc Lefevre, which was well received at the NeurIPS 2023 workshop. Your mentorship of PhD students at Paris Digital Academy, especially guiding projects on federated learning systems, is truly inspiring. Having previously worked at INRIA before joining Paris Digital Academy, your extensive experience in French research institutions is impressive. I also enjoyed your keynote presentation on scalable machine learning architectures at the 2023 European Conference on Machine Learning in Berlin. The recent grant you secured from the French National Research Agency for advancing ML system robustness highlights your leadership in the field.

I am currently organizing a special issue on robust federated learning for the Journal of Distributed AI and would be honored if you could contribute an invited article or serve as a guest reviewer. Please let me know if you are interested, and I can share further details.

Best regards,
Dr. Emilie Laurent",False
per-030,1,Dr. Ye-Jun Jung,Collaboration Opportunity in Machine Learning Education Research,"Dear Dr. Jung,

Your mentorship of undergraduate students in the advanced machine learning systems course at Busan Science College is commendable and inspiring. I am currently leading a research initiative focused on innovative pedagogical approaches in computer engineering, and I believe your insights would be invaluable. Would you be interested in co-authoring a paper or joining a virtual roundtable discussion on this topic? Please let me know if you are available to connect further.

Best regards,
Min-Seok Lee",False
per-030,3,Dr. Ye-Jun Jung,Collaboration Opportunity on Edge Computing Research,"Dear Dr. Jung,

I was truly impressed by your recent paper on 'Optimizing Distributed Machine Learning Systems for Edge Computing' presented at the 2023 Korean Conference on Artificial Intelligence. Congratulations as well on your upcoming workshop presentation at the 2024 International Symposium on Machine Learning Systems in Busan. Your mentorship of undergraduate students in the advanced machine learning systems course at Busan Science College is both commendable and inspiring. I am currently seeking collaborators for a special issue on edge computing and would greatly value your expertise. If you are interested, could we schedule a brief call to discuss potential collaboration?

Best regards,
Min-Jae Kim",False
per-030,5,Dr. Ye-Jun Jung,Collaboration Opportunity on Edge ML Systems Research,"Dear Dr. Jung,

I was impressed to learn about your recent grant from the Korean Ministry of Science and ICT for developing efficient ML algorithms for resource-constrained devices. Congratulations as well on your upcoming workshop presentation at the 2024 International Symposium on Machine Learning Systems in Busan. Your collaboration with Dr. Min-Soo Kim on scalable ML frameworks has certainly caught the attention of many in our field. I also admire your dedication to mentoring undergraduate students in the advanced machine learning systems course at Busan Science College. Having read your insightful paper on 'Optimizing Distributed Machine Learning Systems for Edge Computing' from the 2023 Korean Conference on Artificial Intelligence, I believe our research interests align closely, and I would like to discuss a potential joint project. Would you be available for a brief call next week to explore this further?

Best regards,
Soo-Yeon Park
Department of Computer Science
Fictional University",False
per-031,1,Dr. Oliver Cromwell,Collaboration Opportunity on ML System Optimization Research,"Dear Dr. Cromwell,

I noticed you recently presented your work on ML system optimization at the UK Machine Learning Symposium in London last month. I am currently coordinating a special issue on advanced optimization techniques in machine learning for the Journal of Information Science, and your expertise would be invaluable. Would you be interested in contributing a manuscript or serving as a peer reviewer? Please let me know if you would like more details about this opportunity.

Best regards,
Emily Turner",False
per-031,3,Dr. Oliver Cromwell,Invitation to Collaborate on Special Issue: Advances in ML System Optimization,"Dear Dr. Cromwell,

I was impressed by your recent presentation on ML system optimization at the UK Machine Learning Symposium in London last month. Congratulations as well on securing the UK Research Council grant for your project on robust ML pipelines for real-time data processing. Your collaboration with Dr. James Patel on adaptive resource allocation in distributed ML systems is making significant waves in the community. I am currently co-editing a special issue on this topic and would be delighted if you could contribute a paper or serve as a reviewer. Please let me know if you are interested, and I can share further details.

Best regards,
Dr. Emily Hart",False
per-031,5,Dr. Oliver Cromwell,Invitation to Collaborate on Federated Learning Workshop Panel,"Dear Dr. Cromwell,

I recently attended your presentation on ML system optimization at the UK Machine Learning Symposium in London and was truly impressed. Your paper on 'Scalable Federated Learning Architectures for Edge Devices' co-authored with Dr. Emily Shaw was particularly insightful, and I heard your graduate seminar on 'Efficient Model Deployment in Cloud Environments' at Bristol Institute was highly praised by students. Congratulations as well on securing the UK Research Council grant for robust ML pipelines—an outstanding achievement. Your collaboration with Dr. James Patel on adaptive resource allocation in distributed ML systems is also making a significant impact in our field. I am organizing a panel on federated learning for an upcoming workshop and would be honored if you could join as a speaker; could we schedule a brief call to discuss this opportunity further?

Best regards,
Prof. Laura Bennett",False
per-032,1,Dr. Sophie Dupont,Collaboration Inquiry on Neural Network Pruning Techniques,"Dear Dr. Dupont,

I recently came across your mentorship of PhD candidate Marie Verhoeven on adaptive neural network pruning techniques, which is clearly making an impact in the department. I am currently coordinating a collaborative research initiative focused on efficient deep learning models and believe your expertise would be invaluable. Would you be open to a brief call next week to discuss potential avenues for joint research?

Looking forward to your response.

Best regards,
Dr. Elena Fischer",False
per-032,3,Dr. Sophie Dupont,Collaboration Opportunity on Energy-Efficient ML Hardware,"Dear Dr. Dupont,

Having transitioned from your postdoctoral position at the University of Ghent to Leuven Computing Institute, your career trajectory in ML systems is impressive. Congratulations on securing the FWO grant for your project on energy-efficient ML hardware accelerators this year. Additionally, your mentorship of PhD candidate Marie Verhoeven on adaptive neural network pruning techniques is clearly making an impact in the department. I am currently organizing a workshop on sustainable AI hardware and would be delighted if you could join as a panelist or suggest collaborative avenues. Please let me know if you are interested, and I can share further details.

Best regards,
Dr. Anya Keller",False
per-032,5,Dr. Sophie Dupont,Collaboration Inquiry: Energy-Efficient ML Hardware Accelerators,"Dear Dr. Dupont,

Having transitioned from your postdoctoral position at the University of Ghent to Leuven Computing Institute, your career trajectory in ML systems is impressive. Congratulations on securing the FWO grant for your project on energy-efficient ML hardware accelerators this year. I noticed you recently presented your work on scalable machine learning architectures at the European Conference on Machine Learning in Berlin, which aligns closely with my current research interests. Your mentorship of PhD candidate Marie Verhoeven on adaptive neural network pruning techniques is clearly making an impact in the department, and your recent paper on 'Optimizing Distributed Training for Large-Scale ML Systems' co-authored with Pieter Janssens was a fascinating read. I am reaching out to explore the possibility of a collaborative project on efficient distributed ML; would you be open to a brief call next week to discuss potential synergies?

Best regards,
Dr. Alex Meyer
Technical University of Munich",False
per-033,1,Dr. Thomas Weber,Collaboration Opportunity on Energy-Efficient ML Systems,"Dear Dr. Weber,

We were impressed by your recent grant from the German Research Foundation supporting your work on energy-efficient machine learning systems for mobile devices. Our research group at the University of Amsterdam is organizing a special issue on sustainable AI for mobile platforms, and we believe your expertise would be invaluable. Would you be interested in contributing a paper or serving as a guest reviewer? Please let us know if you would like more details about this opportunity.

Best regards,
Prof. Anna Jansen",False
per-033,3,Dr. Thomas Weber,Invitation to Collaborate on Energy-Efficient AI Systems Workshop,"Dear Dr. Weber,

We noticed your collaboration with Dr. Anna Schmitt and Dr. Lukas Meier on scalable reinforcement learning frameworks, which has been gaining traction in the AI systems community. Congratulations on your keynote at the Berlin AI Symposium last month, where you highlighted challenges in deploying machine learning models in real-time environments. We were also impressed by your recent grant from the German Research Foundation supporting your work on energy-efficient machine learning systems for mobile devices. Given your expertise, we would like to invite you to join the program committee for our upcoming workshop on Sustainable AI at the European Conference on Machine Learning. If you are interested, please confirm your participation by replying to this email and we will share further details.

Best regards,
Prof. Elena Richter
Workshop Chair, ECML Sustainable AI",False
per-033,5,Dr. Thomas Weber,Invitation to Collaborate on Special Issue: Energy-Efficient ML Systems,"Dear Dr. Weber,

Your role as a mentor for the Berlin School of Computing’s graduate seminar on ML system architectures has been instrumental in shaping the next generation of AI researchers. We were particularly impressed by your recent grant from the German Research Foundation supporting your work on energy-efficient machine learning systems for mobile devices. Additionally, your collaboration with Dr. Anna Schmitt and Dr. Lukas Meier on scalable reinforcement learning frameworks has been gaining significant traction in the AI systems community. Congratulations on your keynote at the Berlin AI Symposium last month, where you insightfully addressed challenges in deploying machine learning models in real-time environments. Your recent paper on 'Optimizing Distributed ML Systems for Edge Computing' at ECML also caught our attention for its innovative approach to resource allocation.

We are currently organizing a special issue on energy-efficient ML systems for a leading journal and would be honored if you could contribute an article or serve as a guest reviewer. Please let us know if you are interested in participating.

Best regards,
Prof. Julia Reinhardt
Editorial Board, Journal of Advanced AI Systems",False
per-034,1,Dr. Tal Avraham,Collaboration Opportunity on Advanced ML Systems Research,"Dear Dr. Avraham,

Your mentorship of graduate students at Tel Aviv Institute of Technology, especially in the advanced ML systems seminar, is highly regarded among your peers. I am currently organizing a collaborative research initiative focused on scalable network architectures for machine learning applications and believe your expertise would be invaluable. Would you be interested in discussing potential joint projects or co-authoring a position paper? Please let me know if you are available for a brief call next week.

Best regards,
Prof. Daniel Weiss",False
per-034,3,Dr. Tal Avraham,Collaboration Opportunity on Adaptive Scheduling in Distributed ML Systems,"Dear Dr. Avraham,

I have been following your impactful work since your time at the Technion, particularly your foundational research on distributed machine learning frameworks. Your recent paper, 'Optimizing Distributed ML Workloads with Adaptive Scheduling' co-authored with Dr. Yael Cohen, has sparked significant interest in our ML systems group. Additionally, your mentorship of graduate students in the advanced ML systems seminar at Tel Aviv Institute of Technology is highly respected. I am reaching out to explore a potential collaboration on adaptive scheduling techniques for large-scale ML workloads. Would you be available for a brief call next week to discuss this further?

Best regards,
Prof. Daniel Weiss",False
per-034,5,Dr. Tal Avraham,Collaboration Inquiry: Adaptive Scheduling in Distributed ML Systems,"Dear Dr. Avraham,

Congratulations on securing the recent grant from the Israeli Science Foundation for your project on efficient resource allocation in cloud-based ML platforms. I have been following your impactful work since your time at the Technion, where your research on distributed machine learning frameworks set a strong foundation for your current endeavors at Tel Aviv Institute of Technology. Your recent paper on 'Optimizing Distributed ML Workloads with Adaptive Scheduling' co-authored with Dr. Yael Cohen has sparked significant interest in our group, and your mentorship of graduate students, particularly in the advanced ML systems seminar, is highly respected. I also noticed your insightful presentation on scalable neural network training at the 2024 International Conference on Machine Learning Systems in Berlin. I am reaching out to explore a potential collaboration on adaptive scheduling techniques—would you be open to a brief call next week to discuss possible synergies?

Best regards,
Prof. Daniel Weiss",False
per-035,1,Dr. Pedro Santos,Collaboration Opportunity in ML Systems Research,"Dear Dr. Santos,

Having collaborated extensively with 14 colleagues across Brazil, including Dr. Lucas Ferreira, your network in ML systems is impressively broad. I am currently organizing a special issue on scalable software engineering for machine learning systems and believe your expertise would be invaluable. Would you be interested in contributing a paper or serving as a reviewer? Please let me know if you would like more details about the call for papers.

Best regards,
Ana Ribeiro",False
per-035,3,Dr. Pedro Santos,Invitation to Collaborate on ML Systems Workshop Panel,"Dear Dr. Santos,

I have been following your impactful mentorship of graduate students in the ML systems track at Sao Paulo Technical Institute, which has greatly contributed to nurturing new talent in Brazil. Congratulations as well on securing the São Paulo Research Foundation grant for advancing ML system architectures in 2023. I also attended your insightful presentation on scalable machine learning pipelines at the 2023 Latin American Conference on Software Engineering in Rio de Janeiro. Given your expertise, I would like to invite you to join a panel discussion on emerging trends in ML systems at our upcoming international workshop. If you are interested, could you please reply with your availability?

Best regards,
Ana Ribeiro",False
per-035,5,Dr. Pedro Santos,Invitation to Collaborate on Special Issue: Advances in Distributed ML Systems,"Dear Dr. Santos,

I have been following your impactful work, especially your recent paper on 'Optimizing Distributed ML Systems for Edge Computing' with Dr. Mariana Oliveira, which has sparked significant discussion in our field. Your extensive collaborations across Brazil, notably with Dr. Lucas Ferreira, and your mentorship of graduate students at Sao Paulo Technical Institute, highlight your leadership in ML systems. I was particularly impressed by your presentation on scalable machine learning pipelines at the 2023 Latin American Conference on Software Engineering in Rio de Janeiro. Congratulations as well on securing the São Paulo Research Foundation grant last year. Given your expertise, I would like to invite you to contribute to a special issue on distributed ML systems; would you be interested in discussing a potential collaboration?

Best regards,
Prof. Ana Martins",False
per-036,1,Dr. Tariq Hassan,Collaboration Opportunity on Smart City ML Frameworks,"Dear Dr. Hassan,

Congratulations on securing the UAE National Research Foundation grant last year to develop efficient ML frameworks tailored for smart city applications. I am currently leading a research group at the University of Milan focusing on scalable AI solutions for urban environments, and I believe our interests strongly align. Would you be interested in discussing a potential joint project or co-authoring a paper on this topic? Please let me know if you are available for a brief call next week.

Best regards,
Prof. Luca Romano",False
per-036,3,Dr. Tariq Hassan,Collaboration Inquiry on Edge Computing and ML Systems,"Dear Dr. Hassan,

Your recent paper on 'Optimizing Distributed Machine Learning Systems for Edge Computing in the UAE' co-authored with Dr. Leila Al Mansouri was a fascinating read. I also noticed you collaborated closely with Dr. Faisal Al Nuaimi on your latest projects at Abu Dhabi Polytechnic, which must have been a great synergy for advancing ML systems. Additionally, I heard you recently mentored several graduate students in your advanced ML systems course at Abu Dhabi Polytechnic, which is impressive given your focused research output. I am currently organizing a special issue on edge computing in the Middle East and would be honored if you could review a manuscript or consider contributing your insights. Please let me know if you are interested, and I can share further details.

Best regards,
Amina Rahman
Department of Computer Science
Gulf Research Institute",False
per-036,5,Dr. Tariq Hassan,Collaboration Inquiry: Edge Computing & ML Systems in Smart Cities,"Dear Dr. Hassan,

I recently heard you mentored several graduate students in your advanced ML systems course at Abu Dhabi Polytechnic, which is impressive given your focused research output. Your recent paper on 'Optimizing Distributed Machine Learning Systems for Edge Computing in the UAE' co-authored with Dr. Leila Al Mansouri was a fascinating read, and your workshop presentation on scalable ML architectures at the Gulf AI Summit 2023 really highlighted emerging trends in the region. I also noticed your close collaboration with Dr. Faisal Al Nuaimi on your latest projects, which must have been a great synergy for advancing ML systems. Congratulations as well on securing the UAE National Research Foundation grant last year for smart city ML frameworks. I am currently organizing a special issue on edge-based ML for smart cities and would be honored if you could review a manuscript or consider contributing your insights—would you be interested?

Best regards,
Amina Rahman",False
per-037,1,Dr. Robert Kim,Collaboration Inquiry on Edge Computing Research,"Dear Dr. Kim,

Your recent paper on 'Optimizing Distributed ML Systems for Edge Computing' co-authored with Dr. Emily Zhang at the Pacific Institute of Technology was a fascinating read. I am currently exploring similar challenges in distributed machine learning and believe there is significant overlap in our research interests. Would you be open to discussing potential collaboration opportunities or sharing insights on your methodology? Please let me know if you are available for a brief call next week.

Best regards,
Alex Morgan",False
per-037,3,Dr. Robert Kim,Collaboration Opportunity on Edge Computing and ML Systems,"Dear Dr. Kim,

Your recent paper on 'Optimizing Distributed ML Systems for Edge Computing' co-authored with Dr. Emily Zhang at the Pacific Institute of Technology was a fascinating read. I also noticed you recently presented your work on scalable machine learning architectures at the IEEE International Conference on Machine Learning Systems last month. Congratulations on securing the NSF grant for your project on adaptive ML system frameworks, which is a significant achievement for the Computer Engineering department. I am currently organizing a special issue on advanced ML frameworks for edge environments and would be honored if you could contribute or serve as a reviewer. Please let me know if you are interested, and I can share further details.

Best regards,
Dr. Alex Morgan",False
per-037,5,Dr. Robert Kim,Collaboration Inquiry: Adaptive ML Systems Workshop Panel,"Dear Dr. Kim,

Having previously worked at the Silicon Valley AI Research Center, your transition to Pacific Institute of Technology has clearly enriched your research perspective in ML systems. Your recent paper on 'Optimizing Distributed ML Systems for Edge Computing' co-authored with Dr. Emily Zhang was a fascinating read, and congratulations on securing the NSF grant for your project on adaptive ML system frameworks—a significant achievement for your department. I also noticed your insightful presentation on scalable machine learning architectures at the IEEE International Conference on Machine Learning Systems last month. Additionally, your mentorship of graduate students in the ML systems lab has been highly praised. I am organizing a panel on adaptive ML systems for an upcoming workshop and would be honored if you could join as a speaker; could we schedule a brief call to discuss this opportunity further?",False
per-038,1,Dr. Lars Andersson,Collaboration Opportunity on Scalable Machine Learning Architectures,"Dear Dr. Andersson,

I noticed you presented the keynote on scalable machine learning architectures at the Nordic Conference on Machine Learning Systems last November, which greatly aligns with my current research interests. I am reaching out to explore the possibility of collaborating on a joint paper focusing on distributed learning frameworks. Would you be open to a brief call next week to discuss potential synergies?

Looking forward to your response.

Best regards,
Anna Nilsson",False
per-038,3,Dr. Lars Andersson,Invitation to Collaborate on Edge Computing Workshop,"Dear Dr. Andersson,

I recently heard that your graduate seminar on efficient ML model deployment strategies at Uppsala University was very well received by the students, and I was truly impressed. Your collaboration with Dr. Johan Lindberg on adaptive resource allocation in ML pipelines has also been gaining significant attention in the community. Additionally, your recent paper on 'Optimizing Distributed ML Systems for Edge Computing' co-authored with Karin Svensson at Uppsala Computing Center was a fascinating read. Given your expertise, I would like to invite you to join a panel discussion at our upcoming workshop on scalable edge ML systems. Would you be available for a brief call next week to discuss this opportunity further?

Best regards,
Anna Nilsson",False
per-038,5,Dr. Lars Andersson,Invitation to Collaborate on Special Issue: Energy-Efficient ML Systems,"Dear Dr. Andersson,

I was truly impressed by your keynote on scalable machine learning architectures at the Nordic Conference on Machine Learning Systems last November, and congratulations on securing the Swedish Research Council grant for your project on energy-efficient machine learning systems this year. Your collaboration with Dr. Johan Lindberg on adaptive resource allocation in ML pipelines has been gaining significant attention, and I also heard your graduate seminar on efficient ML model deployment strategies at Uppsala University was very well received. Additionally, your recent paper on 'Optimizing Distributed ML Systems for Edge Computing' with Karin Svensson was a fascinating read. Given your expertise, I would like to invite you to contribute to a special issue on energy-efficient ML systems in the Journal of Advanced Computing. Would you be interested in discussing a potential collaboration or submitting a manuscript?

Best regards,
Anna Nilsson
Guest Editor, Journal of Advanced Computing",False
per-039,1,Dr. Chloe Taylor,Potential Collaboration on Scalable Neural Network Architectures,"Dear Dr. Taylor,

I noticed you recently collaborated with Dr. Emily Chen on scalable neural network architectures, which aligns closely with my current project interests. I am currently seeking collaborators for a new research initiative focused on optimizing neural network scalability for edge computing applications. Would you be interested in discussing potential synergies between our work? Please let me know if you are available for a brief call next week.

Best regards,
Alex Morgan",False
per-039,3,Dr. Chloe Taylor,Collaboration Opportunity on Low-Latency ML for IoT Devices,"Dear Dr. Taylor,

I recently came across your impressive work after learning about your Australian Research Council grant focused on low-latency machine learning frameworks for IoT devices. Additionally, your collaboration with Dr. Emily Chen on scalable neural network architectures resonates strongly with the direction of my current research. I have also heard excellent feedback regarding your mentorship in the advanced ML systems course at Brisbane Science Academy. I am reaching out to explore the possibility of collaborating on a joint workshop or co-authoring a paper in this area. Would you be available for a brief call next week to discuss potential synergies?

Best regards,
Alex Morgan",False
per-039,5,Dr. Chloe Taylor,Collaboration Inquiry: Low-Latency ML Frameworks for IoT Devices,"Dear Dr. Taylor,

Congratulations on your keynote presentation at the 2024 Australasian Machine Learning Conference on efficient ML system design. I noticed you recently collaborated with Dr. Emily Chen on scalable neural network architectures, which aligns closely with my current project interests. I also saw that you recently received an Australian Research Council grant to develop low-latency machine learning frameworks for IoT devices—an area I am actively researching. Your recent paper on 'Optimizing Distributed ML Systems for Edge Computing' co-authored with Dr. Liam Nguyen was a fascinating read, and your mentorship of graduate students in the advanced ML systems course at Brisbane Science Academy has been highly praised by your department colleagues. I would be delighted to discuss potential collaboration opportunities or invite you to review a draft of my upcoming paper; would you be available for a brief call next week?

Best regards,
Alex Morgan",False
per-040,1,Dr. Trevor Beauchamp,Collaboration Inquiry: Distributed ML Systems for Edge Computing,"Dear Dr. Beauchamp,

I recently came across your paper on 'Optimizing Distributed ML Systems for Edge Computing' co-authored with Dr. Emily Chen, which has been gaining significant attention in the AI systems community. I am currently leading a project focused on scalable edge AI solutions and believe your expertise would be invaluable for a potential collaboration. Would you be open to a brief call next week to discuss possible synergies between our research groups?

Looking forward to your response.

Best regards,
Alex Morgan",False
per-040,3,Dr. Trevor Beauchamp,Collaboration Inquiry: Edge Computing and Scalable ML Architectures,"Dear Dr. Beauchamp,

I recently read your paper on 'Optimizing Distributed ML Systems for Edge Computing' co-authored with Dr. Emily Chen, and it has sparked significant discussion in our AI systems group. Congratulations as well on securing the NSERC Discovery Grant to further your research on efficient machine learning system design. I also attended your insightful presentation at the 2023 Canadian Conference on Artificial Intelligence regarding scalable machine learning architectures. I am currently organizing a special issue on edge AI for a leading journal and would be honored if you could contribute or suggest potential collaborators. Please let me know if you are interested, and I can share further details.

Best regards,
Dr. Alex Morgan",False
per-040,5,Dr. Trevor Beauchamp,Invitation to Collaborate on Special Issue: Advances in Distributed AI Systems,"Dear Dr. Beauchamp,

I was truly impressed by your recent paper on 'Optimizing Distributed ML Systems for Edge Computing' with Dr. Emily Chen, which has sparked significant discussion in the AI systems community. Your collaboration with Dr. Rajiv Singh from the University of Toronto on adaptive neural network training methods also highlights your strong Canadian research network. I also wanted to congratulate you on securing the recent NSERC Discovery Grant to further your work on efficient machine learning system design. Having heard about your mentorship of graduate students in the advanced ML systems course at Ontario Institute of Technology and your well-received presentation at the 2023 Canadian Conference on Artificial Intelligence, I believe your expertise would be invaluable for a special journal issue I am co-editing on advances in distributed AI systems. Would you be interested in contributing a paper or serving as a guest reviewer? Please let me know if you would like more details.",False
per-041,1,Dr. Ryo Sato,Collaboration Inquiry: Low-Latency ML Inference in Distributed Systems,"Dear Dr. Sato,

Congratulations on securing the Japan Society for the Promotion of Science grant for your project on low-latency ML inference in distributed environments. I am currently leading a research group at the University of Munich focusing on scalable network architectures for real-time machine learning applications, and I believe our interests strongly align. Would you be open to discussing potential collaboration opportunities or co-authoring a paper for the upcoming IEEE INFOCOM conference? Please let me know if you are available for a brief call next week.

Best regards,
Prof. Markus Klein",False
per-041,3,Dr. Ryo Sato,Invitation to Collaborate on Special Issue: Advances in Distributed ML Inference,"Dear Dr. Sato,

I recently came across your presentation on scalable neural network training at the 2023 International Conference on Machine Learning Systems in Tokyo and was truly impressed. Congratulations as well on securing the Japan Society for the Promotion of Science grant for your innovative project on low-latency ML inference in distributed environments. Your collaboration with Dr. Hiroshi Nakamura from Kyoto University on adaptive network protocols for ML workloads is particularly inspiring. I am currently co-editing a special issue on advances in distributed ML inference and would be honored if you could contribute a paper or serve as a reviewer. Please let me know if you are interested, and I can share further details.

Best regards,

Prof. Emily Chen
Department of Computer Science
Global Research University",False
per-041,5,Dr. Ryo Sato,Invitation to Collaborate on Special Issue: Distributed ML Systems,"Dear Dr. Sato,

I have been following your impressive collaboration with Dr. Hiroshi Nakamura from Kyoto University on adaptive network protocols for ML workloads, and I recently heard about the popularity of your advanced seminar on 'Efficient ML Systems Design' at Osaka Advanced Institute. Your presentation on scalable neural network training at the 2023 International Conference on Machine Learning Systems in Tokyo was particularly insightful. Congratulations as well on securing the Japan Society for the Promotion of Science grant for your project on low-latency ML inference in distributed environments. Additionally, your recent paper on 'Optimizing Distributed ML Systems for Edge Computing' with Dr. Keiko Tanaka has sparked significant interest in our editorial board. We are currently organizing a special issue on distributed ML systems and would be honored if you could contribute or serve as a guest reviewer. Please let me know if you are interested, and I can share further details.

Best regards,
Prof. Emily Chen
Guest Editor, Journal of Advanced Computing",False
per-042,1,Dr. Katri Saar,Collaboration Opportunity on Scalable Model Deployment,"Dear Dr. Saar,

I noticed you recently collaborated with Maarika Lepp on scalable model deployment techniques at the Baltic Science Academy, which aligns closely with my current research interests. I am organizing a special issue on advanced deployment strategies for distributed systems and would be delighted if you could contribute your expertise. Would you be interested in discussing potential collaboration or submitting a manuscript? Please let me know if you are available for a brief call next week.

Best regards,
Anna Vaher",False
per-042,3,Dr. Katri Saar,Collaboration Opportunity on Distributed ML Systems,"Dear Dr. Saar,

I was truly impressed by the recent grant you received from the Estonian Research Council for advancing ML infrastructure in distributed environments. Your recent paper on 'Optimizing Distributed ML Systems for Edge Computing' co-authored with Jaan Tamm has sparked significant interest in the Baltic ML community. Additionally, I noticed your collaboration with Maarika Lepp on scalable model deployment techniques at the Baltic Science Academy. I am currently organizing a workshop on distributed ML optimization and would be honored if you could join as a panelist or contribute a short talk. Could we schedule a brief call to discuss this further?

Best regards,
Anna Petrov",False
per-042,5,Dr. Katri Saar,Collaboration Opportunity on Distributed ML Systems Research,"Dear Dr. Saar,

I recently came across your collaboration with Maarika Lepp on scalable model deployment techniques at the Baltic Science Academy, and I was truly impressed by your innovative approach. Congratulations as well on your upcoming workshop presentation at the Estonian Software Engineering Conference focusing on ML system reliability. Your recent grant from the Estonian Research Council for advancing ML infrastructure in distributed environments is a testament to your leadership in the field. Additionally, your paper on 'Optimizing Distributed ML Systems for Edge Computing' with Jaan Tamm has sparked significant discussion in the Baltic ML community. As someone who admires your mentorship of graduate students at the Baltic Science Academy, I would be honored to discuss a potential research collaboration on distributed ML optimization. Would you be available for a brief call next week to explore this further?

Best regards,
Anna Kivisild",False
per-043,1,Dr. Arjun Mehta,Invitation to Collaborate on Adaptive ML Systems Research,"Dear Dr. Mehta,

I was impressed by your keynote at the Bengaluru AI Summit last month on adaptive ML system design, which was very well received by the community. I am currently coordinating a special issue on scalable adaptive machine learning frameworks for the Journal of Advanced Computing, and I believe your expertise would be invaluable. Would you be interested in contributing a paper or serving as a guest reviewer? Please let me know if you would like more details about this opportunity.

Best regards,
Priya Sharma",False
per-043,3,Dr. Arjun Mehta,Invitation to Collaborate on Edge ML Systems Workshop,"Dear Dr. Mehta,

Congratulations on your recent paper 'Optimizing Distributed ML Systems for Edge Computing' published in the Journal of Machine Learning Systems; it offers great insights into scalable architectures. I also enjoyed your collaboration with Dr. Priya Nair at the NeurIPS India workshop on resource-efficient ML pipelines. As a faculty member at Bengaluru Institute of Science, your mentorship of graduate students in ML systems has been instrumental in their research development. I am organizing a virtual workshop on advancements in edge ML systems and would be honored if you could join as a panelist or reviewer. Please let me know if you are interested, and I can share further details.

Best regards,
Ananya Rao",False
per-043,5,Dr. Arjun Mehta,Invitation to Collaborate on Adaptive ML System Design Workshop,"Dear Dr. Mehta,

I was truly impressed by your keynote at the Bengaluru AI Summit last month on adaptive ML system design, which resonated strongly within our community. I also noticed your recent success in securing a grant from the Indian Department of Science and Technology to advance ML system frameworks for real-time analytics—congratulations! Your mentorship of graduate students at Bengaluru Institute of Science has clearly been instrumental in their research development. I recently read your paper 'Optimizing Distributed ML Systems for Edge Computing' in the Journal of Machine Learning Systems and found your insights into scalable architectures invaluable. Additionally, your collaboration with Dr. Priya Nair at the NeurIPS India workshop on resource-efficient ML pipelines was particularly inspiring. I am organizing a virtual workshop on adaptive and resource-efficient ML systems and would be honored if you could join as a panelist or co-organizer. Please let me know if you are interested, and I can share further details.

Best regards,
Dr. Kavita Rao",False
per-044,1,Dr. Siew Mei Chong,Collaboration Opportunity on Edge Computing Research,"Dear Dr. Chong,

Congratulations on your recent paper 'Optimizing Distributed ML Systems for Edge Computing' co-authored with Dr. Wei Jun Tan, which was well received at the International Conference on Machine Learning Systems last month. I am currently leading a project focused on scalable edge computing solutions and believe your expertise would be invaluable. Would you be interested in discussing potential collaboration or co-authoring a follow-up study? Please let me know if you are available for a brief call next week.

Best regards,
Prof. Adrian Lim",False
per-044,3,Dr. Siew Mei Chong,Collaboration Opportunity on Distributed ML Systems Research,"Dear Dr. Chong,

I am truly impressed by how you balance your teaching responsibilities at Nanyang Technical College while mentoring over 10 graduate students in advanced ML systems projects. Your keynote presentation on 'Efficient Resource Allocation in ML Systems' at the Asia-Pacific Workshop on Machine Learning Systems was particularly insightful for emerging researchers like myself. Congratulations as well on your recent paper 'Optimizing Distributed ML Systems for Edge Computing' with Dr. Wei Jun Tan, which received great feedback at the International Conference on Machine Learning Systems last month. I am currently coordinating a special issue on distributed ML systems for the Journal of Advanced Computing and would be honored if you could contribute or serve as a reviewer. If interested, please let me know and I will share further details.

Best regards,
Prof. Adrian Lim",False
per-044,5,Dr. Siew Mei Chong,Invitation to Collaborate on Special Issue: Edge Computing in ML Systems,"Dear Dr. Chong,

Congratulations on your recent paper 'Optimizing Distributed ML Systems for Edge Computing' co-authored with Dr. Wei Jun Tan, which was well received at the International Conference on Machine Learning Systems last month. It's impressive how you balance your teaching responsibilities at Nanyang Technical College while mentoring over 10 graduate students in advanced ML systems projects. Your keynote presentation on 'Efficient Resource Allocation in ML Systems' at the Asia-Pacific Workshop on Machine Learning Systems was truly insightful for emerging researchers. The recent grant you secured from the Singapore Ministry of Education for developing low-latency ML frameworks highlights your leadership in the field. I also noticed your collaboration with Dr. Anika Lim on scalable neural network architectures has been gaining traction in Singapore's AI research community.

Given your expertise, I would like to invite you to contribute a review article to our upcoming special issue on Edge Computing in ML Systems for the Journal of Advanced Computing. Please let me know if you are interested, and I can share further details.

Best regards,
Prof. Adrian Lee
Guest Editor, Journal of Advanced Computing",False
per-045,1,Dr. Sven Visser,Collaboration Opportunity on Scalable Model Training Techniques,"Dear Dr. Visser,

I noticed you recently collaborated with Pieter van Dijk on scalable model training techniques, which aligns closely with ongoing projects at Rotterdam Digital College. I am currently organizing a special issue on advanced model training strategies and believe your expertise would be a valuable addition. Would you be interested in contributing a paper or serving as a reviewer? Please let me know if you would like more details about this opportunity.

Best regards,
Anna de Jong",False
per-045,3,Dr. Sven Visser,Invitation to Collaborate on Adaptive Learning Rate Algorithms Workshop,"Dear Dr. Visser,

I was impressed to see your recent collaboration with Pieter van Dijk on scalable model training techniques, which aligns closely with ongoing projects at Rotterdam Digital College. Your mentorship of graduate students in the ML systems track, particularly your recent seminar series on model interpretability, has set a high standard in the field. Additionally, congratulations on securing the grant from the Netherlands Organization for Scientific Research to explore adaptive learning rate algorithms in distributed environments. I am organizing a workshop on this topic and would be honored if you could join as a panelist or reviewer. Please let me know if you are interested and I can share further details.

Best regards,
Anna Jansen",False
per-045,5,Dr. Sven Visser,Invitation to Collaborate on Adaptive Learning Rate Algorithms Workshop,"Dear Dr. Visser,

I have been following your mentorship of graduate students in the ML systems track at Rotterdam Digital College, particularly your recent seminar series on model interpretability. Your collaboration with Pieter van Dijk on scalable model training techniques and your recent grant from the Netherlands Organization for Scientific Research to explore adaptive learning rate algorithms in distributed environments are both highly relevant to our current research. I was especially impressed by your paper on 'Optimizing Distributed ML Systems for Edge Computing' with Marijke de Jong at the European Conference on Machine Learning, as well as your keynote at the Dutch Symposium on Information Science regarding fault-tolerant ML architectures. Given these synergies, I would like to invite you to co-organize a workshop on adaptive learning rate algorithms in distributed ML systems. If you are interested, could we schedule a brief call next week to discuss potential collaboration?

Best regards,
Dr. Anna Müller",False
per-046,1,Dr. Chidi Okonkwo,Collaboration Opportunity on Energy-Efficient Neural Networks,"Dear Dr. Okonkwo,

Congratulations on securing the Lagos Metropolitan University Research Grant for your project on energy-efficient neural network deployment in embedded systems. I am currently leading a research group at the University of Pretoria focusing on similar topics, and I believe there is significant potential for collaboration between our teams. Would you be interested in discussing a joint research proposal or co-authoring a paper for the upcoming IEEE AfricaCon? Please let me know your availability for a brief call next week.

Best regards,
Prof. Thabo Maseko",False
per-046,3,Dr. Chidi Okonkwo,Collaboration Opportunity on Federated Learning and Embedded Systems,"Dear Dr. Okonkwo,

I was impressed by your recent presentation on scalable federated learning architectures at the 2024 African Conference on Machine Learning in Nairobi. Your mentorship of graduate students in the Advanced Machine Learning Systems course at Lagos Metropolitan University is highly regarded, and congratulations on securing the LMU Research Grant for your project on energy-efficient neural network deployment in embedded systems. I am currently coordinating a special issue on federated learning for embedded devices and would be honored if you could contribute a paper or serve as a reviewer. Please let me know if you are interested in participating.

Best regards,
Prof. Amina Bello",False
per-046,5,Dr. Chidi Okonkwo,Collaboration Opportunity on Edge AI and Federated Learning Initiatives,"Dear Dr. Okonkwo,

I have been following your impressive work since your transition from the University of Ibadan to Lagos Metropolitan University, particularly your research on distributed ML frameworks. Congratulations on securing the LMU Research Grant for your project on energy-efficient neural network deployment in embedded systems. I was especially interested in your recent presentation on scalable federated learning architectures at the 2024 African Conference on Machine Learning in Nairobi, as well as your impactful paper on 'Optimizing Edge AI Inference for Low-Power IoT Devices' with Dr. Amina Bello. Your mentorship in the Advanced Machine Learning Systems course is also highly regarded. I am reaching out to explore a potential collaboration on a special issue focused on federated learning for IoT—would you be interested in discussing this further?

Best regards,
Prof. Samuel Mensah
University of Ghana",False
per-047,1,Dr. Nasrin Hosseini,Collaboration Opportunity in Machine Learning Systems Research,"Dear Dr. Hosseini,

Your mentorship of graduate students at the Tehran Institute of Advanced Study, especially in the AI department’s new ML systems course, is inspiring for emerging researchers in the field. I am currently organizing a collaborative research initiative focused on scalable machine learning architectures and would greatly value your expertise. Would you be interested in discussing potential joint projects or co-authoring a paper in this area? Please let me know if you are available for a brief call next week.

Best regards,
Sara Moradi",False
per-047,3,Dr. Nasrin Hosseini,Collaboration Opportunity on Scalable AI Architectures,"Dear Dr. Hosseini,

I have been following your mentorship of graduate students at the Tehran Institute of Advanced Study, particularly your leadership in the AI department’s new ML systems course, which is truly inspiring for emerging researchers. I also noticed your recent presentation at the International Conference on Machine Learning Systems in Tehran, where your workshop on federated learning frameworks received excellent feedback. Additionally, your recent paper on 'Optimizing Distributed Machine Learning Systems for Edge Computing' co-authored with Dr. Amir Rezaei was a fascinating read and aligns closely with our current project on scalable AI architectures. I would be delighted to discuss potential collaboration opportunities or invite you to review our upcoming manuscript. Would you be available for a brief call next week to explore this further?",False
per-047,5,Dr. Nasrin Hosseini,Collaboration Opportunity on Scalable AI Architectures,"Dear Dr. Hosseini,

Given your extensive collaboration with 15 colleagues across Iran, including Dr. Leila Farhadi, your network in advancing ML systems is truly impressive. Congratulations on securing the recent national grant for your project on energy-efficient machine learning models, which is a critical area for sustainable AI development in Iran. Your recent paper on 'Optimizing Distributed Machine Learning Systems for Edge Computing' co-authored with Dr. Amir Rezaei was a fascinating read and aligns closely with our current project on scalable AI architectures. I also noticed your well-received workshop on federated learning frameworks at the International Conference on Machine Learning Systems in Tehran. Your mentorship of graduate students at the Tehran Institute of Advanced Study, especially in the AI department’s new ML systems course, is inspiring.

We are currently seeking expert reviewers for an upcoming special issue on distributed AI systems and would greatly value your insights. Would you be interested in joining our review panel? Please let me know if you would like more details.

Best regards,
Sara Moradi
Research Coordinator, Global AI Systems Initiative",False
per-048,1,Dr. Antoine Moreau,Collaboration Opportunity on ML Pipelines in Constrained Networks,"Dear Dr. Moreau,

I heard you recently mentored several graduate students at Marseille Science University on deploying efficient ML pipelines in constrained network environments. I am currently organizing a special issue on this topic for the Journal of Network Systems and would be delighted if you could contribute your expertise, either as a co-author or a reviewer. If you are interested, could we schedule a brief call to discuss potential collaboration?

Best regards,
Sophie Lambert",False
per-048,3,Dr. Antoine Moreau,Collaboration Opportunity on Energy-Efficient ML in Distributed Networks,"Dear Dr. Moreau,

I recently heard you mentored several graduate students at Marseille Science University on deploying efficient ML pipelines in constrained network environments, which aligns closely with my current research. Congratulations as well on securing the 2023 French National Research Grant for your project on energy-efficient machine learning systems in distributed networks. I also noticed your insightful presentation on scalable machine learning architectures at the 2023 European Conference on Network Systems in Berlin last fall. I am organizing a collaborative workshop on sustainable ML in distributed systems and would be honored if you could join as a panelist or share your recent findings. Could we schedule a brief call to discuss this potential collaboration?

Best regards,
Sophie Lambert",False
per-048,5,Dr. Antoine Moreau,Invitation to Collaborate on Edge ML Workshop Initiative,"Dear Dr. Moreau,

I recently heard about your mentorship of graduate students at Marseille Science University, particularly regarding efficient ML pipelines in constrained network environments, which aligns closely with our current research focus. Your recent paper on 'Optimizing Distributed ML Systems for Edge Computing' with Dr. Camille Lefevre has sparked significant discussion in our network systems group. Congratulations as well on securing the 2023 French National Research Grant for your innovative project on energy-efficient machine learning systems in distributed networks. Your collaborations with Dr. Julien Dubois and Dr. Sophie Martin on adaptive resource allocation have been particularly inspiring, and I was impressed by your presentation on scalable ML architectures at the 2023 European Conference on Network Systems in Berlin. Given these synergies, I would like to invite you to join a panel for an upcoming workshop on edge ML systems—would you be interested in discussing this further?

Best regards,
Prof. Laura Schmidt
Technical University of Munich",False
per-049,1,Dr. Min-Jun Kang,Invitation to Collaborate on Practical ML System Design Workshop,"Dear Dr. Kang,

As a mentor for graduate students in the Software Engineering department, your guidance on practical ML system design is clearly impactful. I am organizing a virtual workshop focused on bridging theory and practice in machine learning systems, and I believe your expertise would greatly benefit our participants. Would you be interested in joining as a panelist or sharing your insights in a short talk? Please let me know if you are available to discuss further details.

Best regards,
Soo-Yeon Park
Workshop Coordinator",False
per-049,3,Dr. Min-Jun Kang,Invitation to Collaborate on Edge Computing Workshop Panel,"Dear Dr. Kang,

Congratulations on securing the 2023 Korea Science and Engineering Foundation grant for your project on efficient ML system architectures. I was particularly impressed by your collaboration with Dr. Hyun-woo Kim on adaptive resource allocation in ML pipelines, which demonstrates your strong teamwork within Hanseong Advanced Institute of Technology. Additionally, your recent paper on 'Optimizing Distributed ML Systems for Edge Computing' with Dr. Soo-jin Lee has been gaining significant attention in the software engineering community. I am organizing a panel on next-generation edge computing at the upcoming Asia-Pacific Software Engineering Workshop and would be honored if you could join as a speaker or reviewer. Please let me know if you are interested, and I can share further details.

Best regards,
Prof. Ji-hoon Park
Workshop Coordinator",False
per-049,5,Dr. Min-Jun Kang,Invitation to Collaborate on Special Issue: Advances in ML System Architectures,"Dear Dr. Kang,

I was impressed by your collaboration with Dr. Hyun-woo Kim on adaptive resource allocation in ML pipelines, which truly showcases your strong teamwork at Hanseong Advanced Institute of Technology. Congratulations as well on securing the 2023 Korea Science and Engineering Foundation grant for your project on efficient ML system architectures. Your recent paper on 'Optimizing Distributed ML Systems for Edge Computing' with Dr. Soo-jin Lee has been widely discussed in the software engineering community. I also noted your well-received workshop on scalable model deployment at the 2024 International Conference on Machine Learning Systems in Seoul. As a mentor for graduate students in Software Engineering, your practical guidance is highly respected. I am currently guest editing a special issue on advances in ML system architectures and would be honored if you could contribute a manuscript or serve as a reviewer. Please let me know if you are interested in participating.

Best regards,
Prof. Jae-Hyun Park",False
per-050,1,Dr. Emma Radcliffe,Collaboration Opportunity on Edge Computing Research,"Dear Dr. Radcliffe,

Congratulations on your recent paper 'Optimizing Distributed ML Systems for Edge Computing' co-authored with Dr. Liam Foster at York Metropolitan University. I am currently leading a project focused on scalable edge computing solutions and believe your expertise would be invaluable. Would you be interested in discussing potential collaboration or co-authoring a workshop proposal for the upcoming IEEE Edge Symposium? Please let me know if you are available for a brief call next week.

Best regards,
Dr. Alex Morgan",False
per-050,3,Dr. Emma Radcliffe,Invitation to Collaborate on Workshop: Energy-Efficient ML Systems,"Dear Dr. Radcliffe,

I recently learned that your advanced ML systems course at York Met has been highly praised by students for its hands-on approach and real-world projects. It's also impressive that your recent EPSRC grant on energy-efficient machine learning infrastructure was awarded this year. Additionally, your collaboration with Dr. Sophie Bennett on adaptive resource allocation in ML clusters is making significant waves in the community. Given your expertise, I would like to invite you to co-organize a workshop on sustainable ML infrastructure at our upcoming symposium. Would you be available for a brief call next week to discuss this opportunity?

Best regards,
Alex Turner",False
per-050,5,Dr. Emma Radcliffe,Invitation to Collaborate on Special Issue: Energy-Efficient ML Systems,"Dear Dr. Radcliffe,

I recently heard that your advanced ML systems course at York Met has been highly praised by students for its hands-on approach and real-world projects. Congratulations as well on your recent paper, 'Optimizing Distributed ML Systems for Edge Computing,' co-authored with Dr. Liam Foster—it's an excellent contribution. Your recent EPSRC grant on energy-efficient machine learning infrastructure is truly impressive, and I thoroughly enjoyed your keynote on scalable machine learning architectures at the UK ML Systems Symposium last month. Additionally, your collaboration with Dr. Sophie Bennett on adaptive resource allocation in ML clusters is making significant waves in the community. Given your expertise, I would like to invite you to contribute to a special issue on energy-efficient ML systems; would you be interested in discussing potential topics or co-editing? Please let me know if you are available for a brief call next week to explore this further.",False
per-051,1,Dr. Luc Devos,Collaboration Inquiry on Domain Adaptation Techniques,"Dear Dr. Devos,

Congratulations on your keynote at the Ghent NLP Workshop last November, where you highlighted advances in domain adaptation techniques. I am currently leading a research initiative focused on cross-lingual transfer in neural networks and believe your expertise would be invaluable. Would you be interested in discussing potential collaboration or co-authoring a paper on this topic? Please let me know if you are available for a brief call next week.

Best regards,
Anna Vermeer",False
per-051,3,Dr. Luc Devos,Collaboration Opportunity on Low-Resource Language Processing,"Dear Dr. Devos,

I have been following your impactful work, especially your role mentoring master’s students in the Computational Linguistics course at Ghent Technical Academy, which has clearly contributed to your department’s growing reputation. I was also impressed by your recent grant from the Flemish Research Foundation supporting your project on low-resource language processing in Belgian dialects. Your paper on 'Context-Aware Transformer Models for Low-Resource Languages' at the 2023 European Conference on Natural Language Processing was particularly insightful. I am currently organizing a collaborative workshop on advances in low-resource NLP and would be honored if you could join as a panelist or suggest potential topics. Please let me know if you are interested, and I can share further details.

Best regards,
Sophie Janssen",False
per-051,5,Dr. Luc Devos,Invitation to Collaborate on Multilingual NLP Workshop Panel,"Dear Dr. Devos,

I have been following your impressive work, particularly your recent grant from the Flemish Research Foundation supporting low-resource language processing in Belgian dialects. Your collaboration with Dr. Sofie Janssens and Dr. Pieter Claes on multilingual sentiment analysis is making a significant impact in the Belgian NLP community. I found your paper on 'Context-Aware Transformer Models for Low-Resource Languages' at the 2023 European Conference on Natural Language Processing especially insightful. Your mentorship of master’s students in the Computational Linguistics course at Ghent Technical Academy and your keynote at the Ghent NLP Workshop last November have both contributed greatly to the field. I am organizing a panel on domain adaptation in multilingual NLP for an upcoming workshop and would be honored if you could join as a panelist. Could you please let me know your availability for a brief call to discuss this opportunity further?

Best regards,
Anna Vermeer",False
per-052,1,Dr. Laura Klein,Collaboration Inquiry on Multilingual NLP Models,"Dear Dr. Klein,

I recently read your paper 'Contextual Embeddings for Low-Resource Languages' co-authored with Dr. Markus Vogel, which offers fascinating insights into multilingual NLP models. I am currently exploring similar approaches for underrepresented European languages and believe our research interests align closely. Would you be open to discussing potential collaboration opportunities or sharing your perspectives on extending these models? Please let me know if you are available for a brief call next week.

Best regards,
Prof. Anna Richter
Department of Computational Linguistics
University of Vienna",False
per-052,3,Dr. Laura Klein,Invitation to Collaborate on Cross-Lingual NLP Workshop,"Dear Dr. Klein,

I was truly impressed by your recent collaboration with Dr. Anja Schmidt on neural machine translation models, which has been gaining significant attention in the German NLP community. Congratulations as well on your keynote presentation at the 2024 German Conference on Computational Linguistics, where your insights into transformer architectures for semantic parsing were particularly inspiring. It's also remarkable that your project on cross-lingual information extraction recently received DFG funding. Given your expertise, I would like to invite you to join a collaborative workshop on multilingual NLP advancements. If you are interested, could you please reply with your availability for a brief planning call next week?

Best regards,
Prof. Markus Weber",False
per-052,5,Dr. Laura Klein,Invitation to Collaborate on Multilingual NLP Workshop Panel,"Dear Dr. Klein,

I have been following your recent collaboration with Dr. Anja Schmidt on neural machine translation models, which has been gaining significant attention in the German NLP community. Congratulations as well on your keynote presentation at the 2024 German Conference on Computational Linguistics, where your insights into transformer architectures for semantic parsing were truly inspiring. I recently read your paper 'Contextual Embeddings for Low-Resource Languages' with Dr. Markus Vogel and found your approach to multilingual NLP models particularly relevant to my current work. I also noticed your mentorship of graduate students at Rhine Technical University focusing on dialogue systems, an area that closely aligns with my research interests. It's impressive that your project on cross-lingual information extraction recently received DFG funding.

Given these shared interests, I would like to invite you to join a panel discussion on multilingual NLP at our upcoming workshop. Would you be available for a brief call next week to discuss this opportunity further?",False
per-053,1,Dr. Yossi Mizrahi,Collaboration Opportunity on Transformer Architectures,"Dear Dr. Mizrahi,

I admire your dedication to mentoring graduate students in your advanced NLP course at Haifa Research University, especially your recent workshop on transformer architectures. I am currently organizing a special issue on cutting-edge developments in transformer models and believe your expertise would be invaluable. Would you be interested in contributing a paper or serving as a guest reviewer? Please let me know if you would like more details about this opportunity.

Best regards,
Prof. Daniel Levin",False
per-053,3,Dr. Yossi Mizrahi,Invitation to Collaborate on Multilingual NLP Workshop Initiative,"Dear Dr. Mizrahi,

I was truly impressed by the recent grant you received from the Israel Science Foundation for your project on multilingual language models for underrepresented languages—a testament to your impactful research. Your keynote on 'Advances in Neural Machine Translation for Semitic Languages' at the 2023 Israeli NLP Symposium was particularly insightful for emerging researchers like myself. Additionally, congratulations on your recent paper 'Contextual Embeddings for Low-Resource Hebrew Dialects' in the Journal of Computational Linguistics, which has been gaining well-deserved attention. I am currently organizing a workshop focused on innovative approaches to low-resource language processing and would be honored if you could join as a panelist or collaborator. Please let me know if you would be interested in discussing this further.

Best regards,
Dr. Maya Levin
Department of Computer Science
Tel Aviv Institute of Technology",False
per-053,5,Dr. Yossi Mizrahi,Collaboration Opportunity on Multilingual NLP for Underrepresented Languages,"Dear Dr. Mizrahi,

I was truly impressed by the recent grant you received from the Israel Science Foundation for your project on multilingual language models for underrepresented languages—a testament to your impactful research. Your keynote on 'Advances in Neural Machine Translation for Semitic Languages' at the 2023 Israeli NLP Symposium was particularly insightful for emerging researchers like myself. I also noticed your fruitful collaboration with Dr. Tamar Cohen from Tel Aviv University on sentiment analysis in social media texts, presented at ACL 2023. Your dedication to mentoring graduate students in your advanced NLP course at Haifa Research University, especially your recent workshop on transformer architectures, is admirable. Congratulations as well on your recent paper 'Contextual Embeddings for Low-Resource Hebrew Dialects' in the Journal of Computational Linguistics, which has been gaining well-deserved attention.

I am currently organizing a special issue on multilingual NLP for low-resource languages and would be honored if you could contribute a paper or serve as a reviewer. Please let me know if you are interested, and I can share further details.

Best regards,
Dr. Maya Levin",False
per-054,1,Dr. Beatriz Lima,Collaboration Opportunity on NLP for Indigenous Languages,"Dear Dr. Lima,

I saw that you recently received a grant from the Brazilian National Council for Scientific and Technological Development to advance NLP tools for indigenous languages. I am currently coordinating a special issue on underrepresented languages in AI and believe your expertise would be invaluable. Would you be interested in contributing a paper or serving as a reviewer? Please let me know if you would like more details about this opportunity.

Best regards,
Ana Martins",False
per-054,3,Dr. Beatriz Lima,Invitation to Collaborate on Multilingual NLP Workshop,"Dear Dr. Lima,

I was impressed to see that you recently received a grant from the Brazilian National Council for Scientific and Technological Development to advance NLP tools for indigenous languages. Additionally, your collaboration with Dr. Mariana Alves and Dr. João Pereira on multilingual NLP models tailored for Latin American dialects aligns closely with our current research interests. Your recent paper on 'Contextual Embeddings for Brazilian Portuguese Sentiment Analysis' co-authored with Dr. Felipe Souza has also been gaining significant attention in the NLP community. I am organizing a workshop on multilingual NLP and would be honored if you could join as a panelist or contribute a short paper. Please let me know if you are interested, and I can share further details.

Best regards,
Prof. Ana Martins",False
per-054,5,Dr. Beatriz Lima,Collaboration Opportunity on Multilingual NLP for Latin America,"Dear Dr. Lima,

I have been following your impressive work, especially your recent collaboration with Dr. Mariana Alves and Dr. João Pereira on multilingual NLP models tailored for Latin American dialects. Your paper on 'Contextual Embeddings for Brazilian Portuguese Sentiment Analysis' with Dr. Felipe Souza has sparked significant discussion in the NLP community. I also wanted to congratulate you on your recent grant from the Brazilian National Council for Scientific and Technological Development to advance NLP tools for indigenous languages, as well as your insightful presentation at the 2023 Latin American Conference on Computational Linguistics in São Paulo. Your mentorship of graduate students at Rio Digital University, particularly in the NLP lab, is truly inspiring. I am organizing a workshop on low-resource language processing and would be honored if you could join as a panelist or suggest potential collaborative topics—would you be interested in discussing this further?

Best regards,
Dr. Ana Torres",False
per-055,1,Dr. Khalid Al Suwaidi,Collaboration Opportunity on Gulf Arabic Social Media Analysis,"Dear Dr. Al Suwaidi,

I noticed you recently collaborated with Dr. Saeed Al Hammadi on improving sentiment analysis for Gulf Arabic social media texts. I am currently organizing a workshop focused on advanced NLP techniques for regional dialects and believe your expertise would be invaluable. Would you be interested in joining our program committee or contributing a short talk? Please let me know if you are available to discuss further.

Best regards,
Amina Rahman",False
per-055,3,Dr. Khalid Al Suwaidi,Invitation to Collaborate on Multilingual NLP Workshop,"Dear Dr. Al Suwaidi,

Your recent paper on 'Arabic Dialect Identification Using Transformer Models' co-authored with Dr. Fatima Al Mansouri was a fascinating contribution to the NLP community. I am also impressed by your ongoing mentorship of graduate students at Gulf University of Science and Technology, especially in neural language modeling. Congratulations on your keynote presentation at the 2023 Middle East NLP Symposium held in Dubai last November. I am organizing a workshop on Multilingual NLP Innovations and would be honored if you could join our program committee or consider a collaborative submission. Please let me know if you are interested, and I can share further details.

Best regards,
Dr. Samira Rahman",False
per-055,5,Dr. Khalid Al Suwaidi,Invitation to Collaborate on Low-Resource Arabic NLP Workshop,"Dear Dr. Al Suwaidi,

I was truly impressed by your recent collaboration with Dr. Saeed Al Hammadi on sentiment analysis for Gulf Arabic social media texts, as well as your significant achievement in securing the UAE Research Program for Advanced Technologies grant for low-resource Arabic NLP tools. Congratulations also on your keynote at the 2023 Middle East NLP Symposium in Dubai last November. Your mentorship of graduate students at Gulf University of Science and Technology, particularly in neural language modeling, is highly commendable. Additionally, your recent paper on 'Arabic Dialect Identification Using Transformer Models' with Dr. Fatima Al Mansouri was a fascinating read. I am organizing a workshop on advances in low-resource Arabic NLP and would be honored if you could join as a panelist or collaborator. Please let me know if you are interested, and I can share further details.

Best regards,
Dr. Lina Rahman
Department of Computational Linguistics
",False
per-056,1,Dr. Brian Reeves,Collaboration Opportunity on NLP in Software Engineering,"Dear Dr. Reeves,

It's impressive how you have been mentoring several graduate students at Northfield University, especially your work supervising the NLP-focused software engineering seminar this semester. I am currently organizing a special issue on the integration of NLP techniques in software engineering and believe your insights would be invaluable. Would you be interested in contributing a paper or serving as a reviewer? Please let me know if you would like more details about this opportunity.

Best regards,
Emily Carter",False
per-056,3,Dr. Brian Reeves,Invitation to Collaborate on Workshop Panel: Advances in Adaptive Language Models,"Dear Dr. Reeves,

I was truly impressed by your keynote presentation at the 2023 International Conference on Natural Language Processing, especially your innovative approach to adaptive language models. Your recent collaboration with Dr. Emily Chen from Stanford on transformer-based models for low-resource languages also caught my attention, as it aligns closely with our current research interests. Additionally, congratulations on your well-received paper 'Context-Aware Neural Architectures for Sentiment Analysis' in the Journal of Computational Linguistics.

I am organizing a workshop panel on advances in adaptive language models and would be honored if you could join as a panelist or suggest potential topics for discussion. Please let me know if you are interested, and I can share further details.

Best regards,
Alex Morgan
Department of Computer Science
Midwest Research Institute",False
per-056,5,Dr. Brian Reeves,Collaboration Opportunity on Contextual Embeddings Research,"Dear Dr. Reeves,

I recently came across your NSF-funded project on improving dialogue systems through contextual embeddings, and I am truly impressed by this significant achievement in your research career. Congratulations as well on your recent paper, 'Context-Aware Neural Architectures for Sentiment Analysis,' which has been gaining notable attention in the NLP community. Your keynote at the 2023 International Conference on Natural Language Processing on adaptive language models was highly praised, and your mentorship of graduate students at Northfield University, particularly in the NLP-focused software engineering seminar, is commendable. I also noticed your collaboration with Dr. Emily Chen from Stanford on transformer-based language models for low-resource languages, which aligns closely with my current work. I would be honored to discuss a potential collaboration or invite you to review a draft of my upcoming paper; would you be available for a brief call next week?

Best regards,
Alex Morgan",False
per-057,1,Dr. Astrid Nystrom,Collaboration Inquiry on Scandinavian NLP Research,"Dear Dr. Nystrom,

I recently came across your paper on 'Contextual Embeddings for Low-Resource Scandinavian Languages' co-authored with Erik Johansson and Lina Bergström, which has been gaining significant attention in the NLP community. I am currently coordinating a special issue on advances in low-resource language processing and believe your expertise would be invaluable. Would you be interested in discussing a potential collaboration or contributing an extended version of your work? Please let me know if you are available for a brief call next week.

Best regards,
Anna Lindqvist",False
per-057,3,Dr. Astrid Nystrom,Potential Collaboration on Minority Language Machine Translation,"Dear Dr. Nystrom,

I recently saw that you secured funding from the Swedish Research Council for your project on improving machine translation for minority languages in Sweden—congratulations on this achievement. I also noticed your recent collaboration with Erik Johansson on cross-lingual transfer learning for Swedish dialects, which resonates with our current research focus. Additionally, your presentation at the Nordic NLP Workshop last month on adaptive language models for Scandinavian languages was very well received. Given these shared interests, I would like to discuss a potential collaboration or joint workshop; would you be available for a brief call next week to explore this further?

Best regards,
Anna Lindqvist",False
per-057,5,Dr. Astrid Nystrom,Collaboration Opportunity on Minority Language Machine Translation,"Dear Dr. Nystrom,

I was excited to see that you recently secured funding from the Swedish Research Council for your project on improving machine translation for minority languages in Sweden. Your recent collaboration with Erik Johansson on cross-lingual transfer learning for Swedish dialects closely aligns with our ongoing research interests. I am also impressed by your mentorship of graduate students at Lund Digital University, particularly through the advanced NLP seminar series. Congratulations on your well-received presentation at the Nordic NLP Workshop last month, and on the growing recognition of your paper 'Contextual Embeddings for Low-Resource Scandinavian Languages' with Erik Johansson and Lina Bergström. I would be delighted to discuss a potential collaboration or joint workshop—would you be available for a brief call next week to explore this further?

Best regards,
Anna Lindqvist",False
per-058,1,Dr. Liam Williams,Collaboration Inquiry: Context-Aware Neural Architectures for Dialect Processing,"Dear Dr. Williams,

I recently came across your paper on 'Context-Aware Neural Architectures for Australian English Dialect Processing' co-authored with Dr. Emily Chen, which has been gaining significant attention in the NLP community. I am currently leading a project focused on regional language modeling and believe your expertise would be invaluable for a potential collaboration. Would you be open to a brief call next week to discuss possible synergies between our research groups?

Looking forward to your response.

Best regards,
Prof. Alex Turner",False
per-058,3,Dr. Liam Williams,Invitation to Collaborate on Multilingual Conversational AI Research,"Dear Dr. Williams,

Congratulations on securing the Australian Research Council Discovery Grant for your project on multilingual conversational AI systems. I was particularly impressed by your recent collaboration with Dr. Marcus Lee from the University of Queensland on sentiment analysis in social media datasets. I also noticed you presented your work on low-resource language models at the Australasian Language Technology Workshop in Melbourne last month. I am currently organizing a special issue on advances in conversational AI for a leading journal and would be delighted if you could contribute a paper or serve as a reviewer. Please let me know if you are interested in participating.

Best regards,
Dr. Emily Chen",False
per-058,5,Dr. Liam Williams,Collaboration Opportunity on Multilingual Conversational AI Systems,"Dear Dr. Williams,

Congratulations on securing the Australian Research Council Discovery Grant for your project on multilingual conversational AI systems. I was particularly impressed by your recent presentation on low-resource language models at the Australasian Language Technology Workshop in Melbourne last month, as well as your collaboration with Dr. Marcus Lee from the University of Queensland on sentiment analysis in social media datasets. Your advanced NLP course at Sydney Metropolitan University has clearly resonated with graduate students, and your recent paper on 'Context-Aware Neural Architectures for Australian English Dialect Processing' with Dr. Emily Chen has sparked significant interest in the NLP community. I am currently organizing a special issue on advances in conversational AI and would be honored if you could contribute a manuscript or serve as a reviewer. Please let me know if you are interested, and I can share further details.

Best regards,
Prof. Alex Turner
Department of Computer Science
Global Institute of Technology",False
per-059,1,Dr. Rachel Anderson,Collaboration Inquiry: Advances in Transformer Architectures for Information Extraction,"Dear Dr. Anderson,

Congratulations on your keynote presentation at the 2023 Canadian Conference on Artificial Intelligence, where you highlighted advances in transformer architectures for information extraction. I am currently leading a research initiative focused on scalable information extraction methods and believe your expertise would be invaluable to our project. Would you be open to a brief call next week to discuss potential collaboration opportunities?

Looking forward to your response.

Best regards,
Dr. Emily Carter",False
per-059,3,Dr. Rachel Anderson,Collaboration Inquiry on Ethical NLP for Indigenous Languages,"Dear Dr. Anderson,

I recently read your paper 'Contextual Embeddings for Low-Resource Languages' co-authored with Dr. Michael Chen, which offered fascinating insights into multilingual NLP models. Congratulations as well on your keynote presentation at the 2023 Canadian Conference on Artificial Intelligence, where you highlighted advances in transformer architectures for information extraction. The recent NSERC grant awarded to your lab for developing ethical NLP tools for Indigenous languages is a significant step forward in responsible AI research. I am currently organizing a special issue on ethical NLP for underrepresented languages and would be honored if you could contribute or suggest collaborators from your team. Please let me know if you are interested, and I can share further details.

Best regards,
Dr. Emily Foster",False
per-059,5,Dr. Rachel Anderson,Invitation to Collaborate on Multilingual NLP Workshop,"Dear Dr. Anderson,

Congratulations on your keynote presentation at the 2023 Canadian Conference on Artificial Intelligence, where your discussion on advances in transformer architectures for information extraction was truly inspiring. Your mentorship of graduate students in the Information Science department at British Columbia Research University is clearly reflected in the strong NLP research output from your group. I recently read your paper 'Contextual Embeddings for Low-Resource Languages' co-authored with Dr. Michael Chen, and found your insights into multilingual NLP models particularly relevant to my current work. The recent NSERC grant awarded to your lab for developing ethical NLP tools for Indigenous languages is a significant achievement, and I also noticed your promising collaboration with Dr. Priya Singh from the University of Toronto on neural machine translation. I am organizing a workshop on responsible multilingual NLP and would be honored if you could join as a panelist or suggest potential topics—could we schedule a brief call to discuss this further?

Best regards,
Dr. Emily Foster
Department of Computer Science
Midwest Institute of Technology",False
per-060,1,Dr. Aiko Watanabe,Collaboration Opportunity in NLP Research,"Dear Dr. Watanabe,

Congratulations on your upcoming workshop presentation at the Asia-Pacific NLP Symposium next month in Tokyo. I have been following your work in Electrical and Computer Engineering and believe our research interests in natural language processing align closely. I am currently seeking collaborators for a new project on multilingual text analysis and would greatly value your expertise. Would you be open to a brief call next week to discuss potential collaboration?

Best regards,
Prof. Kenji Sato",False
per-060,3,Dr. Aiko Watanabe,Collaboration Inquiry: Advances in Context-Aware Neural Machine Translation,"Dear Dr. Watanabe,

I recently came across your collaboration with Dr. Kenji Saito from Kyoto University on cross-lingual embeddings, which was highlighted in your latest publication. Your recent paper on 'Context-Aware Neural Machine Translation for Low-Resource Languages' published last month has been gaining significant attention in the NLP community. Congratulations as well on your upcoming workshop presentation at the Asia-Pacific NLP Symposium next month in Tokyo. I am currently organizing a special issue on neural approaches for low-resource language processing and would be honored if you could contribute or review a manuscript. If you are interested, could we schedule a brief call to discuss potential topics?

Best regards,
Mika Tanaka",False
per-060,5,Dr. Aiko Watanabe,Collaboration Inquiry: Context-Aware NMT and Sentiment Analysis Synergies,"Dear Dr. Watanabe,

I recently read your paper on 'Context-Aware Neural Machine Translation for Low-Resource Languages,' which has been generating significant interest in the NLP community. I was particularly impressed by your collaboration with Dr. Kenji Saito from Kyoto University on cross-lingual embeddings, as highlighted in your latest publication. Your mentorship of graduate students in the advanced NLP course at Tohoku Science Academy is also widely recognized for fostering innovative research. Congratulations as well on your upcoming workshop presentation at the Asia-Pacific NLP Symposium in Tokyo, and on receiving the JSPS grant for sentiment analysis in social media texts. I am currently seeking collaborators for a special issue on neural approaches to multilingual sentiment analysis and would be honored if you could review a draft proposal or discuss potential joint research. Would you be available for a brief call next week to explore this further?

Best regards,
Prof. Mikael Sørensen
Department of Computational Linguistics
Lund University",False
per-061,1,Dr. Andres Tamm,Collaboration Opportunity on Estonian Language AI Projects,"Dear Dr. Tamm,

It's impressive how you mentor graduate students at Tallinn Digital University, especially guiding their projects on Estonian language processing. I am currently coordinating a special issue on advancements in AI for lesser-resourced languages and believe your expertise would be invaluable. Would you be interested in contributing a paper or collaborating on a joint submission? Please let me know if you are available to discuss this further.

Best regards,
Katrin Lepp",False
per-061,3,Dr. Andres Tamm,Collaboration Opportunity on Multilingual NLP Initiatives,"Dear Dr. Tamm,

Congratulations on securing the recent Estonian Research Council grant focused on advancing NLP tools for underrepresented languages. I was particularly impressed by your presentation on multilingual sentiment analysis at the Baltic AI Summit last November, which generated insightful discussions. Additionally, your dedication to mentoring graduate students at Tallinn Digital University, especially in guiding their projects on Estonian language processing, truly stands out. I am currently organizing a collaborative workshop on low-resource language technologies and would be honored if you could join as a panelist or contributor. Would you be available for a brief call next week to discuss potential involvement?

Best regards,
Katrin Lepp",False
per-061,5,Dr. Andres Tamm,Invitation to Collaborate on Low-Resource Language NLP Workshop,"Dear Dr. Tamm,

I have been following your impressive work, particularly your collaboration with Jaan Mets on neural machine translation models for Finno-Ugric languages, which is a fascinating contribution to the field. Your recent presentation on multilingual sentiment analysis at the Baltic AI Summit last November sparked some great discussions in our research group. I am also inspired by your mentorship of graduate students at Tallinn Digital University, especially in guiding projects on Estonian language processing. Congratulations on securing the recent Estonian Research Council grant focused on advancing NLP tools for underrepresented languages. Additionally, your paper on 'Contextual Embeddings for Low-Resource Estonian Dialects' with Liis Kask has been gaining significant attention in the NLP community.

Given your expertise, I would like to invite you to join the program committee for our upcoming workshop on NLP for Low-Resource Languages. Would you be interested in reviewing submissions or possibly giving a short talk? Please let me know if you are available.

Best regards,
Marek Saar
University of Helsinki",False
per-062,1,Dr. Priya Nair,Collaboration Opportunity on Multilingual NLP Systems,"Dear Dr. Nair,

I greatly enjoyed your keynote presentation on multilingual NLP challenges at the 2023 International Conference on Natural Language Processing in Bangalore. Your insights into network systems for diverse language processing were particularly inspiring. I am currently organizing a special issue on multilingual NLP for the Journal of Computational Linguistics and would be honored if you could contribute a paper or serve as a reviewer. Please let me know if you are interested, and I can share further details.

Best regards,
Ananya Sharma",False
per-062,3,Dr. Priya Nair,Invitation to Collaborate on Multilingual NLP Workshop Initiative,"Dear Dr. Nair,

I greatly enjoyed your keynote presentation on multilingual NLP challenges at the 2023 International Conference on Natural Language Processing in Bangalore. Your collaboration with Dr. Kavita Sharma on code-mixed language processing has been gaining significant attention in the NLP community, and the recent grant you received from the Indian Council of Scientific and Industrial Research for your work on neural machine translation is a testament to your impactful research. I am organizing a workshop focused on emerging trends in multilingual NLP and would be honored to discuss potential collaboration opportunities with you. Would you be available for a brief call next week to explore this further?

Best regards,
Ananya Gupta",False
per-062,5,Dr. Priya Nair,Invitation to Collaborate on Multilingual NLP Workshop Initiative,"Dear Dr. Nair,

I have been following your impressive work, especially your collaboration with Dr. Kavita Sharma on code-mixed language processing, which has been gaining significant attention in the NLP community. Congratulations on your recent paper 'Context-Aware Sentiment Analysis for Indian Languages' in the Journal of Computational Linguistics; the innovative approach you and Dr. Arjun Mehta proposed is inspiring. I thoroughly enjoyed your keynote at the 2023 International Conference on Natural Language Processing in Bangalore, and your recent grant from the Indian Council of Scientific and Industrial Research further highlights your impactful research. I also heard about your mentorship of graduate students on low-resource language modeling at Delhi College of Engineering, which aligns closely with our current initiatives. I am reaching out to invite you to join a collaborative workshop on multilingual NLP challenges—would you be interested in discussing this further?

Best regards,
Dr. Ananya Gupta
Department of Computer Science
Indian Institute of Technology, Kanpur",False
per-063,1,Dr. Kian Goh,Invitation to Collaborate on Neural Machine Translation Workshop,"Dear Dr. Goh,

I have been following your collaboration with Dr. Arjun Rajan on neural machine translation, which has been quite impactful in the Singapore NLP community. I am organizing a workshop focused on recent advancements in neural machine translation and would be honored if you could join as a panelist or contribute a short talk. Your expertise would greatly enrich the discussion. Please let me know if you are interested, and I can share further details.

Best regards,
Wei Lin",False
per-063,3,Dr. Kian Goh,Collaboration Inquiry: Industry Partnerships in Multilingual NLP Research,"Dear Dr. Goh,

Congratulations on your upcoming workshop presentation at the Asia-Pacific NLP Symposium next month, where you'll be discussing multilingual model adaptation techniques. I have been following your impactful collaboration with Dr. Arjun Rajan on neural machine translation, which has significantly influenced the Singapore NLP community. Given your position at Lion City Digital University, I’m particularly interested in your experience integrating industry partnerships into your NLP research projects. Would you be open to a brief call to discuss potential collaboration opportunities in this area?

Best regards,
Dr. Mei Lin",False
per-063,5,Dr. Kian Goh,Invitation to Collaborate on Multilingual NLP Research Initiatives,"Dear Dr. Goh,

I have been following your impactful collaboration with Dr. Arjun Rajan on neural machine translation, which has significantly influenced the Singapore NLP community. Your mentorship of graduate students at Lion City Digital University, especially in applying transformer models to low-resource languages, is truly commendable. I recently read your 2023 paper on 'Context-Aware Sentiment Analysis for Southeast Asian Languages' with Dr. Mei Ling Tan and found your insights into regional NLP challenges fascinating. Given your role at Lion City Digital University, I am particularly interested in how you integrate industry partnerships into your research projects. Congratulations as well on your upcoming workshop presentation at the Asia-Pacific NLP Symposium next month on multilingual model adaptation techniques. I am reaching out to explore the possibility of collaborating on a new project focused on cross-lingual transfer learning for Southeast Asian languages. Would you be open to a brief call next week to discuss potential synergies?

Best regards,

Dr. Priya Menon
Department of Computer Science
Global Tech Institute",False
per-064,1,Dr. Lotte Jansen,Collaboration Opportunity on Low-Resource Language Modeling,"Dear Dr. Jansen,

The recent NWO grant awarded to your team for research on low-resource language modeling reflects the impact of your work in the field. I am currently coordinating a special issue on advancements in language modeling for underrepresented languages and believe your expertise would be invaluable. Would you be interested in contributing a paper or serving as a reviewer? Please let me know if you would like more details about this opportunity.

Best regards,
Prof. Erik van Dijk",False
per-064,3,Dr. Lotte Jansen,Invitation to Collaborate on Cross-Lingual NLP Workshop Panel,"Dear Dr. Jansen,

I was truly impressed by your recent keynote at the 2023 Dutch NLP Symposium, especially your insights on transformer models for Dutch language processing. Your paper on 'Contextual Embeddings for Low-Resource Dutch Dialects' at ACL 2023 has sparked considerable discussion in our research group. Additionally, your collaboration with Dr. Pieter van Dijk on the multilingual sentiment analysis project aligns closely with our current initiatives in cross-lingual understanding. We are organizing a panel for an upcoming workshop on Multilingual NLP and would be honored if you could join as a speaker or reviewer. Please let me know if you are interested, and I can share further details.

Best regards,
Anna de Vries
Workshop Coordinator, European NLP Forum",False
per-064,5,Dr. Lotte Jansen,Invitation to Collaborate on Low-Resource Dutch NLP Workshop,"Dear Dr. Jansen,

I have been following your impactful work, especially your mentorship in the Amsterdam Technical University NLP graduate seminar and your collaboration with Dr. Pieter van Dijk on multilingual sentiment analysis. Your recent ACL 2023 paper on 'Contextual Embeddings for Low-Resource Dutch Dialects' and your keynote at the 2023 Dutch NLP Symposium have truly advanced the field. Congratulations as well on your recent NWO grant for low-resource language modeling. I am organizing a workshop focused on innovative approaches to Dutch NLP and would be honored if you could join our program committee or suggest potential topics. Please let me know if you are interested, and I can share further details.",False
per-065,1,Dr. Emeka Eze,Collaboration Opportunity on Multilingual NLP Initiatives,"Dear Dr. Eze,

Congratulations on your keynote at the 2023 Abuja Tech Conference where you highlighted advances in multilingual NLP applications tailored for African languages. I am currently coordinating a special issue on emerging NLP technologies for underrepresented languages and believe your expertise would be invaluable. Would you be interested in contributing a paper or serving as a guest reviewer? Please let me know if you would like more details about this opportunity.",False
per-065,3,Dr. Emeka Eze,Invitation to Collaborate on Low-Resource NLP Workshop,"Dear Dr. Eze,

I have been following your impactful mentorship of graduate students at Abuja Institute of Technology, particularly in the NLP lab focusing on machine translation, and I am impressed by the talent you are nurturing. Your recent grant from the Nigerian National Research Fund to develop NLP tools for indigenous languages is a remarkable achievement for computational linguistics in Nigeria. Additionally, your collaboration with Dr. Amina Yusuf on low-resource language models for Hausa and Yoruba dialects aligns closely with my current research interests. I am organizing a virtual workshop on advancing NLP for African languages and would be honored if you could join as a panelist or reviewer. Please let me know if you are interested, and I can share further details.

Best regards,
Prof. Samuel Okoro",False
per-065,5,Dr. Emeka Eze,Invitation to Collaborate on Multilingual NLP Workshop Initiative,"Dear Dr. Eze,

I was truly impressed by your recent paper on 'Context-Aware Sentiment Analysis for Nigerian Pidgin English' presented at the 2023 African NLP Symposium—it was a fascinating contribution to regional language processing. Your mentorship of graduate students at Abuja Institute of Technology, particularly in the NLP lab focusing on machine translation, is clearly fostering new talent in the field. I also noticed your collaboration with Dr. Amina Yusuf on low-resource language models for Hausa and Yoruba dialects, which is a critical area in NLP for West Africa. Congratulations on your keynote at the 2023 Abuja Tech Conference, where your insights into multilingual NLP applications tailored for African languages were highly impactful. The recent grant you received from the Nigerian National Research Fund to develop NLP tools for indigenous languages is a significant boost to computational linguistics in the region.

Given your expertise, I would like to invite you to join a collaborative workshop on advancing NLP for African languages. Would you be interested in discussing this further?

Best regards,
Prof. Samuel Adeyemi",False
per-066,1,Dr. Babak Rahimi,Potential Research Collaboration Opportunity in Tehran,"Dear Dr. Rahimi,

Given your experience at Shiraz Science College, have you considered expanding your research collaborations with other institutions in Tehran to increase your publication output? I am currently coordinating a multi-institutional project focused on advancements in Information Science and believe your expertise would be a valuable addition. Would you be interested in discussing potential areas for joint research or co-authorship? Please let me know if you are available for a brief call next week.

Best regards,
Sara Mohammadi",False
per-066,3,Dr. Babak Rahimi,Collaboration Opportunity in Persian NLP Research,"Dear Dr. Rahimi,

Congratulations on your recent paper 'Contextual Embeddings for Persian Text Summarization' published last month, which is gaining attention in the NLP community. I was particularly impressed by your collaboration with Dr. Leila Mohammadi on sentiment analysis in low-resource languages, as presented at the Iranian Conference on Computational Linguistics. Given your experience at Shiraz Science College, have you considered expanding your research collaborations with other institutions in Tehran to increase your publication output? I am currently organizing a workshop on advanced NLP techniques and would be delighted if you could join as a panelist or suggest a joint project. Please let me know if you are interested so we can discuss further details.

Best regards,
Sara Hosseini
Tehran Institute of Technology",False
per-066,5,Dr. Babak Rahimi,Collaboration Inquiry: Expanding Persian NLP Research Initiatives,"Dear Dr. Rahimi,

Congratulations on your recent paper 'Contextual Embeddings for Persian Text Summarization' published last month, which is gaining attention in the NLP community. Your upcoming workshop on 'Advances in Persian Language Processing' at Shiraz Science College sounds like a great opportunity for students interested in NLP applications. It's impressive that you secured the national grant from the Iranian Ministry of Science to develop NLP tools tailored for Persian dialects. Given your experience at Shiraz Science College, have you considered expanding your research collaborations with other institutions in Tehran to increase your publication output? I also noticed your collaboration with Dr. Leila Mohammadi on the project about sentiment analysis in low-resource languages, which was presented at the recent Iranian Conference on Computational Linguistics. I am currently coordinating a multi-institutional research initiative on Persian NLP and would be delighted to discuss potential collaboration opportunities with you. Would you be available for a brief call next week to explore this further?

Best regards,

Dr. Amir Hosseini
University of Tehran",False
per-067,1,Dr. Camille Dubois,Collaboration Inquiry on Context-Aware Neural Architectures,"Dear Dr. Dubois,

Your recent paper on 'Context-Aware Neural Architectures for French Language Understanding' co-authored with Dr. Julien Moreau at Institut Polytechnique de Lyon was a fascinating read. I am currently exploring similar approaches for multilingual language models and believe there is significant overlap in our research interests. Would you be open to discussing potential collaboration opportunities or sharing insights on your methodology? Please let me know if you are available for a brief call next week.

Best regards,
Sophie Martin",False
per-067,3,Dr. Camille Dubois,Invitation to Collaborate on Multilingual NLP Workshop Panel,"Dear Dr. Dubois,

I recently had the pleasure of reading your paper on 'Context-Aware Neural Architectures for French Language Understanding' co-authored with Dr. Julien Moreau, and found your approach truly innovative. Congratulations as well on your impactful keynote at the 2023 European Conference on Natural Language Processing in Marseille—your insights on multilingual embeddings resonated with many in our field. I also heard you are mentoring several graduate students this semester in your advanced NLP course at Institut Polytechnique de Lyon, which speaks to your dedication to advancing research and education. I am organizing a panel on multilingual NLP for an upcoming workshop and would be honored if you could join as a speaker or reviewer. If interested, please reply and I will share further details and the official invitation.

Best regards,
Sophie Martin",False
per-067,5,Dr. Camille Dubois,Potential Collaboration on Multilingual NLP Research,"Dear Dr. Dubois,

I hope this message finds you well. I heard you are mentoring several graduate students this semester in your advanced NLP course at Institut Polytechnique de Lyon, which must be very rewarding given your expertise. Congratulations on your keynote presentation at the 2023 European Conference on Natural Language Processing held in Marseille; your insights on multilingual embeddings were particularly impactful. Your recent grant from the French National Research Agency supporting your work on semantic parsing in conversational AI is an impressive achievement. I also noticed your collaboration with Dr. Sophie Lambert on advancing transformer models for low-resource languages, which aligns closely with my current project. Additionally, your recent paper on 'Context-Aware Neural Architectures for French Language Understanding' co-authored with Dr. Julien Moreau was a fascinating read. 

I am organizing a virtual workshop on innovative approaches in multilingual NLP and would be honored if you could join as a panelist or reviewer. If you are interested, please let me know and I will share further details.

Best regards,
Alexandre Martin",False
per-068,1,Dr. Ji-Yeon Park,Collaboration Opportunity in Multilingual NLP Research,"Dear Dr. Park,

I enjoyed your collaboration with Dr. Min-Soo Kim on the recent workshop about multilingual NLP at ACL 2023 in Toronto. I am currently organizing a special issue on advances in multilingual AI systems and believe your expertise would be a valuable addition. Would you be interested in contributing a paper or serving as a reviewer? Please let me know if you would like more details about this opportunity.

Best regards,
Soojin Lee",False
per-068,3,Dr. Ji-Yeon Park,Invitation to Collaborate on Multilingual AI Ethics Workshop,"Dear Dr. Park,

I was truly impressed by your keynote presentation on ethical challenges in conversational AI at the 2024 Korea AI Summit—it offered valuable perspectives. Congratulations as well on your recent paper, 'Context-Aware Neural Machine Translation for Low-Resource Languages,' in the Journal of Artificial Intelligence Research. I also appreciated your collaboration with Dr. Min-Soo Kim at the multilingual NLP workshop during ACL 2023 in Toronto. I am organizing a virtual workshop on ethical considerations in multilingual AI systems and would be honored if you could join as a panelist or co-organizer. Would you be available for a brief call next week to discuss this opportunity?

Best regards,
Soojin Lee",False
per-068,5,Dr. Ji-Yeon Park,Invitation to Collaborate on Multilingual NLP Workshop Panel,"Dear Dr. Park,

I greatly enjoyed your collaboration with Dr. Min-Soo Kim at the recent multilingual NLP workshop during ACL 2023 in Toronto, and your keynote on ethical challenges in conversational AI at the 2024 Korea AI Summit was truly insightful. As a professor at Seoul Digital University, your mentorship of graduate students in advanced NLP techniques is highly regarded throughout South Korea. I also heard about your recent grant from the National Research Foundation of Korea for low-resource language processing—congratulations! Additionally, your recent paper 'Context-Aware Neural Machine Translation for Low-Resource Languages' in the Journal of Artificial Intelligence Research was an excellent read. I am organizing a panel on multilingual NLP for an upcoming workshop and would be honored if you could join as a speaker; could we schedule a brief call to discuss this opportunity further?

Best regards,
Soojin Lee",False
per-069,1,Dr. James Thornton,Collaboration Opportunity on NLP Education Initiatives,"Dear Dr. Thornton,

Your mentorship of MSc students at Thames Valley College, especially in the recent NLP project modules, is clearly making a strong impact on emerging researchers. I am currently coordinating a cross-institutional study on effective pedagogical strategies in NLP education and would greatly value your insights. Would you be interested in a brief call next week to discuss potential collaboration or co-authorship opportunities?

Looking forward to your response.

Best regards,
Dr. Emily Carter
University of Bristol",False
per-069,3,Dr. James Thornton,Collaboration Opportunity on Dialogue Systems for Underrepresented Dialects,"Dear Dr. Thornton,

I was truly impressed by your mentorship of MSc students at Thames Valley College, particularly your guidance in the recent NLP project modules, which is clearly fostering the next generation of researchers. Congratulations as well on your insightful presentation at the 2023 UK NLP Symposium, where your discussion on advances in semantic parsing for conversational agents was highly engaging. It’s also inspiring to see your recent UK Research Council grant supporting work on dialogue systems for underrepresented dialects. I am currently coordinating a collaborative research initiative focused on inclusive NLP technologies and would be delighted to discuss potential synergies between our teams. Would you be available for a brief call next week to explore this further?

Best regards,
Dr. Emily Carter",False
per-069,5,Dr. James Thornton,Invitation to Collaborate on Workshop Panel: Advances in NLP for Low-Resource Languages,"Dear Dr. Thornton,

I have been following your impactful mentorship of MSc students at Thames Valley College, particularly your recent NLP project modules, and I am truly impressed by the strong foundation you are providing to emerging researchers. Your paper, 'Contextual Embeddings for Low-Resource Languages' with Dr. Emily Clarke, offered fascinating insights into transfer learning, which aligns closely with my current work. I also noted your recent UK Research Council grant supporting dialogue systems for underrepresented dialects, as well as your collaboration with Dr. Michael Patel on neural network optimization—both of which are gaining significant traction in the NLP community. Congratulations as well on your presentation at the 2023 UK NLP Symposium on semantic parsing advances. I am organizing a workshop panel on innovative approaches in NLP for low-resource settings and would be honored if you could join as a panelist or suggest potential topics. Could we schedule a brief call next week to discuss your possible involvement?

Best regards,
Dr. Sarah Lin
University of Edinburgh",False
per-070,1,Dr. Maxime Wouters,Collaboration Inquiry on AI Ethics in Software Engineering,"Dear Dr. Wouters,

I heard you recently supervised a master's thesis on ethical considerations in AI language models at Universite Libre de Bruxelles, which aligns closely with my current research interests. I am reaching out to explore the possibility of collaborating on a comparative study examining ethical frameworks in AI-driven software systems across European institutions. Would you be available for a brief call next week to discuss potential synergies?

Looking forward to your response.

Best regards,
Sophie Lambert",False
per-070,3,Dr. Maxime Wouters,Invitation to Collaborate on Multilingual NLP Workshop,"Dear Dr. Wouters,

Congratulations on securing the 2023 Innoviris grant for your project on adaptive language models tailored to underrepresented European languages. Your recent paper on 'Context-Aware Transformer Models for Low-Resource Languages' co-authored with Dr. Sophie Lambert has been gaining significant attention in the NLP community. I also heard you recently supervised a master's thesis on ethical considerations in AI language models at Universite Libre de Bruxelles, which aligns closely with our upcoming workshop on responsible multilingual NLP. Would you be interested in joining our program committee or contributing a talk? Please let me know if you are available to discuss further.

Best regards,
Dr. Elena Fischer",False
per-070,5,Dr. Maxime Wouters,Invitation to Collaborate on Regional NLP Workshop Panel,"Dear Dr. Wouters,

I have been following your impressive work, particularly your collaboration with Dr. Pieter De Smet on neural machine translation models for Belgian dialects, which is a fascinating contribution to regional NLP research. I also noticed your insightful presentation on multilingual sentiment analysis at the 2023 European Conference on Natural Language Processing in Dubrovnik. Congratulations on securing the 2023 Innoviris grant for your project on adaptive language models tailored to underrepresented European languages. Your recent paper on 'Context-Aware Transformer Models for Low-Resource Languages' with Dr. Sophie Lambert has been gaining well-deserved attention in the NLP community. Additionally, I heard you recently supervised a master's thesis on ethical considerations in AI language models at Universite Libre de Bruxelles, which aligns closely with our upcoming workshop themes.

We are organizing a panel on ethical and technical challenges in regional NLP at the upcoming Benelux AI Symposium and would be honored if you could join as a panelist or suggest a collaboration. Please let me know if you are interested, and I can share further details.

Best regards,

Dr. Anna Vermeer
Workshop Coordinator, Benelux AI Symposium",False
per-071,1,Dr. Felix Bauer,Invitation to Collaborate on Neural Machine Translation Workshop,"Dear Dr. Bauer,

I have been following your collaboration with Dr. Lukas Meier on neural machine translation models, which has been gaining significant attention in the NLP community. We are organizing a workshop focused on recent advancements in neural translation and believe your expertise would greatly enrich the discussions. Would you be interested in joining as a panelist or contributing a short talk? Please let me know if you would like more details about the event.

Best regards,
Anna Richter",False
per-071,3,Dr. Felix Bauer,Collaboration Inquiry on Low-Resource Language NLP,"Dear Dr. Bauer,

Your recent paper on 'Context-Aware Transformer Models for Low-Resource Languages' co-authored with Dr. Anna Schmitt at the Bavarian Research Institute was a fascinating read. I also noticed you presented your latest findings on multilingual sentiment analysis at the 2023 European Conference on Natural Language Processing in Dublin, which aligns closely with my current research interests. Additionally, I heard your advanced NLP seminar at the Bavarian Research Institute has been very popular among graduate students this semester. I am reaching out to explore the possibility of collaborating on a joint workshop focused on innovative approaches to low-resource language processing. Would you be available for a brief call next week to discuss this further?",False
per-071,5,Dr. Felix Bauer,Invitation to Collaborate on Multilingual NLP Workshop Initiative,"Dear Dr. Bauer,

Your recent paper on 'Context-Aware Transformer Models for Low-Resource Languages' co-authored with Dr. Anna Schmitt at the Bavarian Research Institute was a fascinating read. I also heard your advanced NLP seminar at the Institute has been very popular among graduate students this semester. Your collaboration with Dr. Lukas Meier on neural machine translation models has been gaining significant attention in the NLP community, and I noticed you presented your latest findings on multilingual sentiment analysis at the 2023 European Conference on Natural Language Processing in Dublin. Congratulations as well on securing the recent DFG grant for your project on low-resource language processing. Given your expertise, I would like to invite you to join a collaborative workshop on emerging trends in multilingual NLP—would you be interested in discussing this further?

Best regards,
Prof. Elena Richter",False
per-072,1,Dr. Shira Levi,Collaboration Opportunity in NLP Education Initiatives,"Dear Dr. Levi,

As a faculty member at Jerusalem Digital College, your mentorship of undergraduate students in NLP projects is highly commendable. I am currently coordinating a cross-institutional research initiative focused on innovative approaches to teaching NLP at the undergraduate level. I would be delighted to discuss potential collaboration opportunities and hear your insights. Would you be available for a brief call next week to explore this further?

Best regards,
Prof. Daniel Weiss",False
per-072,3,Dr. Shira Levi,Invitation to Collaborate on Low-Resource NLP Workshop,"Dear Dr. Levi,

As a faculty member at Jerusalem Digital College, your mentorship of undergraduate students in NLP projects is highly commendable. I recently attended your presentation on low-resource language models at the 2023 Israeli Conference on Computational Linguistics in Tel Aviv and was truly inspired. Additionally, your collaboration with Dr. Yael Mizrahi and Dr. Ronen Katz on semantic parsing for Hebrew texts is a fascinating contribution to the field. I am organizing a virtual workshop on advances in low-resource NLP and would be honored if you could join as a panelist or reviewer. Please let me know if you are interested, and I can share further details.

Best regards,
Dr. Amit Ben-David
Department of Computational Linguistics
Haifa Institute of Technology",False
per-072,5,Dr. Shira Levi,Invitation to Collaborate on Hebrew NLP Workshop Panel,"Dear Dr. Levi,

I have been following your impressive work, particularly your collaboration with Dr. Yael Mizrahi and Dr. Ronen Katz on semantic parsing for Hebrew texts, which is a fascinating contribution to the field. I also noticed your insightful presentation on low-resource language models at the 2023 Israeli Conference on Computational Linguistics in Tel Aviv. As a faculty member at Jerusalem Digital College, your mentorship of undergraduate students in NLP projects is highly commendable. Your recent paper on 'Contextual Embeddings for Hebrew Dialect Identification' with Dr. Eitan Cohen has been gaining significant attention in the NLP community, and I saw that you recently received a grant from the Israeli Ministry of Science to explore neural approaches to Hebrew morphological analysis. Given your expertise, I would like to invite you to join a panel discussion on advances in Hebrew NLP at our upcoming workshop; would you be interested in participating?

Best regards,
Dr. Maya Ben-David",False
per-073,1,Dr. Carlos Mendes,Collaboration Opportunity on Low-Resource Language Models,"Dear Dr. Mendes,

I noticed you recently presented your work on low-resource language models at the Latin American NLP Workshop held in São Paulo last month. I am currently coordinating a special issue on advancements in NLP for underrepresented languages and believe your expertise would be a valuable addition. Would you be interested in contributing a manuscript or serving as a reviewer? Please let me know if you would like more details about this opportunity.

Best regards,
Ana Ribeiro",False
per-073,3,Dr. Carlos Mendes,Invitation to Collaborate on Multilingual NLP Workshop,"Dear Dr. Mendes,

I recently read your paper on 'Contextual Embeddings for Brazilian Portuguese Named Entity Recognition' co-authored with Ana Silva, and I was impressed by its impact in the NLP community. Your collaboration with Professor João Pereira on sentiment analysis in social media datasets also caught my attention, as it aligns closely with our current research interests. Congratulations as well on receiving the CNPq grant for developing multilingual NLP tools for Brazilian indigenous languages. I am organizing a workshop on multilingual NLP advancements and would be honored if you could join as a panelist or contribute a short paper. Please let me know if you are interested, and I can share further details.

Best regards,
Mariana Costa",False
per-073,5,Dr. Carlos Mendes,Invitation to Collaborate on Multilingual NLP Workshop Panel,"Dear Dr. Mendes,

I have been following your recent paper on 'Contextual Embeddings for Brazilian Portuguese Named Entity Recognition' with Ana Silva, which has sparked significant interest in the NLP community. Your collaboration with Professor João Pereira on sentiment analysis in social media datasets is particularly inspiring, and I also heard about your dedication to mentoring graduate students in your advanced NLP course this semester at UFMG. Your recent presentation on low-resource language models at the Latin American NLP Workshop in São Paulo was insightful, and congratulations on your CNPq grant for developing multilingual NLP tools for Brazilian indigenous languages. Given your expertise, I would like to invite you to join a panel discussion on multilingual NLP at our upcoming workshop. If you are interested, could you please reply with your availability?

Best regards,
Mariana Costa",False
per-074,1,Dr. Layla Al Qasimi,Collaboration Opportunity on Ethical AI in Arabic Language Processing,"Dear Dr. Al Qasimi,

Congratulations on your keynote presentation at the Gulf AI Conference where you discussed ethical challenges in Arabic language processing. I am currently leading a research initiative at the Middle East Computational Ethics Lab, focusing on responsible AI development for regional languages. I believe your expertise would be invaluable for a collaborative project we are proposing. Would you be open to a brief call next week to discuss potential synergies?

Best regards,
Prof. Samir Haddad",False
per-074,3,Dr. Layla Al Qasimi,Collaboration Opportunity on Ethical NLP for Low-Resource Arabic Dialects,"Dear Dr. Al Qasimi,

I was greatly impressed by your recent collaboration with Dr. Sara Al Mazrouei on transformer models optimized for Emirati Arabic, which represents a significant step forward in regional NLP. Your mentorship of graduate students at the Dubai Advanced Computing Institute, particularly in the NLP lab for low-resource languages, is truly inspiring. Congratulations as well on your keynote at the Gulf AI Conference addressing ethical challenges in Arabic language processing. I am currently organizing a special issue on ethical NLP for low-resource Arabic dialects and would be honored if you could contribute a paper or serve as a reviewer. Please let me know if you are interested in participating.

Best regards,
Prof. Nadia Rahman",False
per-074,5,Dr. Layla Al Qasimi,Invitation to Collaborate on Regional NLP Workshop Initiative,"Dear Dr. Al Qasimi,

I was truly impressed by your recent collaboration with Dr. Sara Al Mazrouei on transformer models optimized for Emirati Arabic—such advancements are pivotal for regional NLP. Your paper on 'Context-Aware Sentiment Analysis for Arabic Dialects' with Dr. Faisal Al Hammadi was a highlight at the Middle East NLP Symposium last month. I also wanted to congratulate you on securing the UAE National Research Foundation grant for neural machine translation, as well as your impactful keynote at the Gulf AI Conference on ethical challenges in Arabic language processing. Your mentorship of graduate students at Dubai Advanced Computing Institute, particularly in the NLP lab for low-resource languages, is inspiring. Given your expertise, I would like to invite you to join a collaborative workshop on advancing Arabic NLP; would you be available for a brief call next week to discuss this opportunity?

Best regards,
Prof. Nadia Rahman
Qatar Center for Language Technologies",False
per-075,1,Dr. Andrew Hale,Collaboration Opportunity on Domain Adaptation in Transformer Models,"Dear Dr. Hale,

I noticed you presented your work on transformer-based models at the 2023 Midwest NLP Symposium, which sparked great discussions on domain adaptation. I am currently organizing a special issue on advances in domain adaptation for AI systems and believe your expertise would be a valuable addition. Would you be interested in contributing a manuscript or serving as a reviewer? Please let me know if you would like more details about this opportunity.",False
per-075,3,Dr. Andrew Hale,Collaboration Opportunity on Low-Resource Language Processing,"Dear Dr. Hale,

Congratulations on securing the recent NSF grant focused on improving low-resource language processing techniques. I also heard your graduate seminar on ethical considerations in AI language models at Great Lakes Polytechnic was very well received by students. Additionally, I noticed you presented your work on transformer-based models at the 2023 Midwest NLP Symposium, which sparked great discussions on domain adaptation. Given our shared interests, I would like to discuss a potential collaboration on a special issue for an upcoming journal. Would you be available for a brief call next week to explore this further?

Best regards,
Emily Carter",False
per-075,5,Dr. Andrew Hale,Invitation to Collaborate on Ethical AI Workshop Panel,"Dear Dr. Hale,

I recently heard your graduate seminar on ethical considerations in AI language models at Great Lakes Polytechnic was very well received by students, and I wanted to congratulate you on securing the recent NSF grant focused on improving low-resource language processing techniques. Your collaboration with Dr. Michael Torres on multilingual text summarization has been gaining attention in the NLP community, and I noticed you presented your work on transformer-based models at the 2023 Midwest NLP Symposium, which sparked great discussions on domain adaptation. Additionally, your recent paper on 'Context-Aware Sentiment Analysis for Social Media Texts' co-authored with Dr. Lisa Chen was a fascinating read. Given your expertise, I would like to invite you to join a panel discussion on ethical AI at our upcoming workshop. Would you be available for a brief call next week to discuss this opportunity further?",False
per-076,1,Dr. Erik Lindqvist,Collaboration Opportunity on IoT Privacy Research,"Dear Dr. Lindqvist,

I saw that you recently received funding from the Swedish Research Council for your project on privacy in IoT environments, congrats on this achievement! I am currently leading a research group at the University of Oslo focusing on secure network architectures for IoT, and I believe our interests strongly align. Would you be interested in discussing potential collaboration or co-authoring a paper for the upcoming IEEE workshop on IoT Security? Please let me know if you are available for a brief call next week.

Best regards,
Anna Bergström",False
per-076,3,Dr. Erik Lindqvist,Invitation to Collaborate on Privacy-Preserving Protocols Workshop,"Dear Dr. Lindqvist,

As a mentor for the Stockholm Institute of Technology's graduate seminar on Network Security, your guidance has clearly shaped many emerging researchers. I noticed you presented at the Nordic Security Symposium last fall, where your keynote on privacy-preserving protocols was very well received. I also saw that you recently received funding from the Swedish Research Council for your project on privacy in IoT environments—congrats on this achievement!

Given your expertise, I would like to invite you to collaborate on an upcoming workshop focused on advances in privacy-preserving protocols. Would you be available for a brief call next week to discuss potential topics and your possible involvement?

Best regards,
Anna Sjöberg
Department of Computer Science
Lund University",False
per-076,5,Dr. Erik Lindqvist,Invitation to Collaborate on Privacy-Preserving Protocols Workshop,"Dear Dr. Lindqvist,

I was truly impressed by your keynote on privacy-preserving protocols at the Nordic Security Symposium last fall, which set a high standard for the field. Congratulations as well on your recent Swedish Research Council funding for your IoT privacy project—an outstanding achievement! Your collaboration with Mikael Svensson on secure multi-party computation and your impactful paper with Anna Bergström on 'Enhancing User Privacy in Decentralized Networks' have both been influential in my own research. As a mentor for the Stockholm Institute of Technology's graduate seminar on Network Security, your leadership is inspiring. I am organizing a workshop on emerging privacy-preserving technologies and would be honored if you could join as a panelist or suggest potential topics; could we schedule a brief call to discuss your possible involvement?

Best regards,

Dr. Sofia Nilsson
Uppsala University",False
per-077,1,Dr. Olivia Nguyen,Collaboration Opportunity on Data Anonymization Research,"Dear Dr. Nguyen,

Congratulations on securing the recent ARC Discovery Grant focused on enhancing data anonymization techniques in cloud environments. I am currently leading a research group at the University of Wellington exploring similar challenges in secure cloud data processing, and I believe our teams could benefit from a collaborative effort. Would you be open to a brief call next week to discuss potential joint research initiatives?

Looking forward to your response.

Best regards,
Prof. Samuel Carter",False
per-077,3,Dr. Olivia Nguyen,Collaboration Opportunity on Data Anonymization Initiatives,"Dear Dr. Nguyen,

Congratulations on securing the recent ARC Discovery Grant focused on enhancing data anonymization techniques in cloud environments. Your mentorship of graduate students in the Software Engineering department at Melbourne Technical Institute has been instrumental in advancing privacy research locally. I also noticed you presented your work on user-centric encryption models at the 2023 Australasian Information Security Conference in Sydney. I am currently coordinating a special issue on privacy-preserving technologies and would be honored if you could review a manuscript or consider a collaborative submission. Please let me know if you are interested and I can share further details.

Best regards,
Alex Turner",False
per-077,5,Dr. Olivia Nguyen,Collaboration Opportunity on Privacy Frameworks in IoT,"Dear Dr. Nguyen,

I have been following your impactful work, particularly your recent paper on 'Adaptive Privacy Frameworks for IoT Devices' co-authored with Dr. Liam Chen, which has sparked significant interest in the Australian cybersecurity community. Your presentation on user-centric encryption models at the 2023 Australasian Information Security Conference in Sydney was especially insightful. I also greatly admire your earlier contributions at the University of Queensland on secure software development lifecycle, as well as your recent achievement in securing the ARC Discovery Grant for data anonymization in cloud environments. Furthermore, your mentorship of graduate students at Melbourne Technical Institute has clearly advanced privacy research in the region. I am currently organizing a collaborative workshop on emerging privacy frameworks and would be honored if you could join as a panelist or reviewer. Would you be available for a brief call next week to discuss this opportunity?

Best regards,
Dr. Emily Carter
University of Wellington",False
per-078,1,Dr. Scott Murray,Collaboration Opportunity on Secure Computation Protocols,"Dear Dr. Murray,

I noticed you collaborated with Dr. Marc Tremblay on the study about secure multi-party computation protocols last year, which aligns closely with my current research interests. I am organizing a special issue on advancements in secure computation for the Journal of Applied Cryptography and would be honored if you could contribute a paper or serve as a reviewer. Please let me know if you are interested, and I can share further details about the submission process.

Best regards,
Emily Chen",False
per-078,3,Dr. Scott Murray,Invitation to Collaborate on Privacy-Focused Workshop,"Dear Dr. Murray,

I recently came across your impactful paper on 'Enhancing User Privacy in Decentralized Networks' co-authored with Dr. Emily Chen, which has sparked significant discussion in the privacy research community. Additionally, your collaboration with Dr. Marc Tremblay on secure multi-party computation protocols last year was truly impressive. Your mentorship of graduate students at Quebec Digital College, particularly in the advanced privacy and security seminar, is also highly regarded. I am organizing a workshop on emerging privacy technologies and would be honored if you could join as a panelist or reviewer. Please let me know if you are interested, and I can share further details.

Best regards,
Alexandre Dubois",False
per-078,5,Dr. Scott Murray,Collaboration Opportunity on Privacy-Preserving Machine Learning,"Dear Dr. Murray,

I was truly impressed by the recent grant you received from the Canadian Institute for Cybersecurity to explore privacy-preserving machine learning techniques. Your recent paper on 'Enhancing User Privacy in Decentralized Networks' with Dr. Emily Chen has sparked significant discussion in our research group. Additionally, your mentorship of graduate students at Quebec Digital College, particularly in the advanced privacy and security seminar, is highly regarded. I also noticed your collaboration with Dr. Marc Tremblay on secure multi-party computation protocols last year, which aligns closely with my current work. Congratulations as well on your insightful presentation at the 2023 Canadian Privacy Symposium. I am organizing a workshop on privacy-enhancing technologies and would be honored if you could review our agenda or consider joining as a panelist. Please let me know if you are interested.

Best regards,
Alexandra Kim",False
per-079,1,Dr. Haruto Tanaka,Invitation to Collaborate on Cryptographic Privacy Research,"Dear Dr. Tanaka,

I recently came across your collaboration with Dr. Emi Nakamura from Osaka Institute of Technology on secure multi-party computation protocols, which I found to be a fascinating advancement in cryptographic privacy. I am currently organizing a special issue on privacy-preserving computation for the Journal of Applied Cryptography and would be honored if you could contribute a paper or serve as a reviewer. Please let me know if you are interested, and I can provide further details about the submission process.

Best regards,
Prof. Alexei Morozov",False
per-079,3,Dr. Haruto Tanaka,Collaboration Opportunity on Privacy-Preserving IoT Research,"Dear Dr. Tanaka,

I was impressed by your recent paper on 'Enhancing User Privacy in IoT Networks through Adaptive Encryption' co-authored with Dr. Yuki Saito, which has been gaining significant attention in the privacy research community. I also noted your well-received keynote on secure data sharing at the Asia-Pacific Symposium on Privacy Enhancing Technologies in Tokyo last month. Congratulations as well on receiving the Japan Society for the Promotion of Science grant last year for your work on privacy-preserving machine learning techniques.

Given our shared interests, I would like to invite you to collaborate on a forthcoming special issue focused on advanced privacy solutions in IoT. Would you be interested in discussing potential topics or co-authoring a review article? Please let me know your availability for a brief call next week.

Best regards,
Prof. Mikael Sørensen
Department of Computer Science
Nordic Institute of Technology",False
per-079,5,Dr. Haruto Tanaka,Invitation to Collaborate on Special Issue: Advances in Privacy-Preserving Technologies,"Dear Dr. Tanaka,

I have been following your impactful work, particularly your recent paper on 'Enhancing User Privacy in IoT Networks through Adaptive Encryption' co-authored with Dr. Yuki Saito, which has sparked significant discussion in the privacy research community. Your collaboration with Dr. Emi Nakamura on secure multi-party computation protocols is a remarkable contribution to cryptographic privacy, and congratulations on your Japan Society for the Promotion of Science grant supporting privacy-preserving machine learning. I was also impressed by your keynote at the Asia-Pacific Symposium on Privacy Enhancing Technologies in Tokyo last month, and your mentorship in Kyodai Metropolitan University's graduate seminar on Privacy and Security is truly shaping future leaders. Given your expertise, I would like to invite you to contribute to a special issue on privacy-preserving technologies in the Journal of Secure Computing. If you are interested, could you please reply with your availability for a brief call to discuss potential topics?

Best regards,
Prof. Mika Yamamoto
Guest Editor, Journal of Secure Computing",False
per-080,1,Dr. Toomas Kask,Collaboration Opportunity in Estonian Information Security Research,"Dear Dr. Kask,

Having previously worked at Tallinn University of Technology before joining Tartu, your career trajectory shows a deep commitment to advancing Estonia’s information security landscape. I am currently organizing a special issue on regional cybersecurity advancements and believe your expertise would be invaluable. Would you be interested in contributing a paper or serving as a guest reviewer? Please let me know if you would like more details about this opportunity.

Best regards,
Maarja Lepp",False
per-080,3,Dr. Toomas Kask,Invitation to Collaborate on Privacy Research Workshop,"Dear Dr. Kask,

Having previously worked at Tallinn University of Technology before joining Tartu, your career trajectory shows a deep commitment to advancing Estonia’s information security landscape. Your recent paper on 'Enhancing User Privacy in Decentralized Networks' co-authored with Liis Mägi has been gaining attention in the privacy research community, and I believe your expertise would greatly enrich our upcoming workshop on privacy-preserving technologies. Given your extensive mentoring of graduate students at Tartu Institute of Computing, including supervising several theses on data anonymization techniques, your insights are invaluable. Would you be interested in joining our program committee or contributing a keynote? Please let me know if you are available for a brief call to discuss further.

Best regards,
Anna Peterson
Workshop Coordinator",False
per-080,5,Dr. Toomas Kask,Invitation to Collaborate on Special Issue: Privacy and Security in Decentralized Systems,"Dear Dr. Kask,

I have been following your recent paper on 'Enhancing User Privacy in Decentralized Networks' co-authored with Liis Mägi, which has sparked significant discussion in the privacy research community. Your keynote at the Nordic Privacy Symposium in Helsinki on 'Balancing Security and Usability in IoT Devices' was particularly insightful. I am reaching out to invite you to contribute to a special journal issue on privacy and security, as your collaboration with Jaan Tamm and your experience at both Tallinn University of Technology and Tartu Institute of Computing demonstrate your leadership in Estonia’s information security landscape. Your extensive mentoring of graduate students, especially in data anonymization, would bring a valuable perspective. Would you be interested in joining our editorial board or submitting a manuscript? Please let me know if you would like further details.",False
per-081,1,Dr. Vikram Patel,Collaboration Opportunity on Privacy-Preserving Machine Learning,"Dear Dr. Patel,

I noticed you presented your work on privacy-preserving machine learning at the 2023 IEEE Symposium on Security and Privacy in Bangalore. I am currently leading a research initiative focused on secure federated learning, and your expertise would be invaluable to our project. Would you be interested in discussing potential collaboration or co-authoring a paper for an upcoming special issue? Please let me know if you are available for a brief call next week.

Best regards,
Anjali Rao",False
per-081,3,Dr. Vikram Patel,Invitation to Collaborate on Privacy-Preserving Smart Grid Research,"Dear Dr. Patel,

I have been following your impressive work, particularly your collaboration with Dr. Ramesh Kulkarni on secure data aggregation techniques for smart grids, which is making a significant impact in the field. Congratulations as well on receiving the 2023 Indian National Science Foundation grant for your project on next-generation privacy frameworks for mobile networks. I also noticed your insightful presentation on privacy-preserving machine learning at the 2023 IEEE Symposium on Security and Privacy in Bangalore. I am currently organizing a special issue on privacy in smart infrastructure and would be honored if you could contribute a paper or serve as a reviewer. Please let me know if you are interested, and I can share further details.

Best regards,
Dr. Anjali Mehra",False
per-081,5,Dr. Vikram Patel,Invitation to Collaborate on Privacy-Preserving IoT Research,"Dear Dr. Patel,

I recently attended your presentation on privacy-preserving machine learning at the 2023 IEEE Symposium on Security and Privacy in Bangalore and was truly impressed. Congratulations as well on your 2023 Indian National Science Foundation grant for advancing privacy frameworks in mobile networks. Your impactful collaboration with Dr. Ramesh Kulkarni on secure data aggregation for smart grids and your commitment to mentoring graduate students at Mumbai Technical University are both inspiring. I also found your recent paper with Dr. Anjali Mehta on lightweight cryptographic protocols for IoT devices particularly insightful. I am currently organizing a workshop on emerging privacy solutions for IoT and would be honored if you could join as a panelist or consider a joint research proposal. Please let me know if you are interested in discussing this further.

Best regards,
Priya Sharma",False
per-082,1,Dr. Mei Ling Tan,Collaboration Opportunity on Secure Multi-Party Computation in AI,"Dear Dr. Tan,

Congratulations on securing the 2023 National Research Foundation grant for your work on secure multi-party computation in AI applications. I am currently leading a research group at the University of Munich focusing on privacy-preserving machine learning, and I believe our interests strongly align. Would you be interested in discussing a potential collaboration or joint publication in this area? Please let me know if you are available for a brief call next week.

Best regards,
Prof. Lukas Schneider",False
per-082,3,Dr. Mei Ling Tan,Invitation to Collaborate: AI Privacy Summer School Initiative,"Dear Dr. Tan,

Your collaboration with Professor Wei Zhang from the National University of Singapore on privacy-preserving algorithms highlights the strong regional network you have built in Southeast Asia. I noticed you presented at the 2023 Asia-Pacific Privacy Symposium in Tokyo, where your workshop on differential privacy techniques received excellent feedback. Given your mentorship of graduate students at the Singapore Advanced Institute, I thought you might be interested in our upcoming AI privacy summer school focused on practical security implementations. Would you be open to discussing a potential collaboration or guest lecture opportunity? Please let me know if you are available for a brief call next week.

Best regards,
Alex Chen",False
per-082,5,Dr. Mei Ling Tan,Invitation to Collaborate: AI Privacy Summer School & Decentralized Security Project,"Dear Dr. Tan,

I recently attended your workshop on differential privacy techniques at the 2023 Asia-Pacific Privacy Symposium in Tokyo and was impressed by the excellent feedback it received. Given your mentorship of graduate students at the Singapore Advanced Institute, I believe you would be interested in our upcoming AI privacy summer school, which emphasizes practical security implementations. Congratulations as well on securing the 2023 National Research Foundation grant for your pioneering work on secure multi-party computation in AI applications. Your collaboration with Professor Wei Zhang from NUS demonstrates the robust regional network you have established in Southeast Asia, and your recent paper with Dr. Arjun Rajan on 'Enhancing User Privacy in Federated Learning Systems' resonated strongly with our current research on decentralized AI security. Would you be open to a brief call next week to discuss potential collaboration and your participation in our summer school?

Best regards,

Alex Chen
AI Security Research Group",False
per-083,1,Dr. Thijs Bakker,Collaboration Opportunity on Network Anonymity Research,"Dear Dr. Bakker,

I noticed you presented your latest findings at the Privacy Enhancing Technologies Symposium last month, which sparked interesting discussions on network anonymity. I am currently coordinating a special issue on advanced privacy techniques for distributed systems and believe your expertise would be a valuable addition. Would you be interested in contributing a paper or serving as a reviewer? Please let me know if you would like more details about the submission process.

Best regards,
Anna Vermeer",False
per-083,3,Dr. Thijs Bakker,Invitation to Collaborate on Network Anonymity Research,"Dear Dr. Bakker,

I recently attended your presentation at the Privacy Enhancing Technologies Symposium last month, and the discussions you sparked on network anonymity were truly insightful. Your foundational work at Delft University of Technology on secure routing protocols clearly informs your current research at Utrecht Computing Institute, and I have been following your recent paper on 'Enhancing User Privacy in Decentralized Networks' with great interest. I am organizing a collaborative workshop focused on advancing privacy in decentralized systems and would be honored if you could join as a panelist or reviewer. Please let me know if you are interested, and I can share further details.

Best regards,
Prof. Anna Jansen",False
per-083,5,Dr. Thijs Bakker,Invitation to Collaborate on Privacy-Enhancing Network Systems Research,"Dear Dr. Bakker,

I was impressed by your presentation at the Privacy Enhancing Technologies Symposium last month, particularly the discussions you sparked on network anonymity. Congratulations as well on your recent NWO Veni grant to advance cryptographic methods for secure IoT communications. Your paper on 'Enhancing User Privacy in Decentralized Networks' with Marijke de Vries has been a valuable resource in my own research. Having followed your foundational work at Delft University of Technology on secure routing protocols, I believe your expertise would be invaluable for a collaborative project I am organizing. Given your highly regarded mentorship of master’s students in advanced privacy protocols at Utrecht Computing Institute, would you be interested in joining a virtual workshop to discuss potential joint research? Please let me know if you are available to connect.

Best regards,

[Sender Name]",False
per-084,1,Dr. Fatima Ibrahim,Collaboration Opportunity on Privacy Frameworks in Mobile Networks,"Dear Dr. Ibrahim,

I was impressed to learn about your recent grant from the Nigerian National Research Fund supporting your work on privacy frameworks tailored for local mobile networks. I am currently coordinating a special issue on emerging privacy solutions in African mobile ecosystems and believe your expertise would be invaluable. Would you be interested in contributing a paper or serving as a reviewer? Please let me know if you would like more details about this opportunity.

Best regards,
Prof. Samuel Adeyemi",False
per-084,3,Dr. Fatima Ibrahim,Collaboration Opportunity on Privacy Frameworks for African Mobile Networks,"Dear Dr. Ibrahim,

I recently came across your paper on 'Enhancing User Privacy in Mobile Applications through Adaptive Encryption,' which has been gaining significant attention in the Nigerian software security community. Congratulations as well on your upcoming workshop at Ibadan Science College focusing on secure software development for emerging African tech startups. I was also impressed to learn about your recent grant from the Nigerian National Research Fund supporting your work on privacy frameworks for local mobile networks. I am currently coordinating a special issue on privacy solutions for mobile platforms in Africa and would be honored if you could review a manuscript or consider a collaborative submission. Please let me know if you are interested in participating.

Best regards,
Prof. Samuel Adeyemi",False
per-084,5,Dr. Fatima Ibrahim,Invitation to Collaborate on Privacy Frameworks for African Mobile Networks,"Dear Dr. Ibrahim,

I have been following your impactful mentorship of graduate students in the Software Engineering department at Ibadan Science College, and it's inspiring to see your influence on the next generation of Nigerian cybersecurity experts. Your collaboration with Dr. Chinedu Okafor on privacy-preserving protocols for cloud computing, especially highlighted at last year's West African Cybersecurity Symposium, caught my attention. Additionally, your recent paper on 'Enhancing User Privacy in Mobile Applications through Adaptive Encryption' has sparked significant discussion in the Nigerian software security community. I was also impressed by your recent grant from the Nigerian National Research Fund supporting your work on privacy frameworks for local mobile networks, and congratulations on your upcoming workshop at Ibadan Science College on secure software development for African tech startups. I am currently assembling a panel for a special issue on privacy frameworks in emerging markets and would be honored if you could review a draft manuscript or consider a collaborative submission. Please let me know if you are interested and I can share further details.

Best regards,
Dr. Samuel Adeyemi",False
per-085,1,Dr. Reza Ghasemi,Collaboration Opportunity on Secure Multi-Party Computation Research,"Dear Dr. Ghasemi,

Your mentorship of graduate students at Caspian Polytechnic University, especially in guiding theses on secure multi-party computation, is commendable. I am currently coordinating a special issue on advanced cryptographic protocols and believe your expertise would greatly enrich the discussion. Would you be interested in contributing a paper or serving as a reviewer? Please let me know if you would like more details about this opportunity.",False
per-085,3,Dr. Reza Ghasemi,Collaboration Opportunity on IoT Privacy Research,"Dear Dr. Ghasemi,

I was greatly impressed by your recent paper on 'Enhancing User Privacy in IoT Networks through Adaptive Encryption' presented at the 2023 Middle East Cybersecurity Conference. Your mentorship of graduate students at Caspian Polytechnic University, particularly in guiding theses on secure multi-party computation, is truly commendable. Congratulations as well on your upcoming workshop on 'Advanced Threat Detection in Cloud Environments' at the 2024 Iranian Information Security Symposium. I am currently seeking collaborators for a special issue on privacy-preserving technologies in IoT and believe your expertise would be invaluable. Would you be interested in discussing a potential joint submission?

Best regards,
Sara Moradi",False
per-085,5,Dr. Reza Ghasemi,Collaboration Opportunity on Privacy-Enhancing Technologies,"Dear Dr. Ghasemi,

I was truly impressed by the recent grant you received from the Iranian National Science Foundation for your pioneering research on privacy-enhancing technologies, which clearly highlights your leadership in the field. Congratulations as well on your upcoming workshop on 'Advanced Threat Detection in Cloud Environments' at the 2024 Iranian Information Security Symposium. Your mentorship of graduate students at Caspian Polytechnic University, particularly in guiding theses on secure multi-party computation, is highly commendable. I have also been following your collaboration with Dr. Leila Mohammadi on privacy-preserving data sharing protocols, which has been gaining significant attention in the Iranian cybersecurity community. Additionally, your recent paper on 'Enhancing User Privacy in IoT Networks through Adaptive Encryption' presented at the 2023 Middle East Cybersecurity Conference was highly insightful.

Given our shared interests, I would like to invite you to review a draft of our upcoming paper on secure data exchange frameworks. Would you be available to provide your expert feedback?

Best regards,
Ali Rahimi",False
per-086,1,Dr. Pierre Laurent,Collaboration Inquiry on Decentralized Network Privacy,"Dear Dr. Laurent,

Your recent paper on 'Enhancing User Privacy in Decentralized Networks' co-authored with Dr. Sophie Moreau at the Paris Digital Academy was a compelling read. I am currently leading a research initiative focused on privacy-preserving protocols in distributed systems and believe your expertise would be invaluable. Would you be interested in discussing potential collaboration opportunities or co-authoring a position paper for an upcoming special issue? Please let me know if you are available for a brief call next week.",False
per-086,3,Dr. Pierre Laurent,Invitation to Collaborate on Privacy-Enhancing Technologies Workshop,"Dear Dr. Laurent,

Congratulations on securing the 2023 CNRS grant for your project on next-generation cryptographic frameworks to enhance data privacy in IoT devices. I have been following your collaboration with Dr. Julien Dubois on secure multi-party computation protocols, which has been gaining significant attention in the French cybersecurity community. Additionally, your recent paper on 'Enhancing User Privacy in Decentralized Networks' co-authored with Dr. Sophie Moreau was a compelling read and aligns closely with our current research interests. I am organizing a workshop on privacy-enhancing technologies and would be honored if you could join as a panelist or contribute a short talk. Please let me know if you are interested, and I can share further details.

Best regards,
Marie Lefevre",False
per-086,5,Dr. Pierre Laurent,Invitation to Collaborate on Privacy Engineering Workshop,"Dear Dr. Laurent,

I recently read your paper on 'Enhancing User Privacy in Decentralized Networks' co-authored with Dr. Sophie Moreau, and found your insights particularly relevant to my current research. Your dedication to mentoring graduate students in privacy engineering at Paris Digital Academy, especially through your advanced seminar series, is truly inspiring. Congratulations as well on securing the 2023 CNRS grant for your project on next-generation cryptographic frameworks for IoT devices. I also appreciated your presentation on privacy-preserving machine learning at the 2023 European Symposium on Security and Privacy in Vienna, and have been following your impactful collaboration with Dr. Julien Dubois on secure multi-party computation protocols. I am organizing a workshop on emerging trends in privacy engineering and would be honored if you could join as a panelist or suggest potential topics. Would you be available for a brief call next week to discuss this opportunity?

Best regards,
Marie Lefevre",False
per-087,1,Dr. Seo-Jun Kim,Collaboration Opportunity on Privacy-Enhancing Technologies for Smart Cities,"Dear Dr. Kim,

I was impressed to learn about your recent grant from the Korean Ministry of Science and ICT supporting research on privacy-enhancing technologies for smart cities. I am currently coordinating a special issue on this topic for the Journal of Urban Informatics and believe your expertise would be a valuable addition. Would you be interested in contributing a paper or serving as a reviewer? Please let me know if you would like more details about this opportunity.

Best regards,
Prof. Min-Jae Lee",False
per-087,3,Dr. Seo-Jun Kim,Collaboration Opportunity on Privacy-Enhancing Technologies,"Dear Dr. Kim,

Congratulations on your upcoming presentation at the Korea Information Security Workshop next month in Seoul; your talk on decentralized identity management is highly anticipated. I recently read your paper on 'Enhancing User Privacy in IoT Networks through Adaptive Encryption' and noticed it has been gaining significant attention in the privacy research community. I was also impressed to learn about your recent grant from the Korean Ministry of Science and ICT supporting research on privacy-enhancing technologies for smart cities. I am currently coordinating a special issue on privacy in smart urban environments and would be honored if you could review a manuscript or consider a collaborative submission. Please let me know if you are interested, and I can share further details.

Best regards,
Soo-Min Park
Department of Computer Science
Global Digital University",False
per-087,5,Dr. Seo-Jun Kim,Collaboration Opportunity on Privacy-Enhancing Technologies for Smart Cities,"Dear Dr. Kim,

I recently read your paper on 'Enhancing User Privacy in IoT Networks through Adaptive Encryption,' which has been generating significant interest in the privacy research community. Your mentorship of undergraduate students at Busan Science College in applied cryptography is truly inspiring, and I was particularly impressed by your recent grant from the Korean Ministry of Science and ICT supporting privacy-enhancing technologies for smart cities. I also noticed your collaboration with Dr. Min-Jae Lee and Dr. Hye-Rin Park on privacy-preserving data sharing protocols, which closely aligns with our ongoing projects. Congratulations as well on your upcoming presentation at the Korea Information Security Workshop; your insights on decentralized identity management are highly anticipated. Would you be interested in discussing a potential joint research initiative or co-authoring a paper on privacy solutions for urban IoT systems? Please let me know if you are available for a brief call next week.

Best regards,

Prof. J. Park",False
per-088,1,Dr. Lucy Pembroke,Collaboration Inquiry: Privacy Frameworks in Smart Cities,"Dear Dr. Pembroke,

I saw that your recent EPSRC grant on 'Next-Generation Privacy Frameworks for Smart Cities' was awarded this year, reflecting the impact and relevance of your research in the UK security landscape. I am currently coordinating a special issue on urban data privacy for the Journal of Secure Systems and believe your expertise would be invaluable. Would you be interested in contributing a paper or serving as a guest reviewer? Please let me know if you would like further details.

Best regards,
Anna McAllister",False
per-088,3,Dr. Lucy Pembroke,Collaboration Opportunity on Privacy-Preserving Machine Learning,"Dear Dr. Pembroke,

Congratulations on your keynote presentation at the UK Cybersecurity Symposium last month, where your insights on privacy-preserving machine learning sparked great discussions. I also noticed your collaboration with Dr. Amina Khan on the recent workshop about secure data sharing protocols at the Bristol Institute of Science, which aligns closely with my current research interests. Additionally, your role as a mentor for the Bristol Institute’s graduate privacy and security seminar series has been highly praised by students eager to deepen their understanding of cryptographic methods. I am currently organizing a special issue on privacy-preserving technologies and would be honored if you could review a manuscript or consider contributing your expertise. Please let me know if you are interested, and I can share further details.

Best regards,
Dr. Michael Evans",False
per-088,5,Dr. Lucy Pembroke,Collaboration Inquiry: Privacy Frameworks for Smart Cities,"Dear Dr. Pembroke,

I recently read your paper on 'Enhancing User Privacy in IoT Networks through Adaptive Encryption' co-authored with Dr. James Whitaker from the University of Cambridge—truly insightful work on practical security implementations. I also saw that your recent EPSRC grant on 'Next-Generation Privacy Frameworks for Smart Cities' was awarded this year, reflecting the impact and relevance of your research in the UK security landscape. Your collaboration with Dr. Amina Khan on the recent workshop about secure data sharing protocols at the Bristol Institute of Science aligns closely with my current research interests. Congratulations as well on your keynote presentation at the UK Cybersecurity Symposium last month, where your insights on privacy-preserving machine learning sparked great discussions. Additionally, your role as a mentor for the Bristol Institute’s graduate privacy and security seminar series has been highly praised by students.

Given these shared interests, I would be delighted to discuss a potential collaboration on adaptive privacy frameworks for urban IoT deployments. Would you be available for a brief call next week to explore this further?

Best regards,

[Sender Name]",False
per-089,1,Dr. Emma Janssens,Collaboration Opportunity in Belgian AI Research,"Dear Dr. Janssens,

Having previously worked at the University of Ghent before joining Leuven Computing Institute, your extensive experience in Belgian AI research is notable. I am currently organizing a special issue on advancements in AI within Belgium and believe your insights would be invaluable. Would you be interested in contributing a short perspective piece or collaborating on a joint article? Please let me know if you would like more details.

Best regards,
Prof. Lucas Vermeer",False
per-089,3,Dr. Emma Janssens,Collaboration Opportunity on Privacy-Preserving AI Research,"Dear Dr. Janssens,

Congratulations on securing the recent grant from the Flemish Research Foundation for your project on privacy-preserving AI algorithms. I have been following your mentorship of PhD candidate Sophie Verhoeven on secure multi-party computation techniques, which I find particularly relevant to current industry needs. I also noticed your insightful presentation on differential privacy at the 2023 European Symposium on Research in Computer Security in Brussels. I am currently organizing a collaborative workshop on advanced privacy methods in AI and would be honored if you could join as a panelist or contributor. Please let me know if you are interested, and I can share further details.

Best regards,
Dr. Lucas Meyer",False
per-089,5,Dr. Emma Janssens,Collaboration Inquiry: Privacy-Preserving AI Initiatives,"Dear Dr. Janssens,

Congratulations on securing the recent grant from the Flemish Research Foundation for your project on privacy-preserving AI algorithms. I have been following your mentorship of PhD candidate Sophie Verhoeven on secure multi-party computation techniques, which I believe is highly relevant to current industry needs. Your presentation on differential privacy at the 2023 European Symposium on Research in Computer Security in Brussels was particularly insightful. Given your extensive experience in Belgian AI research, including your time at the University of Ghent, and the impact of your recent paper on 'Enhancing User Privacy in Federated Learning Systems' with Dr. Pieter De Smet, I would like to discuss potential collaboration opportunities. Would you be available for a brief call next week to explore this further?",False
per-090,1,Dr. Nina Hoffman,Collaboration Opportunity on Secure Multi-Party Computation Protocols,"Dear Dr. Hoffman,

I noticed you collaborated with Dr. Anja Schmidt and Dr. Felix Braun on your latest study about secure multi-party computation protocols. I am currently organizing a special issue for the Journal of Network Security focusing on advancements in this area, and I believe your expertise would be invaluable. Would you be interested in contributing a paper or serving as a reviewer? Please let me know if you would like more details about the submission process.

Best regards,
Prof. Lukas Meyer",False
per-090,3,Dr. Nina Hoffman,Collaboration Opportunity on Privacy-Preserving Network Systems,"Dear Dr. Hoffman,

Congratulations on your upcoming presentation at the European Privacy and Security Symposium next month in Munich. I recently read your paper 'Enhancing User Privacy in Decentralized Networks' co-authored with Dr. Lukas Meier, and it has sparked significant discussion in our privacy research group. I also noticed your collaboration with Dr. Anja Schmidt and Dr. Felix Braun on secure multi-party computation protocols, which aligns closely with our current project. Would you be interested in discussing a potential joint workshop or collaborative research initiative? Please let me know if you are available for a brief call next week.

Best regards,
Prof. Martin Keller
University of Zurich",False
per-090,5,Dr. Nina Hoffman,Collaboration Opportunity on Privacy-Preserving Network Architectures,"Dear Dr. Hoffman,

I recently came across your collaboration with Dr. Anja Schmidt and Dr. Felix Braun on secure multi-party computation protocols, and I wanted to congratulate you on your upcoming presentation at the European Privacy and Security Symposium in Munich. Your recent grant from the German Research Foundation for privacy-preserving network architectures is truly impressive, and your paper 'Enhancing User Privacy in Decentralized Networks' with Dr. Lukas Meier has sparked significant discussion in the privacy community. Additionally, your mentorship of graduate students at the Berlin School of Computing is highly regarded. I am organizing a workshop on advanced privacy techniques and would be honored if you could review our agenda or consider a joint session—would you be available for a brief call next week to discuss this further?

Best regards,
Prof. Martin Keller",False
per-091,1,Dr. Noam Cohen,Collaboration Opportunity in Software Engineering Education Research,"Dear Dr. Cohen,

As a mentor for graduate students at Tel Aviv Institute of Technology, your guidance in the Software Engineering department is shaping the next generation of security experts. I am currently leading a cross-institutional study on innovative mentorship models in computer science education and would greatly value your insights. Would you be interested in a brief virtual meeting to discuss potential collaboration or co-authorship opportunities? Please let me know your availability this month.

Best regards,
Dr. Miriam Adler
University of Munich",False
per-091,3,Dr. Noam Cohen,Collaboration Opportunity on Decentralized Application Security,"Dear Dr. Cohen,

As a mentor for graduate students at Tel Aviv Institute of Technology, your guidance in the Software Engineering department is shaping the next generation of security experts. I was particularly impressed by your recent presentation at the IEEE Symposium on Security and Privacy in San Francisco, where you shared valuable insights on secure software development practices. Additionally, your recent paper on 'Enhancing User Privacy in Decentralized Applications' co-authored with Dr. Yael Levi has sparked significant discussion in the privacy community. I am currently organizing a collaborative research initiative focused on privacy-preserving techniques in decentralized systems and would be honored if you could join as a co-investigator. Would you be available for a brief call next week to discuss this potential collaboration?

Best regards,
Dr. Miriam Adler",False
per-091,5,Dr. Noam Cohen,Invitation to Collaborate on Privacy-Preserving Software Engineering Workshop,"Dear Dr. Cohen,

I have been following your impactful work, particularly your recent paper on 'Enhancing User Privacy in Decentralized Applications' co-authored with Dr. Yael Levi, which has sparked significant discussion in the privacy community. Congratulations as well on securing the Israel Science Foundation grant for advancing privacy frameworks in cloud computing environments. Your presentation at the IEEE Symposium on Security and Privacy in San Francisco on secure software development practices was truly insightful. As a mentor for graduate students at Tel Aviv Institute of Technology, your leadership is clearly shaping the future of security experts, and your collaboration with Dr. Eitan Barak on privacy-preserving algorithms is highly regarded. I am organizing a workshop on emerging trends in privacy-preserving software engineering and would be honored if you could join as a panelist or reviewer. Please let me know if you are interested, and I can share further details.",False
per-092,1,Dr. Ana Oliveira,Collaboration Opportunity on IoT Privacy Research,"Dear Dr. Oliveira,

I recently came across your paper on 'Enhancing User Privacy in IoT Networks through Adaptive Encryption' co-authored with Dr. Lucas Ferreira, and noticed it has been gaining significant attention in the Brazilian cybersecurity community. I am currently organizing a special issue on IoT privacy for the Journal of Advanced Cybersecurity and believe your expertise would be invaluable. Would you be interested in contributing an extended version of your work or collaborating on a new manuscript? Please let me know if you are available to discuss this further.

Best regards,
Prof. Mariana Costa",False
per-092,3,Dr. Ana Oliveira,Invitation to Collaborate on Privacy Frameworks in Smart Cities,"Dear Dr. Oliveira,

Congratulations on securing the São Paulo Research Foundation grant for your project on decentralized privacy frameworks in smart cities. Having collaborated extensively with eleven co-authors, including Dr. Mariana Costa and Dr. Rafael Souza, your network within Brazil’s privacy research community is impressive. Your recent paper on 'Enhancing User Privacy in IoT Networks through Adaptive Encryption' co-authored with Dr. Lucas Ferreira has been gaining attention in the Brazilian cybersecurity community. I am currently organizing a workshop on privacy-preserving technologies in urban environments and would be honored if you could join as a panelist or suggest potential topics. Please let me know if you are interested in participating or would like more details.

Best regards,
Prof. Eduardo Martins",False
per-092,5,Dr. Ana Oliveira,Invitation to Collaborate on Privacy-Preserving IoT Research Initiative,"Dear Dr. Oliveira,

I have been following your impactful work, particularly your collaborations with Dr. Mariana Costa and Dr. Rafael Souza, which highlight your strong network within Brazil’s privacy research community. Your recent paper on 'Enhancing User Privacy in IoT Networks through Adaptive Encryption' with Dr. Lucas Ferreira has sparked significant interest, and congratulations are in order for your São Paulo Research Foundation grant on decentralized privacy frameworks in smart cities. I was also impressed by your presentation at the Latin American Symposium on Information Security in Rio de Janeiro and your mentorship of graduate students in the advanced privacy and security seminar series at the Sao Paulo Technical Institute. Given our shared interests, I would like to invite you to join a collaborative workshop on privacy-preserving technologies in IoT. If you are interested, could you please reply with your availability for a brief call next week?

Best regards,
Prof. Eduardo Mendes",False
per-093,1,Dr. Omar Al Rashid,Collaboration Inquiry on IoT Privacy Research,"Dear Dr. Al Rashid,

Your recent paper on 'Enhancing IoT Privacy through Lightweight Cryptographic Protocols' co-authored with Fatima Al Mazrouei was a compelling read in the latest issue of the Journal of Cybersecurity. I am currently leading a research initiative focused on secure IoT deployments in smart cities and believe your expertise would be invaluable. Would you be interested in discussing potential collaboration opportunities or co-authoring a review article on emerging cryptographic solutions for IoT? Please let me know if you are available for a brief call next week.

Best regards,
Prof. Lina Haddad",False
per-093,3,Dr. Omar Al Rashid,Collaboration Opportunity on IoT Privacy Research,"Dear Dr. Al Rashid,

I recently came across your collaboration with Dr. Saeed Al Hammadi on privacy-preserving data aggregation techniques at the Middle East Security Symposium, and I was truly impressed by your innovative approach. Your recent paper on 'Enhancing IoT Privacy through Lightweight Cryptographic Protocols' with Fatima Al Mazrouei was also a compelling read in the Journal of Cybersecurity. Congratulations as well on your upcoming workshop on 'Emerging Threats in Cloud Security' at the Gulf Information Security Conference in Dubai this November. I am currently seeking collaborators for a special issue on IoT privacy in the International Journal of Secure Computing and believe your expertise would be invaluable. Would you be interested in discussing a potential joint submission?

Best regards,
Dr. Lina Hassan",False
per-093,5,Dr. Omar Al Rashid,Collaboration Inquiry: Joint Research on Cloud Security and IoT Privacy,"Dear Dr. Al Rashid,

Congratulations on your upcoming workshop on 'Emerging Threats in Cloud Security' at the Gulf Information Security Conference in Dubai this November. I recently read your paper on 'Enhancing IoT Privacy through Lightweight Cryptographic Protocols' co-authored with Fatima Al Mazrouei in the Journal of Cybersecurity and found your approach highly innovative. Your recent grant from the UAE Research Program for Advanced Cybersecurity to study privacy in smart city infrastructures is truly impressive. I also appreciated your collaboration with Dr. Saeed Al Hammadi on privacy-preserving data aggregation techniques at the Middle East Security Symposium last year. Your mentorship of graduate students at Abu Dhabi Polytechnic, particularly in secure communication protocols, is well recognized.

I am currently seeking collaborators for a special issue on cloud and IoT security and would be honored if you could join as a co-editor or contribute a paper. Would you be available for a brief call next week to discuss this opportunity?

Best regards,
Dr. Lina Qureshi
Department of Computer Science
Global Institute of Technology",False
per-094,1,Dr. Sarah Park,Collaboration Opportunity on Mobile Security Research,"Dear Dr. Park,

I heard your graduate seminar on emerging threats in mobile security at Coastal Research University was very well received by students. I am currently organizing a special issue on mobile security challenges for the Journal of Information Science and would be honored if you could contribute an article or serve as a peer reviewer. Your expertise would greatly enhance the quality of this publication. Please let me know if you are interested, and I can provide further details.

Best regards,
Alex Kim",False
per-094,3,Dr. Sarah Park,Invitation to Collaborate on Smart City Privacy Workshop,"Dear Dr. Park,

Congratulations on securing the NSF grant for your project on enhancing privacy in smart city infrastructures this year. I recently heard that your graduate seminar on emerging threats in mobile security at Coastal Research University was very well received by students, and I am impressed by your collaboration with Dr. Emily Rodriguez on differential privacy techniques for healthcare data. I am organizing a workshop focused on privacy challenges in urban environments and would be honored if you could join as a panelist or contribute a short paper. Please let me know if you are interested, and I can share further details.

Best regards,
Alex Kim",False
per-094,5,Dr. Sarah Park,Invitation to Collaborate on Special Issue: Advances in Privacy for IoT and Smart Cities,"Dear Dr. Park,

I have been following your impactful work, especially your recent paper on 'Adaptive Privacy Frameworks for IoT Devices' co-authored with Dr. Michael Chen, which has sparked significant discussion in the privacy community. Your graduate seminar on emerging threats in mobile security at Coastal Research University was highly praised, and your collaboration with Dr. Emily Rodriguez on differential privacy techniques for healthcare data is truly inspiring. Congratulations as well on securing the NSF grant for your smart city privacy project this year. I also enjoyed your presentation on user-centric security models at the 2024 Privacy and Security Symposium in San Francisco. I am currently guest editing a special issue on privacy in IoT and smart cities, and I would be honored if you could contribute a paper or serve as a reviewer. Please let me know if you are interested, and I can share further details.

Best regards,
Alex Kim
Guest Editor, Journal of Emerging Privacy Technologies",False
per-095,1,Dr. Nils Soderberg,Collaboration Inquiry on Privacy-Enhanced Machine Learning,"Dear Dr. Soderberg,

Congratulations on securing the Swedish Research Council grant for your project on privacy-enhanced machine learning models at Uppsala Computing Center. I am currently leading a research group at the Technical University of Munich focusing on secure federated learning, and I believe our interests strongly align. Would you be open to a brief call next week to discuss potential avenues for collaboration? Please let me know your availability.

Best regards,
Prof. Markus Klein",False
per-095,3,Dr. Nils Soderberg,Invitation to Collaborate on Privacy-Enhanced Machine Learning Workshop,"Dear Dr. Soderberg,

Congratulations on securing the Swedish Research Council grant for your project on privacy-enhanced machine learning models at Uppsala Computing Center. I have been following your collaboration with Mikael Johansson on secure multi-party computation protocols, which I find to be a fascinating contribution to the field of privacy-preserving technologies. Additionally, your recent paper on 'Enhancing User Privacy in IoT Networks through Adaptive Encryption' co-authored with Anna Lindström has been gaining significant attention in the privacy community. I am organizing a workshop on advanced privacy techniques and would be honored if you could join as a panelist or consider a joint research proposal. Could we schedule a brief call next week to discuss potential collaboration opportunities?",False
per-095,5,Dr. Nils Soderberg,Invitation to Collaborate on Privacy-Preserving IoT Research,"Dear Dr. Soderberg,

I have been following your recent paper on 'Enhancing User Privacy in IoT Networks through Adaptive Encryption' co-authored with Anna Lindström, which has sparked significant interest in the privacy community. Your presentation on decentralized identity management at the Nordic Security Symposium in Stockholm last month was particularly insightful, and I heard your graduate seminar on 'Emerging Threats in Cybersecurity' at Uppsala University was highly praised. Additionally, your collaboration with Mikael Johansson on secure multi-party computation protocols stands out as a key advancement in privacy-preserving technologies. Congratulations as well on securing the Swedish Research Council grant for your project on privacy-enhanced machine learning models at Uppsala Computing Center. I am currently organizing a special issue on privacy in IoT for the Journal of Secure Computing and would be honored if you could contribute a paper or serve as a reviewer. Please let me know if you are interested in participating.

Best regards,

Prof. Erik Lundqvist
Department of Computer Science
Lund Institute of Technology",False
per-096,1,Dr. Jack O'Brien,Collaboration Opportunity on Secure Data Sharing Protocols,"Dear Dr. O'Brien,

I saw that you recently received a grant from the Australian Research Council to study secure data sharing protocols in decentralized networks. Your expertise in this area aligns closely with a project my team is developing on privacy-preserving AI systems. I would be very interested in discussing potential collaboration opportunities or joint workshops. Would you be available for a brief call next week to explore this further?

Best regards,
Emily Chen",False
per-096,3,Dr. Jack O'Brien,Invitation to Collaborate on Privacy-Preserving AI Workshop,"Dear Dr. O'Brien,

Your mentorship of graduate students at Brisbane Science Academy, especially in the new privacy-preserving AI course, is highly commendable. I saw that you recently received a grant from the Australian Research Council to study secure data sharing protocols in decentralized networks, which aligns closely with our upcoming workshop on privacy-preserving technologies. I also noticed you recently collaborated with Dr. Liam Patel on improving differential privacy techniques for mobile applications, and we believe your insights would be invaluable. Would you be interested in joining our program committee or contributing a keynote? Please let me know if you are available for a brief call to discuss further.

Best regards,
Dr. Emily Chen
Workshop Coordinator",False
per-096,5,Dr. Jack O'Brien,Collaboration Opportunity on Privacy-Preserving AI Research,"Dear Dr. O'Brien,

I recently came across your collaboration with Dr. Liam Patel on improving differential privacy techniques for mobile applications, and I was truly impressed by your innovative approach. Your mentorship of graduate students at Brisbane Science Academy, particularly in the new privacy-preserving AI course, is highly commendable. Additionally, your recent paper on 'Enhancing User Privacy in Federated Learning Systems' with Dr. Emily Chen has sparked significant discussion in the AI privacy community. I also noticed your recent grant from the Australian Research Council to study secure data sharing protocols in decentralized networks, which aligns closely with my current research interests. Congratulations as well on your upcoming presentation at the Australasian Conference on Information Security and Privacy in Sydney next month. I would be delighted to discuss a potential collaboration or co-authoring a workshop proposal—would you be available for a brief call next week?

Best regards,
Dr. Sarah Lin",False
per-097,1,Dr. Heather Campbell,Collaboration Opportunity on IoT Privacy Initiatives,"Dear Dr. Campbell,

Congratulations on securing the recent NSERC grant focused on advancing privacy solutions for IoT devices, which aligns well with your research trajectory. I am currently leading a multi-institutional project examining scalable privacy frameworks for networked systems, and I believe your expertise would be invaluable to our efforts. Would you be open to a brief call next week to discuss potential avenues for collaboration?

Best regards,
Dr. Alex Morgan
University of Edinburgh",False
per-097,3,Dr. Heather Campbell,Invitation to Collaborate on Privacy-Preserving Network Systems Research,"Dear Dr. Campbell,

I was impressed by your collaboration with Dr. Aisha Patel from the University of Toronto on secure data sharing frameworks, which demonstrates your strong network within Canadian institutions. Your recent paper on 'Enhancing User Privacy in Decentralized Networks' co-authored with Dr. Michael Chen has been gaining significant attention in the privacy community. Additionally, your presentation at the 2023 Canadian Cybersecurity Conference on privacy-preserving protocols was very well received. I am currently organizing a special issue on advanced privacy techniques in network systems and would be honored if you could contribute or serve as a reviewer. Please let me know if you are interested, and I can share further details.

Best regards,
Alex Morgan",False
per-097,5,Dr. Heather Campbell,Collaboration Opportunity on IoT Privacy Solutions,"Dear Dr. Campbell,

Congratulations on securing the recent NSERC grant focused on advancing privacy solutions for IoT devices, which aligns well with your research trajectory. I greatly admire your commitment to mentoring graduate students in Network Systems, especially your recent workshop on privacy threat modeling at Ontario Institute of Technology. Your collaboration with Dr. Aisha Patel from the University of Toronto on secure data sharing frameworks highlights your strong network within Canadian institutions. I was particularly impressed by your recent paper on 'Enhancing User Privacy in Decentralized Networks' co-authored with Dr. Michael Chen, which has been gaining attention in the privacy community. Additionally, your presentation at the 2023 Canadian Cybersecurity Conference on privacy-preserving protocols was very well received.

Given our shared interests, I would like to invite you to review a draft manuscript on IoT privacy frameworks for an upcoming special issue. Would you be available to provide your expert feedback?

Best regards,
Dr. Emily Foster
University of British Columbia",False
per-098,1,Dr. Yuki Nakamura,Collaboration Opportunity on Privacy-Preserving Machine Learning,"Dear Dr. Nakamura,

I noticed you presented your latest findings on privacy-preserving machine learning at the 2023 Asia-Pacific Security Symposium in Tokyo. I am currently coordinating a special issue on secure software engineering for the Journal of Applied Computing and believe your expertise would be a valuable addition. Would you be interested in contributing a manuscript or serving as a reviewer? Please let me know if you would like more details about this opportunity.",False
per-098,3,Dr. Yuki Nakamura,Invitation to Collaborate on Privacy-Focused Software Engineering Workshop,"Dear Dr. Nakamura,

I recently heard that your graduate seminar on 'Advanced Cryptographic Protocols for Privacy' at Osaka Advanced Institute received excellent feedback from students this semester. Congratulations as well on securing the JSPS KAKENHI grant for your project on next-generation privacy frameworks in distributed systems. Your collaboration with Dr. Aiko Tanaka on secure software development practices has been making significant waves in the Japanese software engineering community. Given your expertise, I would like to invite you to co-organize a workshop on privacy-preserving software engineering at our upcoming international symposium. If you are interested, could we schedule a brief call to discuss potential topics and logistics?

Best regards,
Prof. Kenji Sato",False
per-098,5,Dr. Yuki Nakamura,Invitation to Collaborate on Privacy-Preserving Software Engineering Workshop,"Dear Dr. Nakamura,

I recently had the pleasure of reading your paper on 'Enhancing User Privacy in Decentralized IoT Networks' co-authored with Dr. Kenji Saito, and I was truly impressed by your innovative approach. Congratulations as well on securing the JSPS KAKENHI grant for your project on next-generation privacy frameworks in distributed systems. Your collaboration with Dr. Aiko Tanaka has been making significant waves in the Japanese software engineering community, and your presentation at the 2023 Asia-Pacific Security Symposium in Tokyo was highly insightful. I also heard excellent feedback from students regarding your graduate seminar on 'Advanced Cryptographic Protocols for Privacy' at Osaka Advanced Institute. Given your expertise, I would like to invite you to join a collaborative workshop on privacy-preserving software engineering; would you be interested in discussing this further?

Best regards,
Prof. Mikael Johansson",False
per-099,1,Dr. Anya Petrova,Collaboration Opportunity on Secure IoT Data Sharing,"Dear Dr. Petrova,

Congratulations on securing the Estonian Research Council grant for your project on secure data sharing in IoT environments. I am currently leading a research group at the Nordic Institute of Technology focusing on privacy-preserving protocols for IoT devices, and I believe our work aligns closely. Would you be interested in discussing potential collaboration or co-authoring a paper for the upcoming IEEE IoT Symposium? Please let me know if you are available for a brief call next week.

Best regards,
Marek Lindström",False
per-099,3,Dr. Anya Petrova,Invitation to Collaborate on Privacy Research Workshop,"Dear Dr. Petrova,

I have been following your mentorship of graduate students at the Baltic Science Academy, particularly your leadership in the Privacy and Security seminar series, with great interest. Your recent paper on 'Enhancing User Privacy in Decentralized Networks' with Jaan Tamm has sparked valuable discussions within the Baltic cybersecurity community. Given your extensive collaborations with experts like Maarika Lepp from Tallinn University, I believe your insights would be invaluable for an upcoming workshop on privacy-preserving technologies. Would you be interested in joining our program committee or contributing a keynote? Please let me know if you would like more details.

Best regards,

[Sender Name]",False
per-099,5,Dr. Anya Petrova,Invitation to Collaborate on Privacy-Preserving IoT Research Initiative,"Dear Dr. Petrova,

I have been following your impactful mentorship of graduate students at the Baltic Science Academy, particularly through the Privacy and Security seminar series. Your recent paper on 'Enhancing User Privacy in Decentralized Networks' with Jaan Tamm has sparked significant discussion in the Baltic cybersecurity community. Congratulations as well on your Estonian Research Council grant for secure data sharing in IoT environments. I was especially impressed by your presentation on privacy-preserving protocols at the 2024 Nordic Security Symposium in Helsinki. Given your extensive collaborations with experts like Maarika Lepp from Tallinn University, I believe your expertise would be invaluable for a new cross-institutional research project on privacy in IoT. Would you be open to a brief call next week to discuss potential collaboration?

Best regards,

[Sender Name]",False
per-100,1,Dr. Ananya Sharma,Collaboration Opportunity on Privacy-Focused Cybersecurity Curriculum,"Dear Dr. Sharma,

Your ongoing mentorship of graduate students at Bengaluru Institute of Science, especially in the new privacy-focused cybersecurity course, is shaping the next generation of security experts. I am currently coordinating a multi-institutional research project on innovative approaches to cybersecurity education and would greatly value your insights. Would you be interested in a brief virtual meeting to discuss potential collaboration and share best practices? Please let me know your availability.

Best regards,
Priya Menon",False
per-100,3,Dr. Ananya Sharma,Collaboration Opportunity on Privacy-Aware Machine Learning Initiatives,"Dear Dr. Sharma,

I was truly impressed by your recent grant from the Department of Science and Technology for your project on 'Privacy-Aware Machine Learning Models'—it’s clear your work is pivotal in India’s tech ecosystem. Your mentorship of graduate students at Bengaluru Institute of Science, particularly through the new privacy-focused cybersecurity course, is shaping future security leaders. Congratulations as well on your keynote at the 2023 International Conference on Privacy Engineering in Mumbai; your insights on differential privacy in mobile computing were inspiring. I am currently organizing a special issue on privacy-preserving AI for the Journal of Secure Computing and would be honored if you could contribute a paper or serve as a reviewer. Please let me know if you are interested, and I can share further details.

Best regards,
Priya Menon
Guest Editor, Journal of Secure Computing",False
per-100,5,Dr. Ananya Sharma,Collaboration Opportunity on Privacy-Preserving IoT Research,"Dear Dr. Sharma,

I recently read your paper on 'Enhancing User Privacy in IoT Networks through Adaptive Encryption' co-authored with Dr. Rohan Mehta, and was truly impressed by your innovative approach to lightweight security protocols. Congratulations as well on your keynote at the 2023 International Conference on Privacy Engineering in Mumbai—your insights on differential privacy in mobile computing were particularly compelling. Your mentorship of graduate students at Bengaluru Institute of Science, especially in the new privacy-focused cybersecurity course, is clearly shaping future security leaders. The recent grant you received from the Department of Science and Technology for your project on 'Privacy-Aware Machine Learning Models' further underscores the impact of your work. I also noticed your collaboration with Dr. Priya Nair from IIT Madras on secure multi-party computation, which aligns closely with my current research interests.

I am reaching out to explore the possibility of co-authoring a review paper on emerging trends in privacy-preserving data analytics for an upcoming special issue. Would you be interested in discussing this further?

Best regards,

[Sender Name]",False
